# Asura Explorer export — Strippedhomerball
mtllib homerball.mtl
v 0.000000 0.798828 0.000000
v 0.109375 0.791016 0.000000
v 0.033203 0.791016 -0.104492
v 0.217773 0.768555 0.000000
v 0.144531 0.778320 -0.104492
v 0.067383 0.768555 -0.207031
v 0.217773 0.768555 0.000000
v 0.322266 0.730469 0.000000
v 0.253906 0.750000 -0.105469
v 0.144531 0.778320 -0.104492
v 0.178711 0.750000 -0.208008
v 0.067383 0.768555 -0.207031
v 0.099609 0.730469 -0.305664
v 0.419922 0.679688 0.000000
v 0.358398 0.706055 -0.105469
v 0.289062 0.714844 -0.209961
v 0.211914 0.706055 -0.308594
v 0.128906 0.679688 -0.399414
v 0.509766 0.615234 0.000000
v 0.457031 0.645508 -0.106445
v 0.394531 0.661133 -0.210938
v 0.322266 0.661133 -0.309570
v 0.242188 0.645508 -0.402344
v 0.157227 0.615234 -0.484375
v 0.509766 0.615234 0.000000
v 0.589844 0.539062 0.000000
v 0.547852 0.571289 -0.106445
v 0.547852 0.571289 -0.106445
v 0.493164 0.590820 -0.210938
v 0.427734 0.597656 -0.310547
v 0.353516 0.590820 -0.403320
v 0.270508 0.571289 -0.487305
v 0.181641 0.539062 -0.560547
v 0.658203 0.452148 0.000000
v 0.626953 0.483398 -0.105469
v 0.582031 0.504883 -0.209961
v 0.582031 0.504883 -0.209961
v 0.525391 0.515625 -0.309570
v 0.457031 0.515625 -0.403320
v 0.379883 0.504883 -0.488281
v 0.294922 0.483398 -0.563477
v 0.203125 0.452148 -0.625977
v 0.714844 0.357422 0.000000
v 0.692383 0.383789 -0.104492
v 0.657227 0.403320 -0.207031
v 0.609375 0.416016 -0.305664
v 0.609375 0.416016 -0.305664
v 0.549805 0.419922 -0.399414
v 0.479492 0.416016 -0.484375
v 0.400391 0.403320 -0.560547
v 0.313477 0.383789 -0.625977
v 0.220703 0.357422 -0.679688
v -0.088867 0.791016 -0.064453
v -0.054688 0.778320 -0.169922
v -0.175781 0.768555 -0.127930
v -0.021484 0.750000 -0.273438
v -0.054688 0.778320 -0.169922
v -0.142578 0.750000 -0.234375
v -0.175781 0.768555 -0.127930
v -0.260742 0.730469 -0.189453
v 0.009766 0.706055 -0.374023
v -0.110352 0.714844 -0.339844
v -0.227539 0.706055 -0.296875
v -0.339844 0.679688 -0.246094
v 0.039062 0.645508 -0.467773
v -0.078125 0.661133 -0.440430
v -0.195312 0.661133 -0.402344
v -0.307617 0.645508 -0.355469
v -0.412109 0.615234 -0.298828
v 0.067383 0.571289 -0.553711
v -0.047852 0.590820 -0.534180
v -0.163086 0.597656 -0.502930
v -0.274414 0.590820 -0.460938
v -0.379883 0.571289 -0.408203
v -0.476562 0.539062 -0.346680
v 0.091797 0.483398 -0.628906
v -0.019531 0.504883 -0.618164
v -0.132812 0.515625 -0.594727
v -0.242188 0.515625 -0.559570
v -0.346680 0.504883 -0.512695
v -0.444336 0.483398 -0.454102
v -0.532227 0.452148 -0.386719
v 0.114258 0.383789 -0.690430
v 0.004883 0.403320 -0.689453
v -0.102539 0.416016 -0.673828
v -0.209961 0.419922 -0.646484
v -0.312500 0.416016 -0.605469
v -0.409180 0.403320 -0.553711
v -0.498047 0.383789 -0.491211
v -0.578125 0.357422 -0.419922
v -0.088867 0.791016 0.064453
v -0.178711 0.778320 0.000000
v -0.175781 0.768555 0.127930
v -0.267578 0.750000 -0.063477
v -0.175781 0.768555 -0.127930
v -0.267578 0.750000 -0.063477
v -0.178711 0.778320 0.000000
v -0.267578 0.750000 0.063477
v -0.175781 0.768555 0.127930
v -0.260742 0.730469 0.189453
v -0.352539 0.706055 -0.125000
v -0.352539 0.706055 -0.125000
v -0.357422 0.714844 0.000000
v -0.352539 0.706055 0.125000
v -0.339844 0.679688 0.246094
v -0.432617 0.645508 -0.182617
v -0.443359 0.661133 -0.060547
v -0.443359 0.661133 -0.060547
v -0.443359 0.661133 0.060547
v -0.432617 0.645508 0.182617
v -0.412109 0.615234 0.298828
v -0.505859 0.571289 -0.235352
v -0.523438 0.590820 -0.118164
v -0.523438 0.590820 -0.118164
v -0.529297 0.597656 0.000000
v -0.523438 0.590820 0.118164
v -0.505859 0.571289 0.235352
v -0.476562 0.539062 0.346680
v -0.569336 0.483398 -0.282227
v -0.594727 0.504883 -0.171875
v -0.523438 0.590820 -0.118164
v -0.594727 0.504883 -0.171875
v -0.607422 0.515625 -0.057617
v -0.529297 0.597656 0.000000
v -0.607422 0.515625 0.057617
v -0.523438 0.590820 0.118164
v -0.594727 0.504883 0.171875
v -0.505859 0.571289 0.235352
v -0.569336 0.483398 0.282227
v -0.569336 0.483398 0.282227
v -0.532227 0.452148 0.386719
v -0.622070 0.383789 -0.322266
v -0.653320 0.403320 -0.217773
v -0.653320 0.403320 -0.217773
v -0.672852 0.416016 -0.109375
v -0.679688 0.419922 0.000000
v -0.672852 0.416016 0.109375
v -0.653320 0.403320 0.217773
v -0.622070 0.383789 0.322266
v -0.622070 0.383789 0.322266
v -0.578125 0.357422 0.419922
v 0.033203 0.791016 0.104492
v -0.054688 0.778320 0.169922
v 0.067383 0.768555 0.207031
v -0.142578 0.750000 0.234375
v -0.054688 0.778320 0.169922
v -0.021484 0.750000 0.273438
v 0.067383 0.768555 0.207031
v 0.099609 0.730469 0.305664
v -0.227539 0.706055 0.296875
v -0.110352 0.714844 0.339844
v 0.009766 0.706055 0.374023
v 0.128906 0.679688 0.399414
v -0.307617 0.645508 0.355469
v -0.195312 0.661133 0.402344
v -0.078125 0.661133 0.440430
v 0.039062 0.645508 0.467773
v 0.157227 0.615234 0.484375
v -0.379883 0.571289 0.408203
v -0.274414 0.590820 0.460938
v -0.163086 0.597656 0.502930
v -0.047852 0.590820 0.534180
v 0.067383 0.571289 0.553711
v 0.181641 0.539062 0.560547
v -0.444336 0.483398 0.454102
v -0.346680 0.504883 0.512695
v -0.242188 0.515625 0.559570
v -0.132812 0.515625 0.594727
v -0.019531 0.504883 0.618164
v 0.091797 0.483398 0.628906
v 0.203125 0.452148 0.625977
v -0.498047 0.383789 0.491211
v -0.409180 0.403320 0.553711
v -0.312500 0.416016 0.605469
v -0.209961 0.419922 0.646484
v -0.102539 0.416016 0.673828
v 0.004883 0.403320 0.689453
v 0.114258 0.383789 0.690430
v 0.220703 0.357422 0.679688
v 0.144531 0.778320 0.104492
v 0.178711 0.750000 0.208008
v 0.144531 0.778320 0.104492
v 0.253906 0.750000 0.105469
v 0.211914 0.706055 0.308594
v 0.289062 0.714844 0.209961
v 0.358398 0.706055 0.105469
v 0.242188 0.645508 0.402344
v 0.322266 0.661133 0.309570
v 0.394531 0.661133 0.210938
v 0.457031 0.645508 0.106445
v 0.270508 0.571289 0.487305
v 0.353516 0.590820 0.403320
v 0.427734 0.597656 0.310547
v 0.493164 0.590820 0.210938
v 0.547852 0.571289 0.106445
v 0.547852 0.571289 0.106445
v 0.294922 0.483398 0.563477
v 0.379883 0.504883 0.488281
v 0.457031 0.515625 0.403320
v 0.525391 0.515625 0.309570
v 0.582031 0.504883 0.209961
v 0.582031 0.504883 0.209961
v 0.626953 0.483398 0.105469
v 0.313477 0.383789 0.625977
v 0.400391 0.403320 0.560547
v 0.479492 0.416016 0.484375
v 0.549805 0.419922 0.399414
v 0.609375 0.416016 0.305664
v 0.609375 0.416016 0.305664
v 0.657227 0.403320 0.207031
v 0.692383 0.383789 0.104492
v 0.747070 0.273438 0.064453
v 0.747070 0.273438 -0.064453
v 0.766602 0.185547 0.127930
v 0.776367 0.187500 0.000000
v 0.766602 0.185547 -0.127930
v 0.766602 0.185547 0.127930
v 0.770508 0.093750 0.189453
v 0.790039 0.095703 0.063477
v 0.776367 0.187500 0.000000
v 0.790039 0.095703 -0.063477
v 0.766602 0.185547 -0.127930
v 0.770508 0.093750 -0.189453
v 0.770508 0.093750 0.189453
v 0.759766 0.000000 0.246094
v 0.789062 0.000000 0.125000
v 0.790039 0.095703 0.063477
v 0.798828 0.000000 0.000000
v 0.790039 0.095703 -0.063477
v 0.789062 0.000000 -0.125000
v 0.770508 0.093750 -0.189453
v 0.770508 0.093750 -0.189453
v 0.789062 0.000000 -0.125000
v 0.759766 0.000000 -0.246094
v 0.734375 -0.093750 0.298828
v 0.771484 -0.097656 0.182617
v 0.790039 -0.100586 0.060547
v 0.790039 -0.100586 -0.060547
v 0.771484 -0.097656 -0.182617
v 0.771484 -0.097656 -0.182617
v 0.734375 -0.093750 -0.298828
v 0.734375 -0.093750 0.298828
v 0.695312 -0.185547 0.346680
v 0.737305 -0.196289 0.235352
v 0.771484 -0.097656 0.182617
v 0.762695 -0.203125 0.118164
v 0.790039 -0.100586 0.060547
v 0.771484 -0.206055 0.000000
v 0.790039 -0.100586 -0.060547
v 0.762695 -0.203125 -0.118164
v 0.771484 -0.097656 -0.182617
v 0.737305 -0.196289 -0.235352
v 0.734375 -0.093750 -0.298828
v 0.695312 -0.185547 -0.346680
v 0.642578 -0.273438 0.386719
v 0.687500 -0.292969 0.282227
v 0.717773 -0.305664 0.171875
v 0.732422 -0.312500 0.057617
v 0.732422 -0.312500 -0.057617
v 0.717773 -0.305664 -0.171875
v 0.687500 -0.292969 -0.282227
v 0.642578 -0.273438 -0.386719
v 0.578125 -0.357422 0.419922
v 0.622070 -0.383789 0.322266
v 0.653320 -0.403320 0.217773
v 0.672852 -0.416016 0.109375
v 0.679688 -0.419922 0.000000
v 0.672852 -0.416016 -0.109375
v 0.653320 -0.403320 -0.217773
v 0.622070 -0.383789 -0.322266
v 0.578125 -0.357422 -0.419922
v 0.291992 0.273438 -0.690430
v 0.168945 0.273438 -0.730469
v 0.358398 0.185547 -0.689453
v 0.239258 0.187500 -0.738281
v 0.114258 0.185547 -0.768555
v 0.417969 0.093750 -0.673828
v 0.304688 0.095703 -0.732422
v 0.183594 0.095703 -0.771484
v 0.057617 0.093750 -0.791016
v 0.417969 0.093750 -0.673828
v 0.469727 0.000000 -0.646484
v 0.362305 0.000000 -0.711914
v 0.304688 0.095703 -0.732422
v 0.246094 0.000000 -0.759766
v 0.183594 0.095703 -0.771484
v 0.125000 0.000000 -0.789062
v 0.057617 0.093750 -0.791016
v 0.000000 0.000000 -0.798828
v 0.511719 -0.093750 -0.605469
v 0.412109 -0.097656 -0.676758
v 0.301758 -0.100586 -0.732422
v 0.185547 -0.100586 -0.770508
v 0.064453 -0.097656 -0.790039
v -0.057617 -0.093750 -0.791016
v 0.511719 -0.093750 -0.605469
v 0.543945 -0.185547 -0.553711
v 0.451172 -0.196289 -0.628906
v 0.412109 -0.097656 -0.676758
v 0.348633 -0.203125 -0.688477
v 0.301758 -0.100586 -0.732422
v 0.238281 -0.206055 -0.734375
v 0.185547 -0.100586 -0.770508
v 0.122070 -0.203125 -0.762695
v 0.064453 -0.097656 -0.790039
v 0.003906 -0.196289 -0.774414
v -0.057617 -0.093750 -0.791016
v -0.114258 -0.185547 -0.768555
v 0.566406 -0.273438 -0.491211
v 0.480469 -0.292969 -0.566406
v 0.384766 -0.305664 -0.628906
v 0.281250 -0.312500 -0.678711
v 0.170898 -0.312500 -0.714844
v 0.057617 -0.305664 -0.735352
v -0.055664 -0.292969 -0.741211
v -0.168945 -0.273438 -0.730469
v 0.498047 -0.383789 -0.491211
v 0.409180 -0.403320 -0.553711
v 0.312500 -0.416016 -0.605469
v 0.209961 -0.419922 -0.646484
v 0.102539 -0.416016 -0.673828
v -0.004883 -0.403320 -0.689453
v -0.114258 -0.383789 -0.690430
v -0.220703 -0.357422 -0.679688
v -0.566406 0.273438 -0.491211
v -0.642578 0.273438 -0.386719
v -0.543945 0.185547 -0.553711
v -0.627930 0.187500 -0.456055
v -0.695312 0.185547 -0.346680
v -0.511719 0.093750 -0.605469
v -0.601562 0.095703 -0.515625
v -0.676758 0.095703 -0.413086
v -0.734375 0.093750 -0.298828
v -0.511719 0.093750 -0.605469
v -0.469727 0.000000 -0.646484
v -0.564453 0.000000 -0.564453
v -0.601562 0.095703 -0.515625
v -0.646484 0.000000 -0.469727
v -0.676758 0.095703 -0.413086
v -0.711914 0.000000 -0.362305
v -0.734375 0.093750 -0.298828
v -0.759766 0.000000 -0.246094
v -0.417969 -0.093750 -0.673828
v -0.516602 -0.097656 -0.600586
v -0.602539 -0.100586 -0.513672
v -0.674805 -0.100586 -0.414062
v -0.731445 -0.097656 -0.305664
v -0.770508 -0.093750 -0.189453
v -0.417969 -0.093750 -0.673828
v -0.358398 -0.185547 -0.689453
v -0.458008 -0.196289 -0.624023
v -0.516602 -0.097656 -0.600586
v -0.546875 -0.203125 -0.544922
v -0.602539 -0.100586 -0.513672
v -0.624023 -0.206055 -0.453125
v -0.674805 -0.100586 -0.414062
v -0.687500 -0.203125 -0.351562
v -0.731445 -0.097656 -0.305664
v -0.735352 -0.196289 -0.242188
v -0.770508 -0.093750 -0.189453
v -0.766602 -0.185547 -0.127930
v -0.291992 -0.273438 -0.690430
v -0.389648 -0.292969 -0.631836
v -0.479492 -0.305664 -0.560547
v -0.558594 -0.312500 -0.477539
v -0.626953 -0.312500 -0.383789
v -0.681641 -0.305664 -0.282227
v -0.721680 -0.292969 -0.174805
v -0.747070 -0.273438 -0.064453
v -0.313477 -0.383789 -0.625977
v -0.400391 -0.403320 -0.560547
v -0.479492 -0.416016 -0.484375
v -0.549805 -0.419922 -0.399414
v -0.609375 -0.416016 -0.305664
v -0.657227 -0.403320 -0.207031
v -0.692383 -0.383789 -0.104492
v -0.747070 -0.273438 -0.064453
v -0.692383 -0.383789 -0.104492
v -0.714844 -0.357422 0.000000
v -0.642578 0.273438 0.386719
v -0.566406 0.273438 0.491211
v -0.695312 0.185547 0.346680
v -0.627930 0.187500 0.456055
v -0.543945 0.185547 0.553711
v -0.734375 0.093750 0.298828
v -0.676758 0.095703 0.413086
v -0.601562 0.095703 0.515625
v -0.511719 0.093750 0.605469
v -0.734375 0.093750 0.298828
v -0.759766 0.000000 0.246094
v -0.711914 0.000000 0.362305
v -0.676758 0.095703 0.413086
v -0.646484 0.000000 0.469727
v -0.601562 0.095703 0.515625
v -0.564453 0.000000 0.564453
v -0.511719 0.093750 0.605469
v -0.469727 0.000000 0.646484
v -0.770508 -0.093750 0.189453
v -0.731445 -0.097656 0.305664
v -0.674805 -0.100586 0.414062
v -0.602539 -0.100586 0.513672
v -0.516602 -0.097656 0.600586
v -0.417969 -0.093750 0.673828
v -0.770508 -0.093750 0.189453
v -0.766602 -0.185547 0.127930
v -0.735352 -0.196289 0.242188
v -0.731445 -0.097656 0.305664
v -0.687500 -0.203125 0.351562
v -0.674805 -0.100586 0.414062
v -0.624023 -0.206055 0.453125
v -0.602539 -0.100586 0.513672
v -0.546875 -0.203125 0.544922
v -0.516602 -0.097656 0.600586
v -0.458008 -0.196289 0.624023
v -0.417969 -0.093750 0.673828
v -0.358398 -0.185547 0.689453
v -0.747070 -0.273438 0.064453
v -0.721680 -0.292969 0.174805
v -0.681641 -0.305664 0.282227
v -0.626953 -0.312500 0.383789
v -0.558594 -0.312500 0.477539
v -0.479492 -0.305664 0.560547
v -0.389648 -0.292969 0.631836
v -0.291992 -0.273438 0.690430
v -0.692383 -0.383789 0.104492
v -0.657227 -0.403320 0.207031
v -0.609375 -0.416016 0.305664
v -0.549805 -0.419922 0.399414
v -0.479492 -0.416016 0.484375
v -0.400391 -0.403320 0.560547
v -0.313477 -0.383789 0.625977
v -0.220703 -0.357422 0.679688
v 0.168945 0.273438 0.730469
v 0.291992 0.273438 0.690430
v 0.114258 0.185547 0.768555
v 0.239258 0.187500 0.738281
v 0.358398 0.185547 0.689453
v 0.057617 0.093750 0.791016
v 0.183594 0.095703 0.771484
v 0.304688 0.095703 0.732422
v 0.417969 0.093750 0.673828
v 0.057617 0.093750 0.791016
v 0.000000 0.000000 0.798828
v 0.125000 0.000000 0.789062
v 0.183594 0.095703 0.771484
v 0.246094 0.000000 0.759766
v 0.304688 0.095703 0.732422
v 0.362305 0.000000 0.711914
v 0.417969 0.093750 0.673828
v 0.469727 0.000000 0.646484
v -0.057617 -0.093750 0.791016
v 0.064453 -0.097656 0.790039
v 0.185547 -0.100586 0.770508
v 0.301758 -0.100586 0.732422
v 0.412109 -0.097656 0.676758
v 0.511719 -0.093750 0.605469
v -0.057617 -0.093750 0.791016
v -0.114258 -0.185547 0.768555
v 0.003906 -0.196289 0.774414
v 0.064453 -0.097656 0.790039
v 0.122070 -0.203125 0.762695
v 0.185547 -0.100586 0.770508
v 0.238281 -0.206055 0.734375
v 0.301758 -0.100586 0.732422
v 0.348633 -0.203125 0.688477
v 0.412109 -0.097656 0.676758
v 0.451172 -0.196289 0.628906
v 0.511719 -0.093750 0.605469
v 0.543945 -0.185547 0.553711
v -0.168945 -0.273438 0.730469
v -0.055664 -0.292969 0.741211
v 0.057617 -0.305664 0.735352
v 0.170898 -0.312500 0.714844
v 0.281250 -0.312500 0.678711
v 0.384766 -0.305664 0.628906
v 0.480469 -0.292969 0.566406
v 0.566406 -0.273438 0.491211
v -0.114258 -0.383789 0.690430
v -0.004883 -0.403320 0.689453
v 0.102539 -0.416016 0.673828
v 0.209961 -0.419922 0.646484
v 0.312500 -0.416016 0.605469
v 0.409180 -0.403320 0.553711
v 0.498047 -0.383789 0.491211
v 0.627930 -0.187500 -0.456055
v 0.601562 -0.095703 -0.515625
v 0.676758 -0.095703 -0.413086
v 0.564453 0.000000 -0.564453
v 0.601562 -0.095703 -0.515625
v 0.646484 0.000000 -0.469727
v 0.676758 -0.095703 -0.413086
v 0.711914 0.000000 -0.362305
v 0.516602 0.097656 -0.600586
v 0.602539 0.100586 -0.513672
v 0.674805 0.100586 -0.414062
v 0.731445 0.097656 -0.305664
v 0.458008 0.196289 -0.624023
v 0.516602 0.097656 -0.600586
v 0.546875 0.203125 -0.544922
v 0.602539 0.100586 -0.513672
v 0.624023 0.206055 -0.453125
v 0.674805 0.100586 -0.414062
v 0.687500 0.203125 -0.351562
v 0.731445 0.097656 -0.305664
v 0.735352 0.196289 -0.242188
v 0.389648 0.292969 -0.631836
v 0.479492 0.305664 -0.560547
v 0.558594 0.312500 -0.477539
v 0.626953 0.312500 -0.383789
v 0.681641 0.305664 -0.282227
v 0.735352 0.196289 -0.242188
v 0.681641 0.305664 -0.282227
v 0.721680 0.292969 -0.174805
v -0.239258 -0.187500 -0.738281
v -0.304688 -0.095703 -0.732422
v -0.183594 -0.095703 -0.771484
v -0.362305 0.000000 -0.711914
v -0.304688 -0.095703 -0.732422
v -0.246094 0.000000 -0.759766
v -0.183594 -0.095703 -0.771484
v -0.125000 0.000000 -0.789062
v -0.412109 0.097656 -0.676758
v -0.301758 0.100586 -0.732422
v -0.185547 0.100586 -0.770508
v -0.064453 0.097656 -0.790039
v -0.451172 0.196289 -0.628906
v -0.412109 0.097656 -0.676758
v -0.348633 0.203125 -0.688477
v -0.301758 0.100586 -0.732422
v -0.238281 0.206055 -0.734375
v -0.185547 0.100586 -0.770508
v -0.122070 0.203125 -0.762695
v -0.064453 0.097656 -0.790039
v -0.003906 0.196289 -0.774414
v -0.480469 0.292969 -0.566406
v -0.384766 0.305664 -0.628906
v -0.281250 0.312500 -0.678711
v -0.170898 0.312500 -0.714844
v -0.057617 0.305664 -0.735352
v 0.055664 0.292969 -0.741211
v -0.776367 -0.187500 0.000000
v -0.766602 -0.185547 -0.127930
v -0.790039 -0.095703 0.063477
v -0.790039 -0.095703 -0.063477
v -0.790039 -0.095703 -0.063477
v -0.789062 0.000000 0.125000
v -0.790039 -0.095703 0.063477
v -0.798828 0.000000 0.000000
v -0.790039 -0.095703 -0.063477
v -0.789062 0.000000 -0.125000
v -0.770508 -0.093750 -0.189453
v -0.789062 0.000000 -0.125000
v -0.771484 0.097656 0.182617
v -0.790039 0.100586 0.060547
v -0.790039 0.100586 -0.060547
v -0.771484 0.097656 -0.182617
v -0.771484 0.097656 -0.182617
v -0.737305 0.196289 0.235352
v -0.771484 0.097656 0.182617
v -0.762695 0.203125 0.118164
v -0.790039 0.100586 0.060547
v -0.771484 0.206055 0.000000
v -0.790039 0.100586 -0.060547
v -0.762695 0.203125 -0.118164
v -0.790039 0.100586 -0.060547
v -0.762695 0.203125 -0.118164
v -0.771484 0.097656 -0.182617
v -0.737305 0.196289 -0.235352
v -0.687500 0.292969 0.282227
v -0.737305 0.196289 0.235352
v -0.687500 0.292969 0.282227
v -0.717773 0.305664 0.171875
v -0.762695 0.203125 0.118164
v -0.732422 0.312500 0.057617
v -0.771484 0.206055 0.000000
v -0.732422 0.312500 -0.057617
v -0.762695 0.203125 -0.118164
v -0.717773 0.305664 -0.171875
v -0.717773 0.305664 -0.171875
v -0.687500 0.292969 -0.282227
v -0.239258 -0.187500 0.738281
v -0.183594 -0.095703 0.771484
v -0.304688 -0.095703 0.732422
v -0.125000 0.000000 0.789062
v -0.183594 -0.095703 0.771484
v -0.246094 0.000000 0.759766
v -0.304688 -0.095703 0.732422
v -0.362305 0.000000 0.711914
v -0.064453 0.097656 0.790039
v -0.185547 0.100586 0.770508
v -0.301758 0.100586 0.732422
v -0.412109 0.097656 0.676758
v -0.003906 0.196289 0.774414
v -0.064453 0.097656 0.790039
v -0.122070 0.203125 0.762695
v -0.185547 0.100586 0.770508
v -0.238281 0.206055 0.734375
v -0.301758 0.100586 0.732422
v -0.348633 0.203125 0.688477
v -0.412109 0.097656 0.676758
v -0.451172 0.196289 0.628906
v 0.055664 0.292969 0.741211
v -0.057617 0.305664 0.735352
v -0.170898 0.312500 0.714844
v -0.281250 0.312500 0.678711
v -0.384766 0.305664 0.628906
v -0.480469 0.292969 0.566406
v 0.627930 -0.187500 0.456055
v 0.676758 -0.095703 0.413086
v 0.601562 -0.095703 0.515625
v 0.711914 0.000000 0.362305
v 0.676758 -0.095703 0.413086
v 0.646484 0.000000 0.469727
v 0.601562 -0.095703 0.515625
v 0.564453 0.000000 0.564453
v 0.731445 0.097656 0.305664
v 0.674805 0.100586 0.414062
v 0.602539 0.100586 0.513672
v 0.516602 0.097656 0.600586
v 0.735352 0.196289 0.242188
v 0.731445 0.097656 0.305664
v 0.687500 0.203125 0.351562
v 0.674805 0.100586 0.414062
v 0.624023 0.206055 0.453125
v 0.602539 0.100586 0.513672
v 0.546875 0.203125 0.544922
v 0.516602 0.097656 0.600586
v 0.458008 0.196289 0.624023
v 0.721680 0.292969 0.174805
v 0.735352 0.196289 0.242188
v 0.681641 0.305664 0.282227
v 0.681641 0.305664 0.282227
v 0.626953 0.312500 0.383789
v 0.558594 0.312500 0.477539
v 0.479492 0.305664 0.560547
v 0.389648 0.292969 0.631836
v 0.000000 -0.798828 0.000000
v -0.033203 -0.791016 -0.104492
v 0.088867 -0.791016 -0.064453
v -0.067383 -0.768555 -0.207031
v 0.054688 -0.778320 -0.169922
v 0.175781 -0.768555 -0.127930
v -0.099609 -0.730469 -0.305664
v 0.021484 -0.750000 -0.273438
v 0.142578 -0.750000 -0.234375
v 0.260742 -0.730469 -0.189453
v -0.128906 -0.679688 -0.399414
v -0.009766 -0.706055 -0.374023
v 0.110352 -0.714844 -0.339844
v 0.227539 -0.706055 -0.296875
v 0.339844 -0.679688 -0.246094
v -0.157227 -0.615234 -0.484375
v -0.039062 -0.645508 -0.467773
v 0.078125 -0.661133 -0.440430
v 0.195312 -0.661133 -0.402344
v 0.307617 -0.645508 -0.355469
v 0.412109 -0.615234 -0.298828
v -0.181641 -0.539062 -0.560547
v -0.067383 -0.571289 -0.553711
v 0.047852 -0.590820 -0.534180
v 0.163086 -0.597656 -0.502930
v 0.274414 -0.590820 -0.460938
v 0.379883 -0.571289 -0.408203
v 0.476562 -0.539062 -0.346680
v -0.203125 -0.452148 -0.625977
v -0.091797 -0.483398 -0.628906
v 0.019531 -0.504883 -0.618164
v 0.132812 -0.515625 -0.594727
v 0.242188 -0.515625 -0.559570
v 0.346680 -0.504883 -0.512695
v 0.444336 -0.483398 -0.454102
v 0.532227 -0.452148 -0.386719
v 0.000000 -0.798828 0.000000
v -0.109375 -0.791016 0.000000
v -0.033203 -0.791016 -0.104492
v -0.217773 -0.768555 0.000000
v -0.144531 -0.778320 -0.104492
v -0.144531 -0.778320 -0.104492
v -0.322266 -0.730469 0.000000
v -0.253906 -0.750000 -0.105469
v -0.253906 -0.750000 -0.105469
v -0.178711 -0.750000 -0.208008
v -0.419922 -0.679688 0.000000
v -0.358398 -0.706055 -0.105469
v -0.358398 -0.706055 -0.105469
v -0.289062 -0.714844 -0.209961
v -0.211914 -0.706055 -0.308594
v -0.509766 -0.615234 0.000000
v -0.457031 -0.645508 -0.106445
v -0.457031 -0.645508 -0.106445
v -0.394531 -0.661133 -0.210938
v -0.322266 -0.661133 -0.309570
v -0.242188 -0.645508 -0.402344
v -0.589844 -0.539062 0.000000
v -0.547852 -0.571289 -0.106445
v -0.547852 -0.571289 -0.106445
v -0.493164 -0.590820 -0.210938
v -0.427734 -0.597656 -0.310547
v -0.353516 -0.590820 -0.403320
v -0.270508 -0.571289 -0.487305
v -0.658203 -0.452148 0.000000
v -0.626953 -0.483398 -0.105469
v -0.626953 -0.483398 -0.105469
v -0.582031 -0.504883 -0.209961
v -0.525391 -0.515625 -0.309570
v -0.457031 -0.515625 -0.403320
v -0.379883 -0.504883 -0.488281
v -0.294922 -0.483398 -0.563477
v 0.000000 -0.798828 0.000000
v -0.033203 -0.791016 0.104492
v -0.067383 -0.768555 0.207031
v -0.144531 -0.778320 0.104492
v -0.099609 -0.730469 0.305664
v -0.178711 -0.750000 0.208008
v -0.253906 -0.750000 0.105469
v -0.128906 -0.679688 0.399414
v -0.211914 -0.706055 0.308594
v -0.289062 -0.714844 0.209961
v -0.358398 -0.706055 0.105469
v -0.157227 -0.615234 0.484375
v -0.242188 -0.645508 0.402344
v -0.322266 -0.661133 0.309570
v -0.394531 -0.661133 0.210938
v -0.457031 -0.645508 0.106445
v -0.181641 -0.539062 0.560547
v -0.270508 -0.571289 0.487305
v -0.353516 -0.590820 0.403320
v -0.427734 -0.597656 0.310547
v -0.493164 -0.590820 0.210938
v -0.547852 -0.571289 0.106445
v -0.203125 -0.452148 0.625977
v -0.294922 -0.483398 0.563477
v -0.379883 -0.504883 0.488281
v -0.457031 -0.515625 0.403320
v -0.525391 -0.515625 0.309570
v -0.582031 -0.504883 0.209961
v -0.626953 -0.483398 0.105469
v 0.000000 -0.798828 0.000000
v 0.088867 -0.791016 0.064453
v 0.175781 -0.768555 0.127930
v 0.054688 -0.778320 0.169922
v 0.260742 -0.730469 0.189453
v 0.142578 -0.750000 0.234375
v 0.021484 -0.750000 0.273438
v 0.339844 -0.679688 0.246094
v 0.227539 -0.706055 0.296875
v 0.110352 -0.714844 0.339844
v -0.009766 -0.706055 0.374023
v 0.412109 -0.615234 0.298828
v 0.307617 -0.645508 0.355469
v 0.195312 -0.661133 0.402344
v 0.078125 -0.661133 0.440430
v -0.039062 -0.645508 0.467773
v 0.476562 -0.539062 0.346680
v 0.379883 -0.571289 0.408203
v 0.274414 -0.590820 0.460938
v 0.163086 -0.597656 0.502930
v 0.047852 -0.590820 0.534180
v -0.067383 -0.571289 0.553711
v 0.532227 -0.452148 0.386719
v 0.444336 -0.483398 0.454102
v 0.346680 -0.504883 0.512695
v 0.242188 -0.515625 0.559570
v 0.132812 -0.515625 0.594727
v 0.019531 -0.504883 0.618164
v -0.091797 -0.483398 0.628906
v 0.000000 -0.798828 0.000000
v 0.178711 -0.778320 0.000000
v 0.267578 -0.750000 -0.063477
v 0.267578 -0.750000 0.063477
v 0.352539 -0.706055 -0.125000
v 0.357422 -0.714844 0.000000
v 0.352539 -0.706055 0.125000
v 0.432617 -0.645508 -0.182617
v 0.443359 -0.661133 -0.060547
v 0.443359 -0.661133 0.060547
v 0.432617 -0.645508 0.182617
v 0.505859 -0.571289 -0.235352
v 0.523438 -0.590820 -0.118164
v 0.529297 -0.597656 0.000000
v 0.523438 -0.590820 0.118164
v 0.505859 -0.571289 0.235352
v 0.569336 -0.483398 -0.282227
v 0.594727 -0.504883 -0.171875
v 0.607422 -0.515625 -0.057617
v 0.607422 -0.515625 0.057617
v 0.594727 -0.504883 0.171875
v 0.569336 -0.483398 0.282227
v 0.118164 0.815625 -0.135742
v 0.125977 0.815625 -0.130859
v 0.117188 0.814648 -0.132812
v 0.116211 0.810742 -0.129883
v 0.117188 0.814648 -0.132812
v 0.096680 0.817578 -0.153320
v 0.100586 0.802930 -0.146484
v 0.030273 0.814648 -0.214844
v 0.033203 0.791211 -0.200195
v -0.005859 0.811719 -0.226562
v -0.005859 0.790234 -0.209961
v -0.045898 0.791211 -0.200195
v -0.041992 0.814648 -0.214844
v -0.108398 0.816602 -0.153320
v -0.105469 0.801953 -0.146484
v -0.128906 0.813672 -0.132812
v -0.127930 0.809766 -0.129883
v -0.137695 0.814648 -0.129883
v -0.130859 0.814648 -0.134766
v -0.137695 0.814648 -0.129883
v -0.136719 0.814648 -0.136719
v -0.130859 0.814648 -0.134766
v -0.119141 0.817578 -0.196289
v -0.107422 0.815625 -0.179688
v -0.083984 0.813672 -0.210938
v -0.088867 0.813672 -0.234375
v -0.043945 0.820508 -0.233398
v -0.052734 0.814648 -0.256836
v -0.005859 0.820508 -0.243164
v -0.005859 0.815625 -0.267578
v 0.041016 0.814648 -0.256836
v 0.032227 0.820508 -0.233398
v 0.077148 0.813672 -0.233398
v 0.072266 0.813672 -0.210938
v 0.107422 0.817578 -0.195312
v 0.095703 0.815625 -0.178711
v 0.118164 0.815625 -0.135742
v 0.125000 0.816602 -0.136719
v 0.125977 0.815625 -0.130859
v -0.075195 1.017773 -0.080078
v -0.029297 1.066602 -0.189453
v -0.018555 1.028516 -0.190430
v -0.143555 1.022656 -0.121094
v -0.132812 1.074414 -0.145508
v -0.075195 1.017773 -0.080078
v -0.110352 1.089062 -0.171875
v -0.059570 1.088086 -0.193359
v -0.032227 0.982617 -0.197266
v -0.075195 1.017773 -0.080078
v -0.091797 0.959180 -0.181641
v -0.131836 0.970898 -0.145508
v 0.017578 1.066602 -0.189453
v 0.063477 1.017773 -0.080078
v 0.006836 1.028516 -0.190430
v 0.047852 1.088086 -0.193359
v 0.063477 1.017773 -0.080078
v 0.098633 1.089062 -0.171875
v 0.121094 1.074414 -0.144531
v 0.131836 1.022656 -0.121094
v 0.120117 0.970898 -0.144531
v 0.063477 1.017773 -0.080078
v 0.080078 0.960156 -0.180664
v 0.020508 0.982617 -0.196289
v 0.135742 0.753125 0.014648
v 0.143555 0.785352 -0.071289
v 0.164062 0.823438 -0.003906
v 0.122070 0.736523 -0.014648
v 0.075195 0.719922 -0.044922
v 0.098633 0.750195 -0.089844
v 0.033203 0.731641 -0.115234
v 0.030273 0.708203 -0.065430
v -0.005859 0.703320 -0.075195
v -0.005859 0.725781 -0.134766
v -0.044922 0.731641 -0.115234
v -0.041992 0.708203 -0.065430
v -0.086914 0.719922 -0.044922
v -0.110352 0.750195 -0.090820
v -0.155273 0.785352 -0.071289
v -0.134766 0.736523 -0.014648
v -0.175781 0.823438 -0.002930
v -0.147461 0.753125 0.014648
v -0.067383 0.698438 0.029297
v -0.054688 0.689648 0.000000
v -0.005859 0.694531 0.071289
v 0.013672 0.686719 -0.019531
v -0.005859 0.686719 -0.033203
v -0.025391 0.686719 -0.019531
v -0.005859 0.694531 0.071289
v 0.055664 0.698438 0.029297
v 0.042969 0.689648 0.000000
v 0.108398 0.841016 -0.099609
v 0.109375 0.828320 -0.100586
v 0.085938 0.839062 -0.148438
v 0.087891 0.820508 -0.148438
v 0.089844 1.035352 -0.209961
v 0.092773 1.030469 -0.208984
v 0.083984 1.038281 -0.210938
v 0.089844 1.024609 -0.209961
v 0.089844 1.024609 -0.209961
v 0.084961 1.021680 -0.210938
v 0.079102 1.024609 -0.212891
v 0.076172 1.029492 -0.212891
v 0.079102 1.035352 -0.212891
v -0.100586 1.035352 -0.209961
v -0.095703 1.038281 -0.210938
v -0.103516 1.030469 -0.208984
v -0.100586 1.024609 -0.209961
v -0.089844 1.035352 -0.212891
v -0.087891 1.029492 -0.212891
v -0.089844 1.024609 -0.212891
v -0.095703 1.021680 -0.210938
v -0.100586 1.024609 -0.209961
v 0.049805 1.280469 0.091796
v 0.055664 1.233594 0.075194
v 0.048828 1.283398 0.086913
v 0.054688 1.236523 0.070311
v -0.032227 1.312695 0.096679
v -0.030273 1.310742 0.102538
v 0.020508 1.312695 0.096679
v 0.021484 1.310742 0.102538
v -0.059570 1.283398 0.085937
v -0.058594 1.280469 0.091796
v -0.032227 1.312695 0.096679
v -0.030273 1.310742 0.102538
v -0.065430 1.236523 0.069335
v -0.065430 1.234570 0.075194
v -0.059570 1.283398 0.085937
v -0.058594 1.280469 0.091796
v 0.085938 0.839062 -0.148438
v 0.087891 0.820508 -0.148438
v 0.045898 0.835156 -0.186523
v 0.046875 0.812695 -0.185547
v -0.099609 0.820508 -0.148438
v -0.121094 0.828320 -0.100586
v -0.097656 0.839062 -0.148438
v -0.120117 0.841016 -0.099609
v -0.058594 0.812695 -0.185547
v -0.099609 0.820508 -0.148438
v -0.057617 0.835156 -0.186523
v -0.097656 0.839062 -0.148438
v 0.049805 1.280469 0.091796
v 0.048828 1.283398 0.086913
v 0.021484 1.310742 0.102538
v 0.020508 1.312695 0.096679
v 0.139648 0.981641 -0.111328
v 0.145508 0.904492 -0.109375
v 0.120117 0.970898 -0.144531
v 0.108398 0.932812 -0.159180
v 0.151367 0.871289 -0.087891
v 0.164062 0.823438 -0.003906
v 0.145508 0.912305 -0.032227
v 0.144531 0.932812 -0.045898
v 0.149414 0.968945 -0.030273
v 0.138672 1.011914 -0.008789
v 0.134766 1.021680 -0.106445
v 0.140625 0.912305 -0.015625
v 0.157227 0.838086 0.031250
v 0.136719 0.776562 0.055664
v 0.135742 0.753125 0.014648
v 0.060547 0.717969 0.075195
v 0.055664 0.698438 0.029297
v -0.005859 0.694531 0.071289
v 0.047852 0.747266 0.119141
v 0.125000 0.800977 0.102539
v 0.135742 0.862500 0.079102
v 0.104492 0.928906 0.054688
v 0.145508 0.954297 -0.000977
v 0.096680 1.013867 0.076172
v 0.065430 0.887891 0.138672
v 0.073242 0.833203 0.159180
v 0.029297 0.774609 0.154297
v -0.041016 0.775586 0.155273
v -0.059570 0.748242 0.120117
v -0.136719 0.800977 0.102539
v -0.084961 0.833203 0.159180
v -0.005859 0.798047 0.171875
v -0.005859 0.841016 0.172852
v -0.005859 0.891797 0.148438
v -0.077148 0.887891 0.138672
v 0.040039 1.016797 0.118164
v 0.039062 0.942578 0.098633
v -0.005859 0.944531 0.106445
v -0.005859 1.014844 0.125977
v -0.005859 1.157422 0.156250
v -0.055664 1.151562 0.144531
v -0.051758 1.016797 0.117188
v -0.050781 0.942578 0.098633
v -0.116211 0.928906 0.054688
v -0.147461 0.862500 0.079102
v -0.168945 0.838086 0.031250
v -0.148438 0.776562 0.055664
v -0.072266 0.717969 0.075195
v -0.067383 0.698438 0.029297
v -0.147461 0.753125 0.014648
v -0.175781 0.823438 -0.002930
v -0.157227 0.912305 -0.032227
v -0.152344 0.912305 -0.015625
v -0.157227 0.954297 -0.000977
v -0.109375 1.013867 0.076172
v -0.100586 1.144727 0.111328
v -0.083984 1.197461 0.117188
v -0.041992 1.227734 0.120116
v -0.005859 1.237500 0.120116
v 0.030273 1.227734 0.120116
v -0.005859 1.285352 0.039061
v -0.057617 1.276562 0.039061
v -0.130859 1.221875 0.037109
v -0.149414 1.146680 0.021484
v -0.150391 1.011914 -0.009766
v -0.161133 0.968945 -0.031250
v -0.151367 0.981641 -0.111328
v -0.146484 1.021680 -0.105469
v -0.150391 1.011914 -0.009766
v -0.154297 1.159375 -0.033203
v -0.149414 1.146680 0.021484
v -0.138672 1.232617 -0.049805
v -0.069336 1.273633 -0.072267
v -0.005859 1.284375 -0.078126
v 0.057617 1.273633 -0.072267
v 0.057617 1.237500 -0.121094
v 0.126953 1.232617 -0.048828
v 0.122070 1.196484 -0.105469
v 0.106445 1.100781 -0.164062
v 0.042969 1.105664 -0.198242
v -0.005859 1.246289 -0.131836
v -0.005859 1.106641 -0.198242
v -0.150391 1.082227 -0.129883
v -0.133789 1.196484 -0.105469
v -0.125000 1.100781 -0.164062
v -0.069336 1.237500 -0.121094
v -0.054688 1.105664 -0.198242
v -0.005859 1.080273 -0.195312
v -0.059570 1.088086 -0.193359
v -0.029297 1.066602 -0.189453
v -0.005859 1.029492 -0.194336
v -0.018555 1.028516 -0.190430
v -0.005859 1.005078 -0.208008
v -0.032227 0.982617 -0.197266
v 0.020508 0.982617 -0.196289
v -0.005859 1.005078 -0.208008
v 0.006836 1.028516 -0.190430
v 0.017578 1.066602 -0.189453
v 0.047852 1.088086 -0.193359
v 0.042969 1.105664 -0.198242
v 0.106445 1.100781 -0.164062
v 0.098633 1.089062 -0.171875
v 0.137695 1.082227 -0.129883
v 0.121094 1.074414 -0.144531
v 0.134766 1.021680 -0.106445
v 0.131836 1.022656 -0.121094
v 0.139648 0.981641 -0.111328
v 0.018555 0.956250 -0.233398
v 0.020508 0.982617 -0.196289
v 0.074219 0.947461 -0.195312
v 0.080078 0.960156 -0.180664
v 0.108398 0.932812 -0.159180
v 0.118164 1.221875 0.037109
v 0.137695 1.082227 -0.129883
v 0.142578 1.159375 -0.032227
v 0.138672 1.011914 -0.008789
v 0.138672 1.146680 0.021484
v 0.043945 1.151562 0.145508
v 0.072266 1.197461 0.117188
v 0.045898 1.276562 0.039061
v 0.138672 1.146680 0.021484
v 0.088867 1.144727 0.111328
v 0.099609 1.046094 -0.204102
v 0.106445 1.030469 -0.202148
v 0.089844 1.035352 -0.209961
v 0.092773 1.030469 -0.208984
v 0.126953 1.030469 -0.180664
v 0.120117 1.054883 -0.182617
v 0.102539 1.072461 -0.186523
v 0.130859 1.030469 -0.135742
v 0.123047 0.997266 -0.137695
v 0.120117 1.006055 -0.181641
v 0.099609 1.013867 -0.204102
v 0.089844 1.024609 -0.209961
v 0.122070 1.063672 -0.137695
v 0.098633 1.088086 -0.144531
v 0.079102 1.078320 -0.193359
v 0.066406 1.096875 -0.153320
v 0.055664 1.071484 -0.199219
v 0.034180 1.087109 -0.161133
v 0.039062 1.053906 -0.204102
v 0.010742 1.062695 -0.167969
v 0.032227 1.029492 -0.205078
v 0.001953 1.029492 -0.169922
v 0.039062 1.005078 -0.204102
v 0.010742 0.996289 -0.167969
v 0.056641 0.987500 -0.199219
v 0.035156 0.971875 -0.161133
v 0.080078 0.981641 -0.193359
v 0.067383 0.963086 -0.152344
v 0.060547 1.029492 -0.213867
v 0.067383 1.046094 -0.211914
v 0.068359 1.013867 -0.211914
v 0.079102 1.024609 -0.212891
v 0.076172 1.029492 -0.212891
v 0.079102 1.035352 -0.212891
v 0.099609 0.972852 -0.144531
v 0.103516 0.988477 -0.186523
v 0.083984 1.006055 -0.208008
v 0.068359 1.013867 -0.211914
v 0.123047 0.997266 -0.137695
v 0.120117 1.006055 -0.181641
v 0.099609 1.013867 -0.204102
v 0.089844 1.024609 -0.209961
v 0.084961 1.021680 -0.210938
v 0.079102 1.024609 -0.212891
v 0.033203 0.791211 -0.200195
v -0.005859 0.748242 -0.174805
v -0.005859 0.790234 -0.209961
v -0.045898 0.791211 -0.200195
v -0.137695 0.814648 -0.129883
v -0.127930 0.809766 -0.129883
v -0.151367 0.803906 -0.111328
v -0.105469 0.801953 -0.146484
v -0.120117 0.775586 -0.127930
v -0.155273 0.785352 -0.071289
v -0.110352 0.750195 -0.090820
v -0.054688 0.753125 -0.155273
v -0.044922 0.731641 -0.115234
v -0.005859 0.725781 -0.134766
v 0.100586 0.802930 -0.146484
v 0.108398 0.775586 -0.127930
v 0.041992 0.753125 -0.155273
v 0.033203 0.731641 -0.115234
v 0.098633 0.750195 -0.089844
v 0.143555 0.785352 -0.071289
v 0.139648 0.803906 -0.111328
v 0.116211 0.810742 -0.129883
v 0.125977 0.815625 -0.130859
v -0.110352 1.046094 -0.204102
v -0.100586 1.035352 -0.209961
v -0.118164 1.030469 -0.202148
v -0.103516 1.030469 -0.208984
v -0.114258 1.072461 -0.186523
v -0.130859 1.054883 -0.182617
v -0.137695 1.030469 -0.180664
v -0.109375 1.088086 -0.144531
v -0.133789 1.063672 -0.137695
v -0.142578 1.030469 -0.135742
v -0.133789 0.997266 -0.137695
v -0.131836 1.006055 -0.181641
v -0.110352 1.013867 -0.204102
v -0.100586 1.024609 -0.209961
v -0.090820 1.078320 -0.193359
v -0.077148 1.096875 -0.153320
v -0.067383 1.071484 -0.199219
v -0.044922 1.087109 -0.161133
v -0.049805 1.053906 -0.204102
v -0.021484 1.062695 -0.167969
v -0.043945 1.029492 -0.205078
v -0.013672 1.029492 -0.169922
v -0.049805 1.005078 -0.204102
v -0.022461 0.996289 -0.167969
v -0.067383 0.987500 -0.199219
v -0.045898 0.971875 -0.161133
v -0.090820 0.981641 -0.193359
v -0.078125 0.963086 -0.152344
v -0.114258 0.988477 -0.186523
v -0.110352 0.972852 -0.144531
v -0.131836 1.006055 -0.181641
v -0.133789 0.997266 -0.137695
v -0.079102 1.013867 -0.211914
v -0.094727 1.006055 -0.208008
v -0.089844 1.024609 -0.212891
v -0.095703 1.021680 -0.210938
v -0.100586 1.024609 -0.209961
v -0.110352 1.013867 -0.204102
v -0.071289 1.029492 -0.213867
v -0.079102 1.046094 -0.211914
v -0.079102 1.013867 -0.211914
v -0.089844 1.024609 -0.212891
v -0.087891 1.029492 -0.212891
v -0.089844 1.035352 -0.212891
v -0.100586 1.035352 -0.209961
v -0.110352 1.046094 -0.204102
v -0.095703 1.038281 -0.210938
v -0.094727 1.053906 -0.208008
v -0.089844 1.035352 -0.212891
v -0.079102 1.046094 -0.211914
v -0.107422 0.815625 -0.179688
v -0.110352 0.831250 -0.130859
v -0.130859 0.814648 -0.134766
v -0.128906 0.813672 -0.132812
v -0.137695 0.814648 -0.129883
v -0.043945 0.820508 -0.233398
v -0.005859 0.820508 -0.243164
v -0.083984 0.813672 -0.210938
v -0.005859 0.852734 -0.121094
v -0.110352 0.831250 -0.130859
v 0.095703 0.815625 -0.178711
v 0.098633 0.831250 -0.132812
v 0.072266 0.813672 -0.210938
v 0.032227 0.820508 -0.233398
v 0.118164 0.815625 -0.135742
v 0.098633 0.831250 -0.132812
v 0.117188 0.814648 -0.132812
v -0.005859 0.813672 -0.114258
v -0.005859 0.763867 -0.127930
v -0.110352 0.831250 -0.130859
v -0.005859 0.852734 -0.121094
v -0.108398 0.816602 -0.153320
v -0.005859 0.763867 -0.127930
v -0.041992 0.814648 -0.214844
v -0.005859 0.811719 -0.226562
v 0.030273 0.814648 -0.214844
v 0.096680 0.817578 -0.153320
v 0.074219 1.007031 -0.079102
v 0.086914 0.978711 -0.102539
v 0.107422 1.000195 -0.096680
v 0.099609 0.972852 -0.144531
v 0.123047 0.997266 -0.137695
v 0.067383 0.963086 -0.152344
v 0.057617 0.970898 -0.110352
v 0.035156 0.971875 -0.161133
v 0.029297 0.978711 -0.118164
v 0.010742 0.996289 -0.167969
v 0.007812 1.000195 -0.124023
v 0.001953 1.029492 -0.169922
v -0.000000 1.029492 -0.125977
v 0.010742 1.062695 -0.167969
v 0.007812 1.059766 -0.124023
v 0.034180 1.087109 -0.161133
v 0.028320 1.081250 -0.118164
v 0.066406 1.096875 -0.153320
v 0.057617 1.089062 -0.110352
v 0.098633 1.088086 -0.144531
v 0.085938 1.081250 -0.102539
v 0.122070 1.063672 -0.137695
v 0.107422 1.059766 -0.096680
v 0.028320 1.052930 -0.091797
v 0.017578 1.029492 -0.093750
v 0.048828 1.030469 -0.075195
v 0.028320 1.006055 -0.090820
v 0.073242 1.053906 -0.079102
v 0.050781 1.064648 -0.084961
v 0.028320 1.052930 -0.091797
v 0.130859 1.030469 -0.135742
v 0.115234 1.030469 -0.094727
v 0.123047 0.997266 -0.137695
v 0.107422 1.000195 -0.096680
v 0.083984 1.030469 -0.076172
v 0.074219 1.007031 -0.079102
v 0.073242 1.053906 -0.079102
v 0.028320 1.006055 -0.090820
v 0.050781 0.995312 -0.084961
v 0.074219 1.007031 -0.079102
v -0.133789 0.997266 -0.137695
v -0.110352 0.972852 -0.144531
v -0.119141 1.000195 -0.096680
v -0.097656 0.978711 -0.102539
v -0.084961 1.007031 -0.079102
v -0.078125 0.963086 -0.152344
v -0.069336 0.970898 -0.110352
v -0.045898 0.971875 -0.161133
v -0.040039 0.978711 -0.118164
v -0.022461 0.996289 -0.167969
v -0.019531 1.000195 -0.124023
v -0.013672 1.029492 -0.169922
v -0.010742 1.029492 -0.125977
v -0.021484 1.062695 -0.167969
v -0.018555 1.059766 -0.124023
v -0.044922 1.087109 -0.161133
v -0.040039 1.081250 -0.118164
v -0.077148 1.096875 -0.153320
v -0.068359 1.089062 -0.110352
v -0.109375 1.088086 -0.144531
v -0.096680 1.081250 -0.102539
v -0.133789 1.063672 -0.137695
v -0.118164 1.059766 -0.096680
v -0.084961 1.053906 -0.079102
v -0.061523 1.064648 -0.084961
v -0.039062 1.052930 -0.091797
v -0.059570 1.030469 -0.075195
v -0.039062 1.052930 -0.091797
v -0.028320 1.029492 -0.093750
v -0.039062 1.006055 -0.090820
v -0.142578 1.030469 -0.135742
v -0.125977 1.030469 -0.094727
v -0.133789 0.997266 -0.137695
v -0.119141 1.000195 -0.096680
v -0.095703 1.030469 -0.076172
v -0.084961 1.007031 -0.079102
v -0.084961 1.053906 -0.079102
v -0.039062 1.006055 -0.090820
v -0.062500 0.995312 -0.084961
v -0.084961 1.007031 -0.079102
v -0.030273 0.957227 -0.234375
v -0.085938 0.946484 -0.195312
v -0.032227 0.982617 -0.197266
v -0.091797 0.959180 -0.181641
v -0.120117 0.932812 -0.160156
v -0.131836 0.970898 -0.145508
v -0.054688 1.105664 -0.198242
v -0.125000 1.100781 -0.164062
v -0.110352 1.089062 -0.171875
v -0.150391 1.082227 -0.129883
v -0.132812 1.074414 -0.145508
v -0.146484 1.021680 -0.105469
v -0.143555 1.022656 -0.121094
v -0.151367 0.981641 -0.111328
v -0.120117 0.932812 -0.160156
v -0.157227 0.904492 -0.109375
v -0.161133 0.968945 -0.031250
v -0.156250 0.931836 -0.045898
v -0.163086 0.871289 -0.087891
v -0.155273 0.785352 -0.071289
v 0.149414 0.968945 -0.030273
v 0.166992 0.959180 0.000977
v 0.144531 0.932812 -0.045898
v 0.170898 0.934766 0.008789
v 0.145508 0.912305 -0.032227
v 0.158203 0.909375 -0.003906
v 0.045898 0.835156 -0.186523
v 0.046875 0.812695 -0.185547
v -0.004883 0.833203 -0.202148
v -0.005859 0.810742 -0.203125
v -0.058594 0.812695 -0.185547
v -0.057617 0.835156 -0.186523
v -0.161133 0.968945 -0.031250
v -0.156250 0.931836 -0.045898
v -0.178711 0.958203 0.000977
v -0.182617 0.934766 0.008789
v -0.157227 0.912305 -0.032227
v -0.169922 0.909375 -0.003906
v 0.083008 1.053906 -0.208008
v 0.099609 1.046094 -0.204102
v 0.067383 1.046094 -0.211914
v 0.079102 1.035352 -0.212891
v 0.083984 1.038281 -0.210938
v 0.089844 1.035352 -0.209961
v 0.145508 0.912305 -0.032227
v 0.158203 0.909375 -0.003906
v 0.140625 0.912305 -0.015625
v 0.170898 0.934766 0.008789
v 0.145508 0.954297 -0.000977
v 0.166992 0.959180 0.000977
v 0.149414 0.968945 -0.030273
v -0.161133 0.968945 -0.031250
v -0.179688 0.959180 -0.000000
v -0.157227 0.954297 -0.000977
v -0.182617 0.934766 0.008789
v -0.152344 0.912305 -0.015625
v -0.169922 0.909375 -0.003906
v -0.157227 0.912305 -0.032227
v -0.032227 0.982617 -0.197266
v -0.034180 0.975781 -0.274414
v -0.030273 0.957227 -0.234375
v -0.005859 0.953320 -0.280273
v -0.005859 0.947461 -0.252930
v 0.018555 0.956250 -0.233398
v 0.021484 0.975781 -0.274414
v 0.020508 0.982617 -0.196289
v -0.005859 1.005078 -0.208008
v 0.020508 0.982617 -0.196289
v -0.005859 1.003125 -0.264648
v -0.005859 0.980664 -0.287109
v -0.032227 0.982617 -0.197266
v 0.048828 1.283398 0.086913
v 0.047852 1.278516 0.088866
v 0.020508 1.312695 0.096679
v 0.020508 1.307812 0.099608
v -0.030273 1.307812 0.099608
v -0.032227 1.312695 0.096679
v -0.057617 1.278516 0.088866
v -0.059570 1.283398 0.085937
v -0.065430 1.236523 0.069335
v -0.063477 1.233594 0.072265
v -0.065430 1.234570 0.075194
v -0.058594 1.280469 0.091796
v -0.030273 1.310742 0.102538
v 0.021484 1.310742 0.102538
v 0.049805 1.280469 0.091796
v 0.055664 1.233594 0.075194
v 0.053711 1.233594 0.072265
v 0.054688 1.236523 0.070311
v -0.119141 0.817578 -0.196289
v -0.136719 0.814648 -0.136719
v -0.153320 0.841016 -0.126953
v -0.155273 0.840039 -0.115234
v -0.157227 0.904492 -0.109375
v -0.163086 0.871289 -0.087891
v -0.155273 0.785352 -0.071289
v -0.151367 0.803906 -0.111328
v -0.137695 0.814648 -0.129883
v -0.052734 0.814648 -0.256836
v -0.068359 0.854688 -0.266602
v -0.088867 0.813672 -0.234375
v -0.101562 0.856641 -0.245117
v -0.134766 0.854688 -0.193359
v -0.120117 0.932812 -0.160156
v -0.085938 0.946484 -0.195312
v -0.030273 0.957227 -0.234375
v -0.005859 0.947461 -0.252930
v -0.005859 0.853711 -0.286133
v -0.005859 0.815625 -0.267578
v 0.041016 0.814648 -0.256836
v 0.145508 0.904492 -0.109375
v 0.122070 0.854688 -0.193359
v 0.108398 0.932812 -0.159180
v 0.089844 0.856641 -0.245117
v 0.074219 0.947461 -0.195312
v 0.018555 0.956250 -0.233398
v 0.056641 0.854688 -0.266602
v 0.077148 0.813672 -0.233398
v 0.107422 0.817578 -0.195312
v 0.143555 0.785352 -0.071289
v 0.139648 0.803906 -0.111328
v 0.143555 0.841016 -0.115234
v 0.125977 0.815625 -0.130859
v 0.125000 0.816602 -0.136719
v 0.141602 0.841992 -0.128906
v 0.151367 0.871289 -0.087891
v 0.066406 1.258984 -0.003907
v 0.065430 1.261914 -0.009767
v 0.055664 1.313672 0.013671
v 0.054688 1.316602 0.008788
v 0.011719 1.340039 0.021483
v 0.009766 1.341992 0.015624
v -0.019531 1.340039 0.021483
v -0.021484 1.341992 0.015624
v -0.064453 1.313672 0.013671
v -0.065430 1.316602 0.007811
v -0.075195 1.258008 -0.003907
v -0.076172 1.261914 -0.009767
v -0.065430 1.316602 0.007811
v -0.063477 1.311719 0.010741
v -0.020508 1.337109 0.018554
v 0.010742 1.337109 0.018554
v 0.054688 1.316602 0.008788
v 0.053711 1.311719 0.010741
v 0.065430 1.261914 -0.009767
v 0.063477 1.258984 -0.006837
v -0.076172 1.261914 -0.009767
v -0.073242 1.258984 -0.006837
v -0.075195 1.258008 -0.003907
v -0.064453 1.313672 0.013671
v -0.019531 1.340039 0.021483
v 0.011719 1.340039 0.021483
v 0.055664 1.313672 0.013671
v 0.066406 1.258984 -0.003907
v 0.158203 0.968945 -0.089844
v 0.152344 1.045117 -0.041016
v 0.152344 1.034375 -0.041992
v 0.154297 0.967969 -0.022461
v 0.153320 0.973828 -0.018555
v 0.146484 1.019727 0.022461
v 0.146484 1.032422 0.024414
v 0.121094 0.940625 0.039062
v 0.121094 0.949414 0.040039
v 0.098633 1.013867 0.081055
v 0.096680 1.006055 0.078125
v 0.076172 0.941602 0.089844
v 0.074219 0.930859 0.089844
v 0.038086 0.988477 0.122070
v 0.038086 0.995312 0.126953
v -0.004883 0.927930 0.130859
v -0.004883 0.920117 0.129883
v -0.004883 0.920117 0.129883
v -0.004883 0.927930 0.130859
v -0.048828 0.988477 0.122070
v -0.049805 0.995312 0.126953
v -0.087891 0.931836 0.088867
v -0.087891 0.941602 0.089844
v -0.107422 1.006055 0.078125
v -0.109375 1.013867 0.081055
v -0.131836 0.940625 0.040039
v -0.132812 0.949414 0.040039
v -0.157227 1.019727 0.022461
v -0.157227 1.031445 0.024414
v -0.164062 0.973828 -0.018555
v -0.165039 0.966992 -0.019531
v -0.163086 1.034375 -0.041992
v -0.163086 1.045117 -0.039062
v -0.168945 0.968945 -0.089844
v 0.872967 0.390204 -0.005859
v 0.871014 0.391180 -0.010742
v 0.890545 0.495672 -0.004883
v 0.889569 0.498602 -0.015625
v 0.890545 0.495672 -0.004883
v 0.879803 0.503485 -0.000977
v 0.879803 0.502508 -0.012695
v 0.870038 0.490789 -0.092773
v 0.819256 0.534735 -0.007812
v 0.792889 0.492743 -0.127930
v 0.822186 0.455633 -0.150391
v 0.865155 0.461493 -0.105469
v 0.881756 0.487860 -0.090820
v 0.845623 0.371649 -0.087891
v 0.860272 0.386297 -0.083008
v 0.849530 0.371649 -0.079102
v 0.871014 0.391180 -0.010742
v 0.859295 0.383368 -0.009766
v 0.831952 0.355047 -0.044922
v 0.794842 0.349188 -0.007812
v 0.776288 0.375555 -0.125977
v 0.802655 0.373602 -0.137695
v 0.746991 0.564032 0.005859
v 0.746014 0.511297 -0.096680
v 0.743084 0.385321 -0.096680
v 0.742108 0.357977 0.013672
v 0.742108 0.363837 0.077148
v 0.796795 0.361884 0.069336
v 0.794842 0.349188 -0.007812
v 0.866131 0.384345 0.069336
v 0.859295 0.383368 -0.009766
v 0.872967 0.390204 -0.005859
v 0.877850 0.392158 0.064453
v 0.878827 0.391181 0.070312
v 0.888592 0.466376 0.143555
v 0.878827 0.471259 0.142578
v 0.884686 0.428290 0.145508
v 0.855389 0.432197 0.151367
v 0.816327 0.487861 0.143555
v 0.807538 0.432197 0.153320
v 0.745038 0.492744 0.153320
v 0.743084 0.411689 0.136719
v 0.800702 0.381415 0.143555
v 0.796795 0.361884 0.069336
v 0.860272 0.398017 0.145508
v 0.866131 0.384345 0.069336
v 0.879803 0.398017 0.139648
v 0.893475 0.494697 0.063477
v 0.893475 0.493720 0.074219
v 0.877850 0.392158 0.064453
v 0.878827 0.391181 0.070312
v 0.816327 0.487861 0.143555
v 0.881756 0.498603 0.077148
v 0.823163 0.533759 0.069336
v 0.881756 0.500556 0.068359
v 0.879803 0.503485 -0.000977
v 0.890545 0.495672 -0.004883
v 0.893475 0.493720 0.074219
v 0.745038 0.492744 0.153320
v 0.816327 0.487861 0.143555
v 0.746014 0.554267 0.068359
v 0.819256 0.534735 -0.007812
v 0.888592 0.466376 0.143555
v 0.893475 0.493720 0.074219
v 0.878827 0.471259 0.142578
v 0.888592 0.466376 0.143555
v 0.913006 0.456611 0.144531
v 0.893475 0.493720 0.074219
v 0.911053 0.481025 0.076172
v 0.878827 0.391181 0.070312
v 0.903241 0.395087 0.073242
v 0.879803 0.398017 0.139648
v 0.903241 0.396064 0.138672
v 0.884686 0.428290 0.145508
v 0.930584 0.396064 0.140625
v 0.938397 0.449775 0.142578
v 0.938397 0.466376 0.078125
v 0.926678 0.396064 0.076172
v 0.961834 0.398017 0.139648
v 0.970623 0.440986 0.136719
v 0.973553 0.444892 0.085938
v 0.964764 0.398017 0.084961
v 0.981366 0.399969 0.044922
v 0.985272 0.435125 0.044922
v 0.948163 0.459540 0.053711
v 0.948163 0.459539 -0.002930
v 0.984295 0.435125 -0.000000
v 0.941327 0.392157 -0.003906
v 0.980389 0.399969 -0.000977
v 0.877850 0.392158 0.064453
v 0.918866 0.393134 0.058594
v 0.893475 0.494697 0.063477
v 0.921795 0.475165 0.058594
v 0.890545 0.495672 -0.004883
v 0.921795 0.475164 -0.006836
v 0.872967 0.390204 -0.005859
v 0.918866 0.393133 -0.003906
v 0.941327 0.393134 0.053711
v 0.888592 0.425360 -0.162109
v 0.871014 0.419500 -0.193359
v 0.865155 0.429266 -0.193359
v 0.849530 0.367743 -0.178711
v 0.858319 0.369696 -0.182617
v 0.873944 0.367743 -0.137695
v 0.876873 0.370672 -0.152344
v 0.822186 0.455633 -0.150391
v 0.846600 0.440985 -0.166016
v 0.802655 0.373602 -0.137695
v 0.828045 0.371649 -0.149414
v 0.845623 0.371649 -0.087891
v 0.865155 0.367743 -0.107422
v 0.865155 0.461493 -0.105469
v 0.875897 0.449774 -0.119141
v 0.888592 0.435125 -0.150391
v 0.972577 0.397039 -0.037109
v 0.983319 0.440008 -0.037109
v 0.942303 0.462469 -0.027344
v 0.942303 0.457586 -0.088867
v 0.974530 0.438055 -0.087891
v 0.965741 0.394110 -0.090820
v 0.938397 0.387274 -0.089844
v 0.871014 0.391180 -0.010742
v 0.904217 0.386297 -0.018555
v 0.889569 0.498602 -0.015625
v 0.916913 0.480047 -0.020508
v 0.881756 0.487860 -0.090820
v 0.913983 0.476141 -0.089844
v 0.860272 0.386297 -0.083008
v 0.903241 0.385321 -0.088867
v 0.935467 0.389227 -0.025391
v 0.345623 0.634344 0.038085
v 0.523358 0.634344 0.049804
v 0.342694 0.594305 -0.082032
v 0.523358 0.581610 -0.099609
v 0.338788 0.484930 -0.082031
v 0.520428 0.438055 -0.098633
v 0.338788 0.444891 0.041992
v 0.517499 0.389227 0.053711
v 0.519452 0.523994 0.156250
v 0.342694 0.552314 0.125977
v 0.549725 0.517158 0.160156
v 0.551678 0.630438 0.051757
v 0.550702 0.576727 -0.102539
v 0.546795 0.429266 -0.102539
v 0.546795 0.382391 0.055664
v 0.577069 0.376532 0.054688
v 0.574139 0.420477 -0.102539
v 0.577069 0.568914 -0.102539
v 0.581952 0.622625 0.050780
v 0.579999 0.507392 0.159180
v 0.742108 0.363837 0.077148
v 0.742108 0.357977 0.013672
v 0.743084 0.385321 -0.096680
v 0.746014 0.511297 -0.096680
v 0.746991 0.564032 0.005859
v 0.746014 0.554267 0.068359
v 0.745038 0.492744 0.153320
v 0.743084 0.411689 0.136719
v -0.959345 0.387275 -0.006836
v -0.976923 0.493720 -0.005859
v -0.957392 0.388251 -0.012695
v -0.975947 0.495673 -0.017578
v -0.976923 0.493720 -0.005859
v -0.966181 0.500556 -0.002930
v -0.965205 0.499579 -0.014648
v -0.955439 0.487860 -0.094727
v -0.968134 0.484930 -0.092773
v -0.973994 0.464423 0.141602
v -0.964228 0.468329 0.140625
v -0.978877 0.490790 0.072266
v -0.968134 0.496650 0.076172
v -0.902705 0.484931 0.141602
v -0.909541 0.530829 0.067383
v -0.967158 0.498603 0.066406
v -0.979853 0.491767 0.061523
v -0.905634 0.531806 -0.009766
v -0.879267 0.489813 -0.128906
v -0.908564 0.452704 -0.152344
v -0.951533 0.458563 -0.107422
v -0.932002 0.368719 -0.089844
v -0.830439 0.489814 0.151367
v -0.832392 0.552314 0.066406
v -0.833369 0.561103 0.003906
v -0.831416 0.508368 -0.098633
v -0.862666 0.372625 -0.127930
v -0.829463 0.382391 -0.098633
v -0.881220 0.347236 -0.009766
v -0.828486 0.355048 0.012695
v -0.882197 0.358955 0.067383
v -0.828486 0.360908 0.075195
v -0.886103 0.378486 0.141602
v -0.829463 0.408759 0.134766
v -0.893916 0.430244 0.151367
v -0.830439 0.489814 0.151367
v -0.902705 0.484931 0.141602
v -0.941767 0.430244 0.149414
v -0.945673 0.381415 -0.011719
v -0.951533 0.382392 0.067383
v -0.946650 0.395087 0.143555
v -0.970087 0.425361 0.144531
v -0.966181 0.396064 0.137695
v -0.964228 0.389228 0.069336
v -0.964228 0.389228 0.062500
v -0.959345 0.387275 -0.006836
v -0.957392 0.388251 -0.012695
v -0.935908 0.368719 -0.081055
v -0.946650 0.383368 -0.083984
v -0.964228 0.468329 0.140625
v -0.973994 0.464423 0.141602
v -0.889033 0.370672 -0.139648
v -0.918330 0.352118 -0.046875
v -0.964228 0.389228 0.062500
v -0.978877 0.490790 0.072266
v -0.964228 0.389228 0.069336
v -0.973994 0.464423 0.141602
v -0.999384 0.453681 0.142578
v -0.970087 0.425361 0.144531
v -0.989619 0.393134 0.137695
v -0.966181 0.396064 0.137695
v -0.989619 0.392158 0.071289
v -0.964228 0.389228 0.069336
v -0.997431 0.478095 0.075195
v -0.978877 0.490790 0.072266
v -1.013056 0.393134 0.074219
v -1.024775 0.463447 0.077148
v -1.024775 0.446845 0.140625
v -1.016963 0.394111 0.138672
v -1.048213 0.396064 0.138672
v -1.057002 0.439033 0.135742
v -1.059931 0.441962 0.083984
v -1.050166 0.396064 0.083008
v -1.067744 0.397040 0.042969
v -1.034541 0.456611 0.051758
v -1.071650 0.433173 0.042969
v -1.034541 0.456611 -0.004883
v -1.070673 0.433173 -0.001953
v -1.027705 0.390205 -0.004883
v -1.066767 0.397040 -0.001953
v -0.964228 0.389228 0.062500
v -0.979853 0.491767 0.061523
v -1.005244 0.391181 0.056641
v -1.007197 0.472236 0.056641
v -0.976923 0.493720 -0.005859
v -1.007197 0.472236 -0.007812
v -0.959345 0.387275 -0.006836
v -1.005244 0.390205 -0.005859
v -1.027705 0.390205 0.051758
v -0.974970 0.423407 -0.164062
v -0.963252 0.368719 -0.154297
v -0.960322 0.365789 -0.139648
v -0.944697 0.366766 -0.184570
v -0.956416 0.416571 -0.195312
v -0.951533 0.427313 -0.194336
v -0.935908 0.364813 -0.180664
v -0.908564 0.452704 -0.152344
v -0.962275 0.446844 -0.121094
v -0.951533 0.458563 -0.107422
v -0.950556 0.365789 -0.109375
v -0.932002 0.368719 -0.089844
v -0.914423 0.368719 -0.150391
v -0.889033 0.370672 -0.139648
v -0.932978 0.439032 -0.166992
v -0.974970 0.432196 -0.152344
v -1.027705 0.459539 -0.029297
v -1.057978 0.394110 -0.038086
v -1.021845 0.387274 -0.027344
v -1.024775 0.385321 -0.091797
v -1.051142 0.392157 -0.092773
v -1.028681 0.454657 -0.090820
v -1.060908 0.435125 -0.089844
v -1.069697 0.437078 -0.039062
v -0.975947 0.495673 -0.017578
v -0.990595 0.383369 -0.019531
v -0.957392 0.388251 -0.012695
v -0.989619 0.382391 -0.089844
v -0.946650 0.383368 -0.083984
v -0.999384 0.473211 -0.091797
v -0.968134 0.484930 -0.092773
v -1.003291 0.477119 -0.022461
v -0.431025 0.631415 0.036133
v -0.608759 0.632392 0.047852
v -0.429072 0.549384 0.125000
v -0.605830 0.522040 0.154297
v -0.425166 0.441962 0.040039
v -0.603877 0.387275 0.051758
v -0.606806 0.435125 -0.100586
v -0.425166 0.482000 -0.083984
v -0.609736 0.578680 -0.100586
v -0.429072 0.591375 -0.083984
v -0.635127 0.514228 0.158203
v -0.633173 0.380439 0.053711
v -0.633173 0.426336 -0.104492
v -0.637080 0.573797 -0.104492
v -0.638056 0.627509 0.049805
v -0.662470 0.373603 0.052734
v -0.660517 0.417547 -0.104492
v -0.663447 0.565985 -0.104492
v -0.668330 0.619697 0.049805
v -0.666377 0.504462 0.157227
v -0.829463 0.382391 -0.098633
v -0.828486 0.355048 0.012695
v -0.828486 0.360908 0.075195
v -0.829463 0.408759 0.134766
v -0.830439 0.489814 0.151367
v -0.832392 0.552314 0.066406
v -0.833369 0.561103 0.003906
v -0.831416 0.508368 -0.098633
v -0.351816 -0.657694 -0.202872
v -0.339121 -0.764140 -0.147208
v -0.380137 -0.761211 -0.338614
v -0.351816 -0.657694 -0.202872
v -0.339121 -0.644022 -0.146232
v -0.434824 -0.612772 -0.162833
v -0.428965 -0.595194 -0.125724
v -0.380137 -0.761211 -0.338614
v -0.485606 -0.752422 -0.384513
v -0.506113 -0.504374 -0.079825
v -0.419199 -0.511210 -0.109122
v -0.428965 -0.595194 -0.125724
v -0.334238 -0.618632 -0.101310
v -0.339121 -0.644022 -0.146232
v -0.330332 -0.740702 -0.070060
v -0.318613 -0.633280 0.027597
v -0.330332 -0.519999 -0.066153
v -0.325449 -0.519999 0.015878
v -0.419199 -0.511210 -0.109122
v -0.330332 -0.519999 -0.066153
v -0.336191 -0.766093 -0.068107
v -0.330332 -0.740702 -0.070060
v -0.339121 -0.766093 0.033456
v -0.318613 -0.633280 0.027597
v -0.436777 -0.622538 0.087167
v -0.325449 -0.519999 0.015878
v -0.429941 -0.511210 0.077401
v -0.559824 -0.614726 0.031503
v -0.454356 -0.755351 0.099862
v -0.436777 -0.622538 0.087167
v -0.516856 -0.503397 0.024667
v -0.548106 -0.597147 -0.096427
v -0.556895 -0.623515 -0.139396
v -0.594980 -0.718241 -0.049552
v -0.559824 -0.614726 0.031503
v -0.567637 -0.748515 0.036386
v -0.592051 -0.743632 -0.048575
v -0.429941 -0.511210 0.077401
v -0.610606 -0.740702 -0.156974
v -0.594980 -0.718241 -0.049552
v -0.556895 -0.623515 -0.139396
v -0.555918 -0.645976 -0.199943
v -0.610606 -0.740702 -0.156974
v -0.573496 -0.745586 -0.335685
v -0.448496 -0.632304 -0.222403
v -0.555918 -0.645976 -0.199943
v -0.434824 -0.612772 -0.162833
v -0.506113 -0.504374 -0.079825
v -0.548106 -0.597147 -0.096427
v -0.485606 -0.752422 -0.384513
v -0.573496 -0.745586 -0.335685
v -0.448496 -0.632304 -0.222403
v -0.516856 -0.503397 0.024667
v -0.573496 -0.745586 -0.335685
v -0.485606 -0.752422 -0.384513
v -0.610606 -0.740702 -0.156974
v -0.454356 -0.755351 0.099862
v -0.567637 -0.748515 0.036386
v -0.339121 -0.766093 0.033456
v -0.336191 -0.766093 -0.068107
v -0.592051 -0.743632 -0.048575
v -0.567637 -0.748515 0.036386
v -0.516856 -0.503397 0.024667
v -0.429941 -0.511210 0.077401
v -0.506113 -0.504374 -0.079825
v -0.419199 -0.511210 -0.109122
v -0.325449 -0.519999 0.015878
v -0.419199 -0.511210 -0.109122
v -0.330332 -0.519999 -0.066153
v -0.592051 -0.743632 -0.048575
v -0.594980 -0.718241 -0.049552
v -0.336191 -0.766093 -0.068107
v -0.330332 -0.740702 -0.070060
v -0.485606 -0.752422 -0.384513
v -0.380137 -0.761211 -0.338614
v -0.610606 -0.740702 -0.156974
v -0.339121 -0.764140 -0.147208
v -0.330332 -0.740702 -0.070060
v -0.594980 -0.718241 -0.049552
v 0.337069 -0.766093 -0.068107
v 0.595858 -0.718241 -0.049552
v 0.592929 -0.743632 -0.048575
v 0.595858 -0.718241 -0.049552
v 0.331210 -0.740702 -0.070060
v 0.331210 -0.740702 -0.070060
v 0.611484 -0.740702 -0.156974
v 0.595858 -0.718241 -0.049552
v 0.611484 -0.740702 -0.156974
v 0.339999 -0.764141 -0.147208
v 0.574374 -0.745586 -0.335685
v 0.486484 -0.752422 -0.384513
v 0.339999 -0.764141 -0.147208
v 0.381015 -0.761211 -0.338614
v 0.486484 -0.752422 -0.384513
v 0.352694 -0.657695 -0.202873
v 0.381015 -0.761211 -0.338614
v 0.339999 -0.764141 -0.147208
v 0.339999 -0.644023 -0.146233
v 0.352694 -0.657695 -0.202873
v 0.435702 -0.612773 -0.162834
v 0.339999 -0.644023 -0.146233
v 0.352694 -0.657695 -0.202873
v 0.449374 -0.632305 -0.222404
v 0.486484 -0.752422 -0.384513
v 0.429843 -0.595194 -0.125725
v 0.435702 -0.612773 -0.162834
v 0.339999 -0.644023 -0.146233
v 0.335116 -0.618633 -0.101311
v 0.339999 -0.764141 -0.147208
v 0.331210 -0.740702 -0.070060
v 0.319491 -0.633280 0.027596
v 0.335116 -0.618633 -0.101311
v 0.339999 -0.766093 0.033456
v 0.437655 -0.622538 0.087166
v 0.437655 -0.622538 0.087166
v 0.455234 -0.755351 0.099862
v 0.455234 -0.755351 0.099862
v 0.560702 -0.614726 0.031502
v 0.595858 -0.718241 -0.049552
v 0.557773 -0.623515 -0.139397
v 0.611484 -0.740702 -0.156974
v 0.595858 -0.718241 -0.049552
v 0.568515 -0.748515 0.036386
v 0.560702 -0.614726 0.031502
v 0.568515 -0.748515 0.036386
v 0.592929 -0.743632 -0.048575
v 0.595858 -0.718241 -0.049552
v 0.557773 -0.623515 -0.139397
v 0.548984 -0.597147 -0.096428
v 0.611484 -0.740702 -0.156974
v 0.556796 -0.645977 -0.199944
v 0.574374 -0.745586 -0.335685
v 0.449374 -0.632305 -0.222404
v 0.556796 -0.645977 -0.199944
v 0.556796 -0.645977 -0.199944
v 0.435702 -0.612773 -0.162834
v 0.548984 -0.597147 -0.096428
v 0.429843 -0.595194 -0.125725
v 0.506991 -0.504374 -0.079826
v 0.517734 -0.503397 0.024666
v 0.506991 -0.504374 -0.079826
v 0.449374 -0.632305 -0.222404
v 0.486484 -0.752422 -0.384513
v 0.486484 -0.752422 -0.384513
v 0.429843 -0.595194 -0.125725
v 0.420077 -0.511210 -0.109123
v 0.420077 -0.511210 -0.109123
v 0.335116 -0.618633 -0.101311
v 0.331210 -0.519999 -0.066154
v 0.319491 -0.633280 0.027596
v 0.331210 -0.519999 -0.066154
v 0.331210 -0.519999 -0.066154
v 0.326327 -0.519999 0.015877
v 0.319491 -0.633280 0.027596
v 0.326327 -0.519999 0.015877
v 0.430818 -0.511210 0.077400
v 0.437655 -0.622538 0.087166
v 0.430818 -0.511210 0.077400
v 0.517734 -0.503397 0.024666
v 0.548984 -0.597147 -0.096428
v 0.560702 -0.614726 0.031502
v 0.592929 -0.743632 -0.048575
v 0.339999 -0.766093 0.033456
v 0.337069 -0.766093 -0.068107
v 0.568515 -0.748515 0.036386
v 0.339999 -0.766093 0.033456
v 0.455234 -0.755351 0.099862
v 0.568515 -0.748515 0.036386
v 0.337069 -0.766093 -0.068107
v 0.339999 -0.766093 0.033456
v 0.331210 -0.740702 -0.070060
v 0.331210 -0.740702 -0.070060
v 0.517734 -0.503397 0.024666
v 0.506991 -0.504374 -0.079826
v 0.430818 -0.511210 0.077400
v 0.420077 -0.511210 -0.109123
v 0.430818 -0.511210 0.077400
v 0.326327 -0.519999 0.015877
v 0.331210 -0.519999 -0.066154
vt 0.391602 0.632812
vt 0.446289 0.601562
vt 0.436523 0.672852
vt 0.500000 0.553711
vt 0.499023 0.646484
vt 0.490234 0.718750
vt 0.748047 0.870117
vt 0.748047 0.863281
vt 0.754883 0.866211
vt 0.758789 0.873047
vt 0.763672 0.866211
vt 0.770508 0.870117
vt 0.770508 0.863281
vt 0.748047 0.856445
vt 0.752930 0.859375
vt 0.758789 0.861328
vt 0.764648 0.859375
vt 0.770508 0.856445
vt 0.748047 0.849609
vt 0.751953 0.852539
vt 0.756836 0.854492
vt 0.761719 0.854492
vt 0.765625 0.852539
vt 0.770508 0.849609
vt 0.493164 0.738281
vt 0.459961 0.699219
vt 0.507812 0.689453
vt 0.751953 0.844727
vt 0.754883 0.846680
vt 0.758789 0.847656
vt 0.762695 0.846680
vt 0.766602 0.844727
vt 0.770508 0.841797
vt 0.425781 0.659180
vt 0.471680 0.646484
vt 0.515625 0.634766
vt 0.753906 0.839844
vt 0.757812 0.839844
vt 0.760742 0.839844
vt 0.763672 0.839844
vt 0.767578 0.837891
vt 0.770508 0.834961
vt 0.390625 0.618164
vt 0.433594 0.603516
vt 0.475586 0.588867
vt 0.535156 0.566406
vt 0.755859 0.832031
vt 0.758789 0.833008
vt 0.761719 0.832031
vt 0.764648 0.831055
vt 0.767578 0.830078
vt 0.770508 0.828125
vt 0.355469 0.694336
vt 0.410156 0.729492
vt 0.328125 0.736328
vt 0.777344 0.866211
vt 0.781250 0.873047
vt 0.785156 0.866211
vt 0.791992 0.870117
vt 0.791992 0.863281
vt 0.775391 0.859375
vt 0.781250 0.861328
vt 0.787109 0.859375
vt 0.791992 0.856445
vt 0.774414 0.852539
vt 0.778320 0.854492
vt 0.783203 0.854492
vt 0.788086 0.852539
vt 0.791992 0.849609
vt 0.773438 0.844727
vt 0.777344 0.846680
vt 0.781250 0.847656
vt 0.785156 0.846680
vt 0.788086 0.844727
vt 0.791992 0.841797
vt 0.772461 0.837891
vt 0.776367 0.839844
vt 0.779297 0.839844
vt 0.782227 0.839844
vt 0.786133 0.839844
vt 0.789062 0.837891
vt 0.791992 0.834961
vt 0.772461 0.830078
vt 0.775391 0.831055
vt 0.778320 0.832031
vt 0.781250 0.833008
vt 0.784180 0.832031
vt 0.786133 0.831055
vt 0.789062 0.830078
vt 0.791992 0.828125
vt 0.320312 0.653320
vt 0.285156 0.716797
vt 0.266602 0.635742
vt 0.798828 0.866211
vt 0.682617 0.870117
vt 0.689453 0.866211
vt 0.694336 0.873047
vt 0.698242 0.866211
vt 0.705078 0.870117
vt 0.705078 0.863281
vt 0.796875 0.859375
vt 0.688477 0.859375
vt 0.694336 0.861328
vt 0.700195 0.859375
vt 0.705078 0.856445
vt 0.795898 0.852539
vt 0.799805 0.854492
vt 0.691406 0.854492
vt 0.696289 0.854492
vt 0.701172 0.852539
vt 0.705078 0.849609
vt 0.794922 0.844727
vt 0.798828 0.846680
vt 0.690430 0.846680
vt 0.694336 0.847656
vt 0.698242 0.846680
vt 0.701172 0.844727
vt 0.705078 0.841797
vt 0.794922 0.837891
vt 0.797852 0.839844
vt 0.305664 0.533203
vt 0.361328 0.516602
vt 0.350586 0.572266
vt 0.293945 0.591797
vt 0.339844 0.628906
vt 0.285156 0.650391
vt 0.332031 0.685547
vt 0.279297 0.708008
vt 0.325195 0.740234
vt 0.702148 0.837891
vt 0.705078 0.834961
vt 0.793945 0.830078
vt 0.796875 0.831055
vt 0.416016 0.528320
vt 0.410156 0.556641
vt 0.400391 0.610352
vt 0.391602 0.665039
vt 0.382812 0.717773
vt 0.373047 0.736328
vt 0.702148 0.830078
vt 0.705078 0.828125
vt 0.373047 0.584961
vt 0.292969 0.569336
vt 0.351562 0.527344
vt 0.711914 0.866211
vt 0.715820 0.873047
vt 0.719727 0.866211
vt 0.726562 0.870117
vt 0.726562 0.863281
vt 0.709961 0.859375
vt 0.715820 0.861328
vt 0.721680 0.859375
vt 0.726562 0.856445
vt 0.708984 0.852539
vt 0.712891 0.854492
vt 0.717773 0.854492
vt 0.722656 0.852539
vt 0.726562 0.849609
vt 0.708008 0.844727
vt 0.711914 0.846680
vt 0.715820 0.847656
vt 0.719727 0.846680
vt 0.723633 0.844727
vt 0.726562 0.841797
vt 0.708008 0.837891
vt 0.710938 0.839844
vt 0.713867 0.839844
vt 0.716797 0.839844
vt 0.720703 0.839844
vt 0.723633 0.837891
vt 0.726562 0.834961
vt 0.707031 0.830078
vt 0.709961 0.831055
vt 0.712891 0.832031
vt 0.715820 0.833008
vt 0.718750 0.832031
vt 0.721680 0.831055
vt 0.723633 0.830078
vt 0.726562 0.828125
vt 0.434570 0.541992
vt 0.733398 0.866211
vt 0.737305 0.873047
vt 0.741211 0.866211
vt 0.731445 0.859375
vt 0.737305 0.861328
vt 0.743164 0.859375
vt 0.730469 0.852539
vt 0.735352 0.854492
vt 0.740234 0.854492
vt 0.744141 0.852539
vt 0.729492 0.844727
vt 0.733398 0.846680
vt 0.737305 0.847656
vt 0.741211 0.846680
vt 0.745117 0.844727
vt 0.443359 0.745117
vt 0.729492 0.837891
vt 0.732422 0.839844
vt 0.735352 0.839844
vt 0.739258 0.839844
vt 0.742188 0.839844
vt 0.387695 0.744141
vt 0.406250 0.702148
vt 0.729492 0.830078
vt 0.731445 0.831055
vt 0.734375 0.832031
vt 0.737305 0.833008
vt 0.740234 0.832031
vt 0.296875 0.742188
vt 0.339844 0.696289
vt 0.369141 0.658203
vt 0.342773 0.601562
vt 0.381836 0.567383
vt 0.295898 0.585938
vt 0.338867 0.534180
vt 0.375000 0.529297
vt 0.745117 0.816406
vt 0.744141 0.810547
vt 0.747070 0.810547
vt 0.748047 0.816406
vt 0.750000 0.810547
vt 0.750977 0.816406
vt 0.752930 0.810547
vt 0.528320 0.029297
vt 0.743164 0.029297
vt 0.743164 0.028320
vt 0.522461 0.028320
vt 0.743164 0.028320
vt 0.522461 0.028320
vt 0.743164 0.028320
vt 0.528320 0.029297
vt 0.540039 0.114258
vt 0.742188 0.022461
vt 0.742188 0.159180
vt 0.958008 0.030273
vt 0.968750 0.029297
vt 0.973633 0.028320
vt 0.973633 0.028320
vt 0.968750 0.029297
vt 0.945312 0.104492
vt 0.935547 0.237305
vt 0.113281 0.405273
vt 0.111328 0.396484
vt 0.114258 0.395508
vt 0.115234 0.405273
vt 0.116211 0.394531
vt 0.118164 0.405273
vt 0.119141 0.394531
vt 0.120117 0.405273
vt 0.121094 0.394531
vt 0.123047 0.405273
vt 0.124023 0.395508
vt 0.125000 0.405273
vt 0.125977 0.396484
vt 0.110352 0.387695
vt 0.113281 0.385742
vt 0.115234 0.384766
vt 0.118164 0.383789
vt 0.120117 0.383789
vt 0.123047 0.384766
vt 0.125000 0.385742
vt 0.126953 0.387695
vt 0.109375 0.379883
vt 0.111328 0.376953
vt 0.114258 0.374023
vt 0.116211 0.373047
vt 0.119141 0.373047
vt 0.121094 0.373047
vt 0.124023 0.374023
vt 0.125977 0.376953
vt 0.128906 0.379883
vt 0.768555 0.822266
vt 0.771484 0.822266
vt 0.767578 0.816406
vt 0.770508 0.816406
vt 0.772461 0.816406
vt 0.765625 0.810547
vt 0.768555 0.810547
vt 0.771484 0.810547
vt 0.774414 0.810547
vt 0.548828 0.794922
vt 0.742188 0.753906
vt 0.742188 0.851562
vt 0.548828 0.881836
vt 0.742188 0.922852
vt 0.548828 0.940430
vt 0.742188 0.966797
vt 0.548828 0.969727
vt 0.742188 0.981445
vt 0.935547 0.694336
vt 0.935547 0.799805
vt 0.935547 0.881836
vt 0.935547 0.938477
vt 0.935547 0.967773
vt 0.935547 0.969727
vt 0.132812 0.405273
vt 0.130859 0.396484
vt 0.133789 0.395508
vt 0.134766 0.405273
vt 0.135742 0.394531
vt 0.137695 0.405273
vt 0.138672 0.394531
vt 0.139648 0.405273
vt 0.140625 0.394531
vt 0.142578 0.405273
vt 0.143555 0.395508
vt 0.144531 0.405273
vt 0.145508 0.396484
vt 0.129883 0.387695
vt 0.132812 0.385742
vt 0.134766 0.384766
vt 0.137695 0.383789
vt 0.139648 0.383789
vt 0.142578 0.384766
vt 0.144531 0.385742
vt 0.146484 0.387695
vt 0.130859 0.376953
vt 0.133789 0.374023
vt 0.135742 0.373047
vt 0.138672 0.373047
vt 0.140625 0.373047
vt 0.143555 0.374023
vt 0.145508 0.376953
vt 0.148438 0.379883
vt 0.790039 0.822266
vt 0.792969 0.822266
vt 0.789062 0.816406
vt 0.791992 0.816406
vt 0.794922 0.816406
vt 0.788086 0.810547
vt 0.790039 0.810547
vt 0.792969 0.810547
vt 0.795898 0.810547
vt 0.548828 0.694336
vt 0.742188 0.753906
vt 0.742188 0.632812
vt 0.548828 0.559570
vt 0.742188 0.490234
vt 0.548828 0.406250
vt 0.742188 0.331055
vt 0.548828 0.237305
vt 0.742188 0.159180
vt 0.935547 0.794922
vt 0.935547 0.686523
vt 0.935547 0.556641
vt 0.935547 0.409180
vt 0.935547 0.247070
vt 0.945312 0.114258
vt 0.152344 0.405273
vt 0.150391 0.396484
vt 0.153320 0.395508
vt 0.154297 0.405273
vt 0.155273 0.394531
vt 0.157227 0.405273
vt 0.158203 0.394531
vt 0.159180 0.405273
vt 0.160156 0.394531
vt 0.161133 0.405273
vt 0.163086 0.395508
vt 0.164062 0.405273
vt 0.165039 0.396484
vt 0.149414 0.387695
vt 0.152344 0.385742
vt 0.154297 0.384766
vt 0.157227 0.383789
vt 0.159180 0.383789
vt 0.162109 0.384766
vt 0.164062 0.385742
vt 0.166016 0.387695
vt 0.150391 0.376953
vt 0.153320 0.374023
vt 0.155273 0.373047
vt 0.158203 0.373047
vt 0.160156 0.373047
vt 0.163086 0.374023
vt 0.165039 0.376953
vt 0.069336 0.387695
vt 0.068359 0.376953
vt 0.070312 0.379883
vt 0.703125 0.822266
vt 0.706055 0.822266
vt 0.702148 0.816406
vt 0.705078 0.816406
vt 0.708008 0.816406
vt 0.700195 0.810547
vt 0.703125 0.810547
vt 0.706055 0.810547
vt 0.708984 0.810547
vt 0.528320 0.083984
vt 0.743164 0.084961
vt 0.743164 0.083008
vt 0.522461 0.082031
vt 0.743164 0.081055
vt 0.522461 0.079102
vt 0.743164 0.078125
vt 0.528320 0.076172
vt 0.743164 0.074219
vt 0.958008 0.084961
vt 0.968750 0.083984
vt 0.973633 0.082031
vt 0.973633 0.079102
vt 0.968750 0.076172
vt 0.958008 0.072266
vt 0.074219 0.405273
vt 0.073242 0.396484
vt 0.075195 0.395508
vt 0.076172 0.405273
vt 0.077148 0.394531
vt 0.079102 0.405273
vt 0.080078 0.394531
vt 0.081055 0.405273
vt 0.082031 0.394531
vt 0.083984 0.405273
vt 0.084961 0.395508
vt 0.085938 0.405273
vt 0.086914 0.396484
vt 0.071289 0.387695
vt 0.074219 0.385742
vt 0.076172 0.384766
vt 0.079102 0.383789
vt 0.081055 0.383789
vt 0.083984 0.384766
vt 0.085938 0.385742
vt 0.087891 0.387695
vt 0.072266 0.376953
vt 0.075195 0.374023
vt 0.077148 0.373047
vt 0.080078 0.373047
vt 0.082031 0.373047
vt 0.084961 0.374023
vt 0.086914 0.376953
vt 0.089844 0.379883
vt 0.724609 0.822266
vt 0.727539 0.822266
vt 0.723633 0.816406
vt 0.726562 0.816406
vt 0.729492 0.816406
vt 0.722656 0.810547
vt 0.725586 0.810547
vt 0.727539 0.810547
vt 0.730469 0.810547
vt 0.528320 0.054688
vt 0.743164 0.057617
vt 0.743164 0.052734
vt 0.522461 0.050781
vt 0.743164 0.047852
vt 0.522461 0.045898
vt 0.743164 0.043945
vt 0.528320 0.041992
vt 0.743164 0.040039
vt 0.958008 0.059570
vt 0.968750 0.054688
vt 0.973633 0.050781
vt 0.973633 0.045898
vt 0.968750 0.041992
vt 0.958008 0.038086
vt 0.093750 0.405273
vt 0.092773 0.396484
vt 0.094727 0.395508
vt 0.095703 0.405273
vt 0.096680 0.394531
vt 0.098633 0.405273
vt 0.099609 0.394531
vt 0.100586 0.405273
vt 0.101562 0.394531
vt 0.103516 0.405273
vt 0.104492 0.395508
vt 0.105469 0.405273
vt 0.106445 0.396484
vt 0.090820 0.387695
vt 0.093750 0.385742
vt 0.095703 0.384766
vt 0.098633 0.383789
vt 0.100586 0.383789
vt 0.103516 0.384766
vt 0.105469 0.385742
vt 0.107422 0.387695
vt 0.091797 0.376953
vt 0.094727 0.374023
vt 0.096680 0.373047
vt 0.099609 0.373047
vt 0.101562 0.373047
vt 0.104492 0.374023
vt 0.106445 0.376953
vt 0.128906 0.396484
vt 0.129883 0.405273
vt 0.127930 0.405273
vt 0.742188 0.632812
vt 0.935547 0.559570
vt 0.742188 0.490234
vt 0.935547 0.406250
vt 0.742188 0.331055
vt 0.548828 0.686523
vt 0.548828 0.556641
vt 0.548828 0.409180
vt 0.548828 0.247070
vt 0.764648 0.817383
vt 0.762695 0.810547
vt 0.761719 0.817383
vt 0.760742 0.810547
vt 0.758789 0.817383
vt 0.757812 0.810547
vt 0.756836 0.817383
vt 0.754883 0.810547
vt 0.753906 0.817383
vt 0.765625 0.823242
vt 0.763672 0.824219
vt 0.760742 0.825195
vt 0.757812 0.825195
vt 0.754883 0.824219
vt 0.421875 0.529297
vt 0.467773 0.532227
vt 0.424805 0.549805
vt 0.148438 0.396484
vt 0.149414 0.405273
vt 0.147461 0.405273
vt 0.742188 0.851562
vt 0.935547 0.881836
vt 0.742188 0.922852
vt 0.935547 0.940430
vt 0.742188 0.966797
vt 0.548828 0.799805
vt 0.548828 0.881836
vt 0.548828 0.938477
vt 0.548828 0.967773
vt 0.786133 0.817383
vt 0.785156 0.810547
vt 0.783203 0.817383
vt 0.782227 0.810547
vt 0.781250 0.817383
vt 0.779297 0.810547
vt 0.778320 0.817383
vt 0.777344 0.810547
vt 0.775391 0.817383
vt 0.788086 0.823242
vt 0.785156 0.824219
vt 0.782227 0.825195
vt 0.779297 0.825195
vt 0.776367 0.824219
vt 0.774414 0.823242
vt 0.070312 0.396484
vt 0.067383 0.396484
vt 0.071289 0.405273
vt 0.069336 0.405273
vt 0.166016 0.405273
vt 0.743164 0.085938
vt 0.963867 0.085938
vt 0.743164 0.085938
vt 0.963867 0.085938
vt 0.743164 0.085938
vt 0.958008 0.084961
vt 0.742188 0.022461
vt 0.517578 0.084961
vt 0.511719 0.085938
vt 0.511719 0.085938
vt 0.517578 0.084961
vt 0.540039 0.114258
vt 0.699219 0.817383
vt 0.698242 0.810547
vt 0.696289 0.817383
vt 0.695312 0.810547
vt 0.694336 0.817383
vt 0.692383 0.810547
vt 0.691406 0.817383
vt 0.801758 0.810547
vt 0.799805 0.817383
vt 0.798828 0.810547
vt 0.796875 0.817383
vt 0.700195 0.823242
vt 0.485352 0.734375
vt 0.425781 0.729492
vt 0.441406 0.705078
vt 0.498047 0.687500
vt 0.452148 0.648438
vt 0.509766 0.629883
vt 0.461914 0.591797
vt 0.525391 0.562500
vt 0.481445 0.533203
vt 0.798828 0.824219
vt 0.795898 0.823242
vt 0.089844 0.396484
vt 0.090820 0.405273
vt 0.088867 0.405273
vt 0.743164 0.061523
vt 0.963867 0.063477
vt 0.743164 0.066406
vt 0.963867 0.068359
vt 0.743164 0.070312
vt 0.517578 0.059570
vt 0.511719 0.063477
vt 0.511719 0.068359
vt 0.517578 0.072266
vt 0.720703 0.817383
vt 0.719727 0.810547
vt 0.718750 0.817383
vt 0.716797 0.810547
vt 0.715820 0.817383
vt 0.713867 0.810547
vt 0.712891 0.817383
vt 0.711914 0.810547
vt 0.709961 0.817383
vt 0.722656 0.823242
vt 0.719727 0.824219
vt 0.716797 0.825195
vt 0.713867 0.825195
vt 0.711914 0.824219
vt 0.708984 0.823242
vt 0.109375 0.396484
vt 0.110352 0.405273
vt 0.108398 0.405273
vt 0.743164 0.031250
vt 0.963867 0.032227
vt 0.743164 0.033203
vt 0.963867 0.035156
vt 0.743164 0.036133
vt 0.517578 0.030273
vt 0.511719 0.032227
vt 0.511719 0.035156
vt 0.517578 0.038086
vt 0.743164 0.817383
vt 0.741211 0.810547
vt 0.740234 0.817383
vt 0.738281 0.810547
vt 0.737305 0.817383
vt 0.736328 0.810547
vt 0.734375 0.817383
vt 0.733398 0.810547
vt 0.732422 0.817383
vt 0.318359 0.640625
vt 0.268555 0.625000
vt 0.281250 0.685547
vt 0.741211 0.824219
vt 0.738281 0.825195
vt 0.736328 0.825195
vt 0.733398 0.824219
vt 0.730469 0.823242
vt 0.138672 0.295898
vt 0.148438 0.306641
vt 0.128906 0.306641
vt 0.148438 0.316406
vt 0.138672 0.313477
vt 0.128906 0.316406
vt 0.148438 0.327148
vt 0.142578 0.322266
vt 0.134766 0.322266
vt 0.128906 0.327148
vt 0.148438 0.337891
vt 0.143555 0.333008
vt 0.138672 0.331055
vt 0.132812 0.333008
vt 0.128906 0.337891
vt 0.148438 0.348633
vt 0.144531 0.343750
vt 0.140625 0.340820
vt 0.136719 0.340820
vt 0.131836 0.343750
vt 0.128906 0.348633
vt 0.148438 0.358398
vt 0.145508 0.354492
vt 0.141602 0.351562
vt 0.138672 0.350586
vt 0.134766 0.351562
vt 0.131836 0.354492
vt 0.128906 0.358398
vt 0.148438 0.369141
vt 0.145508 0.365234
vt 0.142578 0.363281
vt 0.139648 0.361328
vt 0.136719 0.361328
vt 0.133789 0.363281
vt 0.130859 0.365234
vt 0.128906 0.369141
vt 0.060547 0.295898
vt 0.070312 0.306641
vt 0.050781 0.306641
vt 0.070312 0.316406
vt 0.060547 0.313477
vt 0.158203 0.313477
vt 0.070312 0.327148
vt 0.064453 0.322266
vt 0.161133 0.322266
vt 0.154297 0.322266
vt 0.070312 0.337891
vt 0.065430 0.333008
vt 0.163086 0.333008
vt 0.158203 0.331055
vt 0.152344 0.333008
vt 0.070312 0.348633
vt 0.066406 0.343750
vt 0.164062 0.343750
vt 0.160156 0.340820
vt 0.156250 0.340820
vt 0.151367 0.343750
vt 0.070312 0.358398
vt 0.067383 0.354492
vt 0.165039 0.354492
vt 0.161133 0.351562
vt 0.158203 0.350586
vt 0.154297 0.351562
vt 0.151367 0.354492
vt 0.070312 0.369141
vt 0.067383 0.365234
vt 0.165039 0.365234
vt 0.162109 0.363281
vt 0.159180 0.361328
vt 0.156250 0.361328
vt 0.153320 0.363281
vt 0.150391 0.365234
vt 0.080078 0.295898
vt 0.089844 0.306641
vt 0.089844 0.316406
vt 0.080078 0.313477
vt 0.089844 0.327148
vt 0.083984 0.322266
vt 0.076172 0.322266
vt 0.089844 0.337891
vt 0.084961 0.333008
vt 0.080078 0.331055
vt 0.074219 0.333008
vt 0.089844 0.348633
vt 0.085938 0.343750
vt 0.082031 0.340820
vt 0.078125 0.340820
vt 0.074219 0.343750
vt 0.089844 0.358398
vt 0.086914 0.354492
vt 0.083008 0.351562
vt 0.080078 0.350586
vt 0.076172 0.351562
vt 0.073242 0.354492
vt 0.089844 0.369141
vt 0.086914 0.365234
vt 0.083984 0.363281
vt 0.081055 0.361328
vt 0.078125 0.361328
vt 0.075195 0.363281
vt 0.073242 0.365234
vt 0.099609 0.295898
vt 0.109375 0.306641
vt 0.109375 0.316406
vt 0.099609 0.313477
vt 0.109375 0.327148
vt 0.103516 0.322266
vt 0.095703 0.322266
vt 0.109375 0.337891
vt 0.104492 0.333008
vt 0.099609 0.331055
vt 0.093750 0.333008
vt 0.109375 0.348633
vt 0.105469 0.343750
vt 0.101562 0.340820
vt 0.097656 0.340820
vt 0.093750 0.343750
vt 0.109375 0.358398
vt 0.106445 0.354492
vt 0.102539 0.351562
vt 0.099609 0.350586
vt 0.095703 0.351562
vt 0.092773 0.354492
vt 0.109375 0.369141
vt 0.106445 0.365234
vt 0.103516 0.363281
vt 0.100586 0.361328
vt 0.097656 0.361328
vt 0.094727 0.363281
vt 0.092773 0.365234
vt 0.119141 0.295898
vt 0.119141 0.313477
vt 0.123047 0.322266
vt 0.115234 0.322266
vt 0.124023 0.333008
vt 0.119141 0.331055
vt 0.113281 0.333008
vt 0.125000 0.343750
vt 0.121094 0.340820
vt 0.117188 0.340820
vt 0.112305 0.343750
vt 0.125977 0.354492
vt 0.122070 0.351562
vt 0.119141 0.350586
vt 0.115234 0.351562
vt 0.112305 0.354492
vt 0.125977 0.365234
vt 0.123047 0.363281
vt 0.120117 0.361328
vt 0.117188 0.361328
vt 0.114258 0.363281
vt 0.112305 0.365234
vt 0.373047 0.467773
vt 0.346680 0.372070
vt 0.283203 0.232422
vt 0.329102 0.349609
vt 0.373047 0.462891
vt 0.373047 0.460938
vt 0.329102 0.346680
vt 0.373047 0.459961
vt 0.329102 0.346680
vt 0.373047 0.459961
vt 0.330078 0.346680
vt 0.329102 0.346680
vt 0.373047 0.459961
vt 0.373047 0.459961
vt 0.329102 0.346680
vt 0.373047 0.462891
vt 0.329102 0.349609
vt 0.346680 0.372070
vt 0.283203 0.238281
vt 0.346680 0.372070
vt 0.346680 0.372070
vt 0.373047 0.467773
vt 0.346680 0.371094
vt 0.373047 0.469727
vt 0.373047 0.469727
vt 0.346680 0.371094
vt 0.373047 0.469727
vt 0.347656 0.370117
vt 0.373047 0.469727
vt 0.347656 0.370117
vt 0.347656 0.370117
vt 0.373047 0.469727
vt 0.346680 0.371094
vt 0.373047 0.469727
vt 0.346680 0.371094
vt 0.373047 0.469727
vt 0.373047 0.467773
vt 0.346680 0.372070
vt 0.346680 0.372070
vt 0.057617 0.887695
vt 0.058594 0.896484
vt 0.058594 0.888672
vt 0.050781 0.887695
vt 0.051758 0.896484
vt 0.055664 0.894531
vt 0.052734 0.900391
vt 0.056641 0.901367
vt 0.057617 0.880859
vt 0.053711 0.879883
vt 0.053711 0.875977
vt 0.052734 0.876953
vt 0.058594 0.896484
vt 0.057617 0.887695
vt 0.058594 0.888672
vt 0.056641 0.901367
vt 0.055664 0.894531
vt 0.052734 0.900391
vt 0.051758 0.896484
vt 0.050781 0.887695
vt 0.052734 0.876953
vt 0.053711 0.879883
vt 0.054688 0.875977
vt 0.057617 0.880859
vt 0.069336 0.717773
vt 0.063477 0.720703
vt 0.069336 0.721680
vt 0.068359 0.717773
vt 0.064453 0.715820
vt 0.063477 0.717773
vt 0.059570 0.717773
vt 0.059570 0.715820
vt 0.056641 0.715820
vt 0.056641 0.717773
vt 0.059570 0.717773
vt 0.059570 0.715820
vt 0.064453 0.715820
vt 0.063477 0.717773
vt 0.067383 0.720703
vt 0.068359 0.717773
vt 0.069336 0.721680
vt 0.069336 0.717773
vt 0.068359 0.714844
vt 0.064453 0.714844
vt 0.064453 0.714844
vt 0.059570 0.714844
vt 0.056641 0.714844
vt 0.059570 0.714844
vt 0.059570 0.714844
vt 0.068359 0.714844
vt 0.064453 0.714844
vt 0.489258 0.976562
vt 0.492188 0.769531
vt 0.322266 0.973633
vt 0.322266 0.768555
vt 0.300781 0.248047
vt 0.304688 0.248047
vt 0.285156 0.315430
vt 0.308594 0.248047
vt 0.266602 0.248047
vt 0.270508 0.248047
vt 0.274414 0.248047
vt 0.281250 0.248047
vt 0.285156 0.248047
vt 0.300781 0.248047
vt 0.285156 0.315430
vt 0.304688 0.248047
vt 0.308594 0.248047
vt 0.285156 0.248047
vt 0.281250 0.248047
vt 0.274414 0.248047
vt 0.270508 0.248047
vt 0.266602 0.248047
vt 0.294922 0.266602
vt 0.266602 0.266602
vt 0.295898 0.291016
vt 0.267578 0.291992
vt 0.295898 0.285156
vt 0.294922 0.266602
vt 0.269531 0.284180
vt 0.266602 0.266602
vt 0.295898 0.296875
vt 0.294922 0.266602
vt 0.268555 0.287109
vt 0.266602 0.266602
vt 0.295898 0.291016
vt 0.295898 0.266602
vt 0.267578 0.291016
vt 0.266602 0.266602
vt 0.489258 0.976562
vt 0.492188 0.769531
vt 0.322266 0.972656
vt 0.322266 0.767578
vt 0.322266 0.767578
vt 0.492188 0.769531
vt 0.322266 0.973633
vt 0.489258 0.976562
vt 0.322266 0.768555
vt 0.492188 0.769531
vt 0.322266 0.973633
vt 0.489258 0.976562
vt 0.266602 0.266602
vt 0.268555 0.295898
vt 0.268555 0.286133
vt 0.266602 0.266602
vt 0.064453 0.738281
vt 0.066406 0.734375
vt 0.054688 0.856445
vt 0.062500 0.736328
vt 0.067383 0.732422
vt 0.028320 0.722656
vt 0.028320 0.736328
vt 0.068359 0.736328
vt 0.028320 0.740234
vt 0.027344 0.742188
vt 0.065430 0.740234
vt 0.029297 0.736328
vt 0.029297 0.723633
vt 0.029297 0.718750
vt 0.027344 0.717773
vt 0.029297 0.714844
vt 0.027344 0.714844
vt 0.029297 0.714844
vt 0.031250 0.714844
vt 0.031250 0.721680
vt 0.031250 0.727539
vt 0.031250 0.734375
vt 0.029297 0.740234
vt 0.031250 0.743164
vt 0.034180 0.727539
vt 0.034180 0.721680
vt 0.034180 0.714844
vt 0.034180 0.714844
vt 0.031250 0.714844
vt 0.031250 0.721680
vt 0.034180 0.721680
vt 0.036133 0.714844
vt 0.036133 0.721680
vt 0.036133 0.727539
vt 0.034180 0.727539
vt 0.034180 0.743164
vt 0.034180 0.734375
vt 0.036133 0.734375
vt 0.036133 0.740234
vt 0.036133 0.750977
vt 0.034180 0.750977
vt 0.034180 0.743164
vt 0.034180 0.734375
vt 0.031250 0.734375
vt 0.031250 0.727539
vt 0.029297 0.723633
vt 0.029297 0.718750
vt 0.029297 0.714844
vt 0.027344 0.714844
vt 0.027344 0.717773
vt 0.028320 0.722656
vt 0.028320 0.736328
vt 0.029297 0.736328
vt 0.029297 0.740234
vt 0.031250 0.743164
vt 0.031250 0.750977
vt 0.067383 0.760742
vt 0.065430 0.756836
vt 0.064453 0.765625
vt 0.065430 0.756836
vt 0.054688 0.781250
vt 0.053711 0.756836
vt 0.055664 0.756836
vt 0.027344 0.750977
vt 0.027344 0.742188
vt 0.027344 0.740234
vt 0.064453 0.738281
vt 0.065430 0.740234
vt 0.069336 0.742188
vt 0.067383 0.750977
vt 0.069336 0.750977
vt 0.037109 0.761719
vt 0.038086 0.757812
vt 0.039062 0.806641
vt 0.038086 0.757812
vt 0.030273 0.761719
vt 0.037109 0.761719
vt 0.064453 0.750977
vt 0.062500 0.745117
vt 0.059570 0.745117
vt 0.030273 0.819336
vt 0.056641 0.744141
vt 0.064453 0.744141
vt 0.064453 0.750977
vt 0.062500 0.745117
vt 0.030273 0.761719
vt 0.059570 0.745117
vt 0.056641 0.744141
vt 0.037109 0.919922
vt 0.030273 0.908203
vt 0.056641 0.742188
vt 0.027344 0.887695
vt 0.022461 0.881836
vt 0.030273 0.867188
vt 0.030273 0.867188
vt 0.056641 0.740234
vt 0.026367 0.887695
vt 0.030273 0.907227
vt 0.037109 0.919922
vt 0.035156 0.927734
vt 0.053711 0.926758
vt 0.051758 0.918945
vt 0.062500 0.916016
vt 0.058594 0.910156
vt 0.069336 0.883789
vt 0.063477 0.884766
vt 0.063477 0.861328
vt 0.029297 0.852539
vt 0.029297 0.858398
vt 0.043945 0.844727
vt 0.043945 0.852539
vt 0.053711 0.838867
vt 0.055664 0.756836
vt 0.064453 0.744141
vt 0.067383 0.750977
vt 0.069336 0.742188
vt 0.069336 0.750977
vt 0.034180 0.750977
vt 0.067383 0.760742
vt 0.053711 0.756836
vt 0.027344 0.750977
vt 0.031250 0.750977
vt 0.442383 0.687500
vt 0.449219 0.687500
vt 0.442383 0.692383
vt 0.449219 0.692383
vt 0.449219 0.672852
vt 0.442383 0.672852
vt 0.436523 0.672852
vt 0.449219 0.653320
vt 0.455078 0.653320
vt 0.455078 0.672852
vt 0.455078 0.687500
vt 0.455078 0.692383
vt 0.442383 0.653320
vt 0.436523 0.653320
vt 0.430664 0.672852
vt 0.430664 0.653320
vt 0.423828 0.672852
vt 0.423828 0.653320
vt 0.417969 0.672852
vt 0.417969 0.653320
vt 0.412109 0.672852
vt 0.412109 0.653320
vt 0.406250 0.672852
vt 0.406250 0.653320
vt 0.399414 0.672852
vt 0.399414 0.653320
vt 0.393555 0.672852
vt 0.393555 0.653320
vt 0.412109 0.687500
vt 0.417969 0.687500
vt 0.406250 0.687500
vt 0.406250 0.692383
vt 0.412109 0.692383
vt 0.417969 0.692383
vt 0.387695 0.653320
vt 0.387695 0.672852
vt 0.393555 0.687500
vt 0.399414 0.687500
vt 0.380859 0.653320
vt 0.380859 0.672852
vt 0.387695 0.687500
vt 0.387695 0.692383
vt 0.393555 0.692383
vt 0.399414 0.692383
vt 0.346680 0.392578
vt 0.365234 0.397461
vt 0.346680 0.392578
vt 0.346680 0.392578
vt 0.364258 0.416992
vt 0.346680 0.394531
vt 0.364258 0.404297
vt 0.346680 0.392578
vt 0.365234 0.397461
vt 0.364258 0.397461
vt 0.365234 0.390625
vt 0.365234 0.397461
vt 0.365234 0.389648
vt 0.365234 0.389648
vt 0.346680 0.392578
vt 0.365234 0.397461
vt 0.365234 0.397461
vt 0.365234 0.389648
vt 0.365234 0.390625
vt 0.364258 0.397461
vt 0.364258 0.404297
vt 0.346680 0.394531
vt 0.364258 0.416992
vt 0.442383 0.687500
vt 0.442383 0.692383
vt 0.449219 0.687500
vt 0.449219 0.692383
vt 0.436523 0.672852
vt 0.442383 0.672852
vt 0.449219 0.672852
vt 0.436523 0.653320
vt 0.442383 0.653320
vt 0.449219 0.653320
vt 0.455078 0.653320
vt 0.455078 0.672852
vt 0.455078 0.687500
vt 0.455078 0.692383
vt 0.430664 0.672852
vt 0.430664 0.653320
vt 0.423828 0.672852
vt 0.423828 0.653320
vt 0.417969 0.672852
vt 0.417969 0.653320
vt 0.412109 0.672852
vt 0.412109 0.653320
vt 0.406250 0.672852
vt 0.406250 0.653320
vt 0.399414 0.672852
vt 0.399414 0.653320
vt 0.393555 0.672852
vt 0.393555 0.653320
vt 0.387695 0.672852
vt 0.387695 0.653320
vt 0.380859 0.672852
vt 0.380859 0.653320
vt 0.399414 0.687500
vt 0.393555 0.687500
vt 0.399414 0.692383
vt 0.393555 0.692383
vt 0.387695 0.692383
vt 0.387695 0.687500
vt 0.412109 0.687500
vt 0.417969 0.687500
vt 0.406250 0.687500
vt 0.406250 0.692383
vt 0.412109 0.692383
vt 0.417969 0.692383
vt 0.436523 0.692383
vt 0.436523 0.687500
vt 0.430664 0.692383
vt 0.430664 0.687500
vt 0.423828 0.692383
vt 0.423828 0.687500
vt 0.283203 0.241211
vt 0.289062 0.243164
vt 0.283203 0.238281
vt 0.283203 0.232422
vt 0.346680 0.372070
vt 0.283203 0.241211
vt 0.284180 0.241211
vt 0.283203 0.241211
vt 0.284180 0.234375
vt 0.283203 0.234375
vt 0.283203 0.241211
vt 0.283203 0.234375
vt 0.283203 0.241211
vt 0.283203 0.241211
vt 0.283203 0.238281
vt 0.282227 0.243164
vt 0.283203 0.232422
vt 0.295898 0.274414
vt 0.295898 0.292969
vt 0.267578 0.251953
vt 0.295898 0.251953
vt 0.283203 0.229492
vt 0.284180 0.231445
vt 0.283203 0.229492
vt 0.284180 0.229492
vt 0.283203 0.229492
vt 0.283203 0.230469
vt 0.380859 0.605469
vt 0.387695 0.625000
vt 0.380859 0.624023
vt 0.387695 0.643555
vt 0.380859 0.643555
vt 0.393555 0.643555
vt 0.393555 0.625000
vt 0.399414 0.643555
vt 0.399414 0.625000
vt 0.406250 0.643555
vt 0.406250 0.625000
vt 0.412109 0.643555
vt 0.412109 0.625000
vt 0.417969 0.643555
vt 0.417969 0.625000
vt 0.423828 0.643555
vt 0.423828 0.625000
vt 0.430664 0.643555
vt 0.430664 0.625000
vt 0.436523 0.643555
vt 0.436523 0.625000
vt 0.442383 0.643555
vt 0.442383 0.625000
vt 0.417969 0.605469
vt 0.412109 0.605469
vt 0.417969 0.585938
vt 0.406250 0.605469
vt 0.436523 0.605469
vt 0.430664 0.605469
vt 0.423828 0.605469
vt 0.449219 0.643555
vt 0.449219 0.625000
vt 0.455078 0.643555
vt 0.455078 0.624023
vt 0.449219 0.605469
vt 0.455078 0.605469
vt 0.442383 0.605469
vt 0.399414 0.605469
vt 0.393555 0.605469
vt 0.387695 0.605469
vt 0.380859 0.643555
vt 0.387695 0.643555
vt 0.380859 0.624023
vt 0.387695 0.625000
vt 0.380859 0.605469
vt 0.393555 0.643555
vt 0.393555 0.625000
vt 0.399414 0.643555
vt 0.399414 0.625000
vt 0.406250 0.643555
vt 0.406250 0.625000
vt 0.412109 0.643555
vt 0.412109 0.625000
vt 0.417969 0.643555
vt 0.417969 0.625000
vt 0.423828 0.643555
vt 0.423828 0.625000
vt 0.430664 0.643555
vt 0.430664 0.625000
vt 0.436523 0.643555
vt 0.436523 0.625000
vt 0.442383 0.643555
vt 0.442383 0.625000
vt 0.436523 0.605469
vt 0.430664 0.605469
vt 0.423828 0.605469
vt 0.417969 0.585938
vt 0.417969 0.605469
vt 0.412109 0.605469
vt 0.406250 0.605469
vt 0.449219 0.643555
vt 0.449219 0.625000
vt 0.455078 0.643555
vt 0.455078 0.624023
vt 0.449219 0.605469
vt 0.455078 0.605469
vt 0.442383 0.605469
vt 0.399414 0.605469
vt 0.393555 0.605469
vt 0.387695 0.605469
vt 0.029297 0.852539
vt 0.043945 0.845703
vt 0.030273 0.858398
vt 0.044922 0.852539
vt 0.053711 0.838867
vt 0.054688 0.856445
vt 0.035156 0.927734
vt 0.053711 0.926758
vt 0.051758 0.918945
vt 0.062500 0.916016
vt 0.058594 0.910156
vt 0.069336 0.883789
vt 0.063477 0.884766
vt 0.063477 0.861328
vt 0.062500 0.736328
vt 0.066406 0.734375
vt 0.046875 0.738281
vt 0.068359 0.736328
vt 0.067383 0.732422
vt 0.059570 0.721680
vt 0.161133 0.918945
vt 0.073242 0.865234
vt 0.198242 0.725586
vt 0.052734 0.739258
vt 0.167969 0.622070
vt 0.095703 0.605469
vt 0.489258 0.976562
vt 0.492188 0.769531
vt 0.322266 0.973633
vt 0.322266 0.768555
vt 0.492188 0.769531
vt 0.489258 0.976562
vt 0.161133 0.918945
vt 0.198242 0.725586
vt 0.073242 0.865234
vt 0.052734 0.739258
vt 0.167969 0.622070
vt 0.095703 0.605469
vt 0.430664 0.687500
vt 0.436523 0.687500
vt 0.423828 0.687500
vt 0.423828 0.692383
vt 0.430664 0.692383
vt 0.436523 0.692383
vt 0.028320 0.736328
vt 0.029297 0.736328
vt 0.029297 0.736328
vt 0.029297 0.738281
vt 0.029297 0.740234
vt 0.029297 0.740234
vt 0.028320 0.740234
vt 0.027344 0.740234
vt 0.029297 0.740234
vt 0.029297 0.740234
vt 0.029297 0.738281
vt 0.029297 0.736328
vt 0.029297 0.736328
vt 0.028320 0.736328
vt 0.030273 0.858398
vt 0.059570 0.737305
vt 0.029297 0.852539
vt 0.056641 0.736328
vt 0.056641 0.736328
vt 0.058594 0.736328
vt 0.059570 0.737305
vt 0.029297 0.858398
vt 0.022461 0.881836
vt 0.030273 0.867188
vt 0.056641 0.740234
vt 0.056641 0.738281
vt 0.030273 0.867188
vt 0.283203 0.285156
vt 0.283203 0.285156
vt 0.283203 0.284180
vt 0.283203 0.284180
vt 0.283203 0.285156
vt 0.283203 0.285156
vt 0.283203 0.285156
vt 0.283203 0.285156
vt 0.283203 0.285156
vt 0.283203 0.285156
vt 0.282227 0.285156
vt 0.282227 0.284180
vt 0.282227 0.284180
vt 0.282227 0.285156
vt 0.282227 0.285156
vt 0.282227 0.285156
vt 0.283203 0.285156
vt 0.283203 0.285156
vt 0.365234 0.416992
vt 0.364258 0.416992
vt 0.364258 0.422852
vt 0.364258 0.422852
vt 0.364258 0.431641
vt 0.364258 0.425781
vt 0.364258 0.397461
vt 0.364258 0.404297
vt 0.364258 0.416992
vt 0.365234 0.416016
vt 0.365234 0.422852
vt 0.365234 0.416016
vt 0.365234 0.422852
vt 0.365234 0.423828
vt 0.365234 0.436523
vt 0.365234 0.436523
vt 0.365234 0.436523
vt 0.365234 0.435547
vt 0.365234 0.423828
vt 0.365234 0.416016
vt 0.365234 0.416016
vt 0.364258 0.431641
vt 0.365234 0.423828
vt 0.365234 0.436523
vt 0.365234 0.422852
vt 0.365234 0.436523
vt 0.365234 0.436523
vt 0.365234 0.422852
vt 0.365234 0.416016
vt 0.365234 0.416992
vt 0.364258 0.397461
vt 0.364258 0.404297
vt 0.364258 0.422852
vt 0.364258 0.416992
vt 0.364258 0.416992
vt 0.364258 0.422852
vt 0.364258 0.425781
vt 0.266602 0.266602
vt 0.267578 0.291992
vt 0.280273 0.266602
vt 0.282227 0.295898
vt 0.280273 0.266602
vt 0.283203 0.285156
vt 0.281250 0.266602
vt 0.283203 0.285156
vt 0.281250 0.296875
vt 0.281250 0.266602
vt 0.266602 0.291992
vt 0.267578 0.266602
vt 0.283203 0.285156
vt 0.283203 0.285156
vt 0.283203 0.285156
vt 0.283203 0.285156
vt 0.283203 0.285156
vt 0.283203 0.285156
vt 0.283203 0.285156
vt 0.283203 0.285156
vt 0.283203 0.285156
vt 0.283203 0.285156
vt 0.282227 0.285156
vt 0.282227 0.285156
vt 0.282227 0.285156
vt 0.282227 0.285156
vt 0.282227 0.285156
vt 0.282227 0.285156
vt 0.284180 0.280273
vt 0.284180 0.280273
vt 0.284180 0.280273
vt 0.284180 0.280273
vt 0.284180 0.280273
vt 0.284180 0.280273
vt 0.284180 0.280273
vt 0.284180 0.280273
vt 0.284180 0.280273
vt 0.284180 0.280273
vt 0.284180 0.280273
vt 0.284180 0.280273
vt 0.284180 0.280273
vt 0.284180 0.280273
vt 0.284180 0.280273
vt 0.284180 0.280273
vt 0.284180 0.280273
vt 0.284180 0.280273
vt 0.284180 0.280273
vt 0.284180 0.280273
vt 0.284180 0.280273
vt 0.284180 0.280273
vt 0.284180 0.280273
vt 0.284180 0.280273
vt 0.284180 0.280273
vt 0.284180 0.280273
vt 0.284180 0.280273
vt 0.284180 0.280273
vt 0.284180 0.280273
vt 0.284180 0.280273
vt 0.284180 0.280273
vt 0.284180 0.280273
vt 0.284180 0.280273
vt 0.284180 0.280273
vt 0.027344 0.570312
vt 0.027344 0.571289
vt 0.036133 0.571289
vt 0.043945 0.571289
vt 0.043945 0.571289
vt 0.044922 0.570312
vt 0.044922 0.571289
vt 0.044922 0.582031
vt 0.051758 0.571289
vt 0.051758 0.582031
vt 0.051758 0.582031
vt 0.043945 0.582031
vt 0.043945 0.582031
vt 0.043945 0.613281
vt 0.043945 0.613281
vt 0.045898 0.613281
vt 0.043945 0.624023
vt 0.047852 0.624023
vt 0.047852 0.618164
vt 0.051758 0.624023
vt 0.051758 0.613281
vt 0.051758 0.613281
vt 0.059570 0.569336
vt 0.059570 0.582031
vt 0.059570 0.613281
vt 0.059570 0.625977
vt 0.059570 0.636719
vt 0.051758 0.634766
vt 0.051758 0.628906
vt 0.047852 0.634766
vt 0.047852 0.628906
vt 0.043945 0.625000
vt 0.043945 0.634766
vt 0.043945 0.634766
vt 0.043945 0.675781
vt 0.044922 0.675781
vt 0.043945 0.660156
vt 0.047852 0.660156
vt 0.047852 0.675781
vt 0.051758 0.660156
vt 0.059570 0.675781
vt 0.059570 0.652344
vt 0.051758 0.644531
vt 0.051758 0.639648
vt 0.047852 0.644531
vt 0.047852 0.639648
vt 0.043945 0.644531
vt 0.043945 0.560547
vt 0.036133 0.560547
vt 0.027344 0.560547
vt 0.027344 0.560547
vt 0.047852 0.555664
vt 0.044922 0.555664
vt 0.047852 0.560547
vt 0.044922 0.560547
vt 0.047852 0.566406
vt 0.043945 0.565430
vt 0.043945 0.560547
vt 0.059570 0.550781
vt 0.047852 0.550781
vt 0.059570 0.560547
vt 0.051758 0.566406
vt 0.043945 0.550781
vt 0.043945 0.555664
vt 0.044922 0.550781
vt 0.043945 0.550781
vt 0.043945 0.550781
vt 0.043945 0.560547
vt 0.043945 0.560547
vt 0.027344 0.560547
vt 0.027344 0.560547
vt 0.027344 0.550781
vt 0.027344 0.550781
vt 0.036133 0.550781
vt 0.027344 0.550781
vt 0.043945 0.550781
vt 0.043945 0.560547
vt 0.027344 0.560547
vt 0.027344 0.550781
vt 0.043945 0.550781
vt 0.043945 0.560547
vt 0.027344 0.560547
vt 0.027344 0.560547
vt 0.043945 0.560547
vt 0.043945 0.560547
vt 0.043945 0.570312
vt 0.043945 0.570312
vt 0.027344 0.570312
vt 0.027344 0.570312
vt 0.027344 0.560547
vt 0.027344 0.560547
vt 0.043945 0.560547
vt 0.043945 0.560547
vt 0.043945 0.570312
vt 0.043945 0.570312
vt 0.027344 0.570312
vt 0.027344 0.570312
vt 0.027344 0.560547
vt 0.043945 0.582031
vt 0.051758 0.582031
vt 0.051758 0.582031
vt 0.051758 0.613281
vt 0.051758 0.613281
vt 0.043945 0.613281
vt 0.043945 0.613281
vt 0.051758 0.582031
vt 0.051758 0.582031
vt 0.051758 0.613281
vt 0.051758 0.613281
vt 0.043945 0.613281
vt 0.043945 0.613281
vt 0.043945 0.582031
vt 0.043945 0.582031
vt 0.043945 0.582031
vt 0.027344 0.571289
vt 0.043945 0.571289
vt 0.043945 0.571289
vt 0.043945 0.582031
vt 0.043945 0.582031
vt 0.027344 0.582031
vt 0.027344 0.582031
vt 0.027344 0.571289
vt 0.027344 0.571289
vt 0.043945 0.571289
vt 0.043945 0.571289
vt 0.043945 0.582031
vt 0.043945 0.582031
vt 0.027344 0.582031
vt 0.027344 0.582031
vt 0.027344 0.571289
vt 0.051758 0.565430
vt 0.051758 0.562500
vt 0.047852 0.565430
vt 0.047852 0.562500
vt 0.044922 0.565430
vt 0.044922 0.562500
vt 0.057617 0.565430
vt 0.057617 0.562500
vt 0.054688 0.562500
vt 0.054688 0.565430
vt 0.054688 0.561523
vt 0.051758 0.561523
vt 0.047852 0.561523
vt 0.044922 0.561523
vt 0.057617 0.561523
vt 0.057617 0.560547
vt 0.044922 0.560547
vt 0.047852 0.560547
vt 0.051758 0.560547
vt 0.054688 0.560547
vt 0.057617 0.555664
vt 0.058594 0.555664
vt 0.044922 0.555664
vt 0.047852 0.555664
vt 0.050781 0.555664
vt 0.051758 0.555664
vt 0.054688 0.555664
vt 0.055664 0.555664
vt 0.039062 0.543945
vt 0.044922 0.543945
vt 0.039062 0.543945
vt 0.050781 0.543945
vt 0.050781 0.540039
vt 0.054688 0.540039
vt 0.051758 0.543945
vt 0.052734 0.552734
vt 0.050781 0.552734
vt 0.050781 0.528320
vt 0.051758 0.528320
vt 0.050781 0.532227
vt 0.051758 0.532227
vt 0.054688 0.528320
vt 0.054688 0.536133
vt 0.051758 0.536133
vt 0.050781 0.536133
vt 0.057617 0.540039
vt 0.057617 0.552734
vt 0.057617 0.552734
vt 0.050781 0.552734
vt 0.050781 0.576172
vt 0.063477 0.528320
vt 0.063477 0.536133
vt 0.063477 0.541992
vt 0.063477 0.552734
vt 0.057617 0.576172
vt 0.063477 0.576172
vt 0.057617 0.583984
vt 0.063477 0.586914
vt 0.057617 0.592773
vt 0.063477 0.594727
vt 0.057617 0.600586
vt 0.063477 0.606445
vt 0.057617 0.612305
vt 0.063477 0.624023
vt 0.054688 0.624023
vt 0.054688 0.612305
vt 0.054688 0.583984
vt 0.054688 0.592773
vt 0.054688 0.600586
vt 0.050781 0.612305
vt 0.050781 0.600586
vt 0.050781 0.592773
vt 0.050781 0.592773
vt 0.050781 0.584961
vt 0.050781 0.583984
vt 0.052734 0.576172
vt 0.050781 0.576172
vt 0.051758 0.624023
vt 0.050781 0.624023
vt 0.057617 0.576172
vt 0.054688 0.580078
vt 0.039062 0.536133
vt 0.044922 0.536133
vt 0.039062 0.536133
vt 0.050781 0.528320
vt 0.050781 0.528320
vt 0.044922 0.528320
vt 0.039062 0.528320
vt 0.039062 0.528320
vt 0.039062 0.536133
vt 0.039062 0.536133
vt 0.050781 0.536133
vt 0.050781 0.536133
vt 0.039062 0.536133
vt 0.050781 0.536133
vt 0.050781 0.528320
vt 0.039062 0.528320
vt 0.039062 0.528320
vt 0.050781 0.528320
vt 0.050781 0.536133
vt 0.039062 0.536133
vt 0.039062 0.536133
vt 0.050781 0.536133
vt 0.050781 0.536133
vt 0.050781 0.543945
vt 0.050781 0.543945
vt 0.039062 0.543945
vt 0.039062 0.543945
vt 0.039062 0.536133
vt 0.050781 0.536133
vt 0.039062 0.536133
vt 0.050781 0.536133
vt 0.050781 0.543945
vt 0.050781 0.543945
vt 0.039062 0.543945
vt 0.039062 0.543945
vt 0.039062 0.536133
vt 0.050781 0.552734
vt 0.050781 0.576172
vt 0.050781 0.576172
vt 0.057617 0.576172
vt 0.057617 0.552734
vt 0.057617 0.552734
vt 0.057617 0.576172
vt 0.057617 0.552734
vt 0.050781 0.552734
vt 0.050781 0.552734
vt 0.050781 0.576172
vt 0.050781 0.576172
vt 0.057617 0.576172
vt 0.057617 0.576172
vt 0.057617 0.552734
vt 0.050781 0.552734
vt 0.050781 0.543945
vt 0.039062 0.543945
vt 0.039062 0.543945
vt 0.039062 0.552734
vt 0.039062 0.552734
vt 0.050781 0.552734
vt 0.050781 0.552734
vt 0.050781 0.543945
vt 0.050781 0.543945
vt 0.039062 0.543945
vt 0.039062 0.543945
vt 0.039062 0.552734
vt 0.039062 0.552734
vt 0.050781 0.552734
vt 0.050781 0.552734
vt 0.050781 0.543945
vt 0.057617 0.540039
vt 0.057617 0.537109
vt 0.059570 0.540039
vt 0.059570 0.537109
vt 0.061523 0.540039
vt 0.061523 0.537109
vt 0.051758 0.537109
vt 0.051758 0.540039
vt 0.054688 0.537109
vt 0.054688 0.540039
vt 0.059570 0.537109
vt 0.061523 0.537109
vt 0.051758 0.537109
vt 0.054688 0.537109
vt 0.057617 0.537109
vt 0.061523 0.536133
vt 0.051758 0.536133
vt 0.054688 0.536133
vt 0.057617 0.536133
vt 0.059570 0.536133
vt 0.051758 0.532227
vt 0.062500 0.532227
vt 0.061523 0.532227
vt 0.060547 0.532227
vt 0.059570 0.532227
vt 0.057617 0.532227
vt 0.056641 0.532227
vt 0.054688 0.532227
vt 0.453125 0.332031
vt 0.450195 0.331055
vt 0.449219 0.339844
vt 0.449219 0.339844
vt 0.453125 0.332031
vt 0.449219 0.339844
vt 0.453125 0.332031
vt 0.450195 0.331055
vt 0.449219 0.339844
vt 0.449219 0.339844
vt 0.453125 0.332031
vt 0.449219 0.339844
vt 0.453125 0.332031
vt 0.449219 0.339844
vt 0.453125 0.332031
vt 0.453125 0.332031
vt 0.449219 0.339844
vt 0.453125 0.332031
vt 0.449219 0.339844
vt 0.453125 0.332031
vt 0.450195 0.331055
vt 0.449219 0.339844
vt 0.450195 0.331055
vt 0.449219 0.339844
vt 0.450195 0.331055
vt 0.449219 0.339844
vt 0.450195 0.331055
vt 0.449219 0.339844
vt 0.453125 0.332031
vt 0.449219 0.339844
vt 0.453125 0.332031
vt 0.453125 0.332031
vt 0.450195 0.331055
vt 0.453125 0.332031
vt 0.453125 0.332031
vt 0.449219 0.339844
vt 0.450195 0.331055
vt 0.449219 0.339844
vt 0.450195 0.331055
vt 0.449219 0.339844
vt 0.449219 0.339844
vt 0.453125 0.332031
vt 0.449219 0.339844
vt 0.450195 0.331055
vt 0.450195 0.331055
vt 0.449219 0.339844
vt 0.453125 0.332031
vt 0.453125 0.332031
vt 0.449219 0.339844
vt 0.450195 0.331055
vt 0.449219 0.339844
vt 0.449219 0.339844
vt 0.449219 0.339844
vt 0.449219 0.339844
vt 0.453125 0.332031
vt 0.450195 0.331055
vt 0.450195 0.331055
vt 0.449219 0.339844
vt 0.450195 0.331055
vt 0.453125 0.332031
vt 0.449219 0.339844
vt 0.450195 0.331055
vt 0.449219 0.339844
vt 0.453125 0.332031
vt 0.449219 0.339844
vt 0.450195 0.331055
vt 0.450195 0.331055
vt 0.449219 0.339844
vt 0.450195 0.331055
vt 0.450195 0.331055
vt 0.449219 0.339844
vt 0.453125 0.332031
vt 0.453125 0.332031
vt 0.449219 0.339844
vt 0.453125 0.332031
vt 0.449219 0.339844
vt 0.453125 0.332031
vt 0.453125 0.332031
vt 0.450195 0.331055
vt 0.445312 0.378906
vt 0.441406 0.367188
vt 0.437500 0.378906
vt 0.437500 0.378906
vt 0.441406 0.367188
vt 0.441406 0.367188
vt 0.437500 0.378906
vt 0.445312 0.378906
vt 0.445312 0.378906
vt 0.437500 0.378906
vt 0.437500 0.378906
vt 0.441406 0.367188
vt 0.441406 0.367188
vt 0.437500 0.378906
vt 0.437500 0.378906
vt 0.441406 0.367188
vt 0.437500 0.378906
vt 0.445312 0.378906
vt 0.441406 0.367188
vt 0.437500 0.378906
vt 0.441406 0.367188
vt 0.445312 0.378906
vt 0.445312 0.378906
vt 0.437500 0.378906
vt 0.441406 0.367188
vt 0.441406 0.367188
vt 0.437500 0.378906
vt 0.437500 0.378906
vt 0.445312 0.378906
vt 0.437500 0.378906
vt 0.445312 0.378906
vt 0.441406 0.367188
vt 0.441406 0.367188
vt 0.437500 0.378906
vt 0.445312 0.378906
vt 0.441406 0.367188
vt 0.445312 0.378906
vt 0.437500 0.378906
vt 0.445312 0.378906
vt 0.441406 0.367188
vt 0.437500 0.378906
vt 0.441406 0.367188
vt 0.445312 0.378906
vt 0.437500 0.378906
vt 0.441406 0.367188
vt 0.445312 0.378906
vt 0.441406 0.367188
vt 0.437500 0.378906
vt 0.441406 0.367188
vt 0.437500 0.378906
vt 0.437500 0.378906
vt 0.445312 0.378906
vt 0.437500 0.378906
vt 0.445312 0.378906
vt 0.437500 0.378906
vt 0.441406 0.367188
vt 0.445312 0.378906
vt 0.441406 0.367188
vt 0.445312 0.378906
vt 0.441406 0.367188
vt 0.445312 0.378906
vt 0.437500 0.378906
vt 0.441406 0.367188
vt 0.445312 0.378906
vt 0.437500 0.378906
vt 0.437500 0.378906
vt 0.445312 0.378906
vt 0.441406 0.367188
vt 0.437500 0.378906
vt 0.445312 0.378906
vt 0.445312 0.378906
vt 0.441406 0.367188
vt 0.437500 0.378906
vt 0.441406 0.367188
vt 0.437500 0.378906
vt 0.437500 0.378906
vt 0.441406 0.367188
vt 0.437500 0.378906
vt 0.437500 0.378906
vt 0.441406 0.367188
vt 0.445312 0.378906
vt 0.437500 0.378906
vt 0.437500 0.378906
vt 0.445312 0.378906
vt 0.441406 0.367188
vt 0.445312 0.378906
vt 0.441406 0.367188
vt 0.445312 0.378906
vt 0.437500 0.378906
vt 0.437500 0.378906
vt 0.445312 0.378906
vt 0.441406 0.367188
vt 0.437500 0.378906
vt 0.441406 0.367188
vt 0.437500 0.378906
vt 0.445312 0.378906
vt 0.437500 0.378906
vt 0.441406 0.367188
vt 0.445312 0.378906
vt 0.437500 0.378906
vn -0.000000 1.000000 0.000000
vn 0.129466 0.991584 0.000000
vn 0.040313 0.991546 -0.123336
vn 0.265805 0.964027 -0.000000
vn 0.180879 0.974652 -0.131665
vn 0.083121 0.963692 -0.253750
vn 0.265805 0.964027 -0.000000
vn 0.397442 0.917627 -0.000000
vn 0.317457 0.939067 -0.131808
vn 0.180879 0.974652 -0.131665
vn 0.222514 0.939321 -0.261081
vn 0.083121 0.963692 -0.253750
vn 0.122561 0.918094 -0.376937
vn 0.523406 0.852083 0.000000
vn 0.452764 0.881395 -0.134712
vn 0.365271 0.892430 -0.264850
vn 0.266998 0.882073 -0.388149
vn 0.160822 0.852068 -0.498113
vn 0.635911 0.771762 0.000000
vn 0.574322 0.806661 -0.139472
vn 0.499171 0.824209 -0.267409
vn 0.409551 0.823558 -0.392454
vn 0.310497 0.805358 -0.504965
vn 0.196804 0.770347 -0.606493
vn 0.635911 0.771762 0.000000
vn 0.740886 0.671631 0.000000
vn 0.684646 0.715435 -0.139329
vn 0.684646 0.715435 -0.139329
vn 0.617159 0.740292 -0.266613
vn 0.536662 0.748024 -0.390455
vn 0.444361 0.740138 -0.504717
vn 0.342963 0.715342 -0.608820
vn 0.228378 0.673018 -0.703484
vn 0.828079 0.560611 0.000000
vn 0.786545 0.602283 -0.136392
vn 0.729214 0.631033 -0.264658
vn 0.729214 0.631033 -0.264658
vn 0.656636 0.646457 -0.388488
vn 0.572267 0.646300 -0.504784
vn 0.477554 0.631695 -0.610659
vn 0.372027 0.603816 -0.704983
vn 0.254235 0.561097 -0.787741
vn 0.895570 0.444921 0.000000
vn 0.868667 0.478517 -0.128217
vn 0.824808 0.504343 -0.255597
vn 0.764448 0.520643 -0.380198
vn 0.764448 0.520643 -0.380198
vn 0.687462 0.526496 -0.500197
vn 0.597928 0.520836 -0.609271
vn 0.499247 0.503607 -0.705076
vn 0.390772 0.477429 -0.786993
vn 0.276071 0.444927 -0.851954
vn -0.105225 0.991507 -0.076434
vn -0.069531 0.974424 -0.213688
vn -0.215020 0.963888 -0.157119
vn -0.026399 0.939181 -0.342405
vn -0.069531 0.974424 -0.213688
vn -0.178704 0.939360 -0.292692
vn -0.215020 0.963888 -0.157119
vn -0.320476 0.917976 -0.233698
vn 0.012437 0.882299 -0.470526
vn -0.139076 0.892835 -0.428373
vn -0.286292 0.882196 -0.373854
vn -0.424230 0.851701 -0.307628
vn 0.045957 0.805707 -0.590528
vn -0.100746 0.823726 -0.557966
vn -0.245479 0.823967 -0.510703
vn -0.384763 0.805835 -0.450097
vn -0.515959 0.770381 -0.374566
vn 0.080442 0.715053 -0.694427
vn -0.063198 0.739139 -0.670582
vn -0.204243 0.747716 -0.631828
vn -0.342256 0.739648 -0.579466
vn -0.474447 0.714240 -0.514549
vn -0.598568 0.672152 -0.435807
vn 0.114162 0.603043 -0.789498
vn -0.028274 0.632081 -0.774387
vn -0.164805 0.646326 -0.745052
vn -0.302457 0.645981 -0.700877
vn -0.435122 0.630078 -0.643172
vn -0.556892 0.601544 -0.572728
vn -0.668175 0.561630 -0.487970
vn 0.148460 0.479823 -0.864714
vn 0.010885 0.505880 -0.862535
vn -0.126392 0.521662 -0.843738
vn -0.262996 0.526159 -0.808696
vn -0.396160 0.519050 -0.757393
vn -0.516961 0.504106 -0.691830
vn -0.626493 0.480051 -0.614050
vn -0.721915 0.446168 -0.528936
vn -0.105225 0.991507 0.076434
vn -0.223761 0.974644 0.000000
vn -0.215020 0.963888 0.157119
vn -0.333627 0.939245 -0.080695
vn -0.215020 0.963888 -0.157119
vn -0.333627 0.939245 -0.080695
vn -0.223761 0.974644 0.000000
vn -0.333627 0.939245 0.080695
vn -0.215020 0.963888 0.157119
vn -0.320476 0.917976 0.233698
vn -0.445236 0.881503 -0.157219
vn -0.445236 0.881503 -0.157219
vn -0.451238 0.892404 0.000000
vn -0.445236 0.881503 0.157219
vn -0.424230 0.851701 0.307628
vn -0.546946 0.806062 -0.226083
vn -0.560629 0.824413 -0.077704
vn -0.560629 0.824413 -0.077704
vn -0.560629 0.824413 0.077704
vn -0.546946 0.806062 0.226083
vn -0.515959 0.770381 0.374566
vn -0.635126 0.715043 -0.292110
vn -0.655651 0.740412 -0.148028
vn -0.655651 0.740412 -0.148028
vn -0.663504 0.748173 0.000000
vn -0.655651 0.740412 0.148028
vn -0.635126 0.715043 0.292110
vn -0.598568 0.672152 0.435807
vn -0.715663 0.602925 -0.352574
vn -0.746099 0.629947 -0.215648
vn -0.655651 0.740412 -0.148028
vn -0.746099 0.629947 -0.215648
vn -0.760485 0.645290 -0.072548
vn -0.663504 0.748173 0.000000
vn -0.760485 0.645290 0.072548
vn -0.655651 0.740412 0.148028
vn -0.746099 0.629947 0.215648
vn -0.635126 0.715043 0.292110
vn -0.715663 0.602925 0.352574
vn -0.715663 0.602925 0.352574
vn -0.668175 0.561630 0.487970
vn -0.776745 0.480963 -0.406622
vn -0.817207 0.505807 -0.276284
vn -0.817207 0.505807 -0.276284
vn -0.842681 0.519482 -0.141516
vn -0.851658 0.524097 -0.000000
vn -0.842681 0.519482 0.141516
vn -0.817207 0.505807 0.276284
vn -0.776745 0.480963 0.406622
vn -0.776745 0.480963 0.406622
vn -0.721915 0.446168 0.528936
vn 0.040313 0.991546 0.123336
vn -0.069531 0.974424 0.213688
vn 0.083121 0.963692 0.253750
vn -0.178704 0.939360 0.292692
vn -0.069531 0.974424 0.213688
vn -0.026399 0.939181 0.342405
vn 0.083121 0.963692 0.253750
vn 0.122561 0.918094 0.376937
vn -0.286292 0.882196 0.373854
vn -0.139076 0.892835 0.428373
vn 0.012437 0.882299 0.470526
vn 0.160822 0.852068 0.498113
vn -0.384763 0.805835 0.450097
vn -0.245479 0.823967 0.510703
vn -0.100746 0.823726 0.557966
vn 0.045957 0.805707 0.590528
vn 0.196804 0.770347 0.606493
vn -0.474447 0.714240 0.514549
vn -0.342256 0.739648 0.579466
vn -0.204243 0.747716 0.631828
vn -0.063198 0.739139 0.670582
vn 0.080442 0.715053 0.694427
vn 0.228378 0.673018 0.703484
vn -0.556892 0.601544 0.572728
vn -0.435122 0.630078 0.643172
vn -0.302457 0.645981 0.700877
vn -0.164805 0.646326 0.745052
vn -0.028274 0.632081 0.774387
vn 0.114162 0.603043 0.789498
vn 0.254235 0.561097 0.787741
vn -0.626493 0.480051 0.614050
vn -0.516961 0.504106 0.691830
vn -0.396160 0.519050 0.757393
vn -0.262996 0.526159 0.808696
vn -0.126392 0.521662 0.843738
vn 0.010885 0.505880 0.862535
vn 0.148460 0.479823 0.864714
vn 0.276071 0.444927 0.851954
vn 0.180879 0.974652 0.131665
vn 0.222514 0.939321 0.261081
vn 0.180879 0.974652 0.131665
vn 0.317457 0.939067 0.131808
vn 0.266998 0.882073 0.388149
vn 0.365271 0.892430 0.264850
vn 0.452764 0.881395 0.134712
vn 0.310497 0.805358 0.504965
vn 0.409551 0.823558 0.392454
vn 0.499171 0.824209 0.267409
vn 0.574322 0.806661 0.139472
vn 0.342963 0.715342 0.608820
vn 0.444361 0.740138 0.504717
vn 0.536662 0.748024 0.390455
vn 0.617159 0.740292 0.266613
vn 0.684646 0.715435 0.139329
vn 0.684646 0.715435 0.139329
vn 0.372027 0.603816 0.704983
vn 0.477554 0.631695 0.610659
vn 0.572267 0.646300 0.504784
vn 0.656636 0.646457 0.388488
vn 0.729214 0.631033 0.264658
vn 0.729214 0.631033 0.264658
vn 0.786545 0.602283 0.136392
vn 0.390772 0.477429 0.786993
vn 0.499247 0.503607 0.705076
vn 0.597928 0.520836 0.609271
vn 0.687462 0.526496 0.500197
vn 0.764448 0.520643 0.380198
vn 0.764448 0.520643 0.380198
vn 0.824808 0.504343 0.255597
vn 0.868667 0.478517 0.128217
vn 0.933635 0.349577 0.078239
vn 0.933635 0.349577 -0.078239
vn 0.958148 0.239178 0.157309
vn 0.972009 0.234944 -0.000000
vn 0.958148 0.239178 -0.157309
vn 0.958148 0.239178 0.157309
vn 0.964420 0.119161 0.235998
vn 0.989941 0.118504 0.077295
vn 0.972009 0.234944 -0.000000
vn 0.989941 0.118504 -0.077295
vn 0.958148 0.239178 -0.157309
vn 0.964420 0.119161 -0.235998
vn 0.964420 0.119161 0.235998
vn 0.950759 -0.001381 0.309930
vn 0.987915 -0.001499 0.154992
vn 0.989941 0.118504 0.077295
vn 1.000000 -0.000078 0.000000
vn 0.989941 0.118504 -0.077295
vn 0.987915 -0.001499 -0.154992
vn 0.964420 0.119161 -0.235998
vn 0.964420 0.119161 -0.235998
vn 0.987915 -0.001499 -0.154992
vn 0.950759 -0.001381 -0.309930
vn 0.919133 -0.120062 0.375207
vn 0.965266 -0.128109 0.227704
vn 0.988383 -0.131041 0.076990
vn 0.988383 -0.131041 -0.076990
vn 0.965266 -0.128109 -0.227704
vn 0.965266 -0.128109 -0.227704
vn 0.919133 -0.120062 -0.375207
vn 0.919133 -0.120062 0.375207
vn 0.868776 -0.236653 0.434998
vn 0.923805 -0.247843 0.291819
vn 0.965266 -0.128109 0.227704
vn 0.954799 -0.257896 0.147810
vn 0.988383 -0.131041 0.076990
vn 0.964979 -0.262327 0.000000
vn 0.988383 -0.131041 -0.076990
vn 0.954799 -0.257896 -0.147810
vn 0.965266 -0.128109 -0.227704
vn 0.923805 -0.247843 -0.291819
vn 0.919133 -0.120062 -0.375207
vn 0.868776 -0.236653 -0.434998
vn 0.800572 -0.348082 0.487775
vn 0.859718 -0.369947 0.352171
vn 0.898078 -0.384846 0.212954
vn 0.917320 -0.391634 0.071740
vn 0.917320 -0.391634 -0.071740
vn 0.898078 -0.384846 -0.212954
vn 0.859718 -0.369947 -0.352171
vn 0.800572 -0.348082 -0.487775
vn 0.721915 -0.446168 0.528936
vn 0.776745 -0.480963 0.406622
vn 0.817207 -0.505807 0.276284
vn 0.842681 -0.519482 0.141516
vn 0.851658 -0.524097 0.000000
vn 0.842681 -0.519482 -0.141516
vn 0.817207 -0.505807 -0.276284
vn 0.776745 -0.480963 -0.406622
vn 0.721915 -0.446168 -0.528936
vn 0.362955 0.349373 -0.863830
vn 0.215897 0.349658 -0.911662
vn 0.446691 0.240787 -0.861678
vn 0.299313 0.238682 -0.923819
vn 0.146877 0.238003 -0.960095
vn 0.524536 0.120778 -0.842778
vn 0.381142 0.118890 -0.916840
vn 0.229754 0.119439 -0.965892
vn 0.072769 0.119435 -0.990172
vn 0.524536 0.120778 -0.842778
vn 0.589262 -0.000067 -0.807942
vn 0.452811 -0.003610 -0.891599
vn 0.381142 0.118890 -0.916840
vn 0.309189 -0.003219 -0.950995
vn 0.229754 0.119439 -0.965892
vn 0.156679 -0.001525 -0.987648
vn 0.072769 0.119435 -0.990172
vn 0.000000 -0.000000 -1.000000
vn 0.642952 -0.121978 -0.756131
vn 0.514131 -0.128683 -0.848004
vn 0.380587 -0.129285 -0.915663
vn 0.232519 -0.128096 -0.964119
vn 0.081312 -0.125604 -0.988743
vn -0.072769 -0.119435 -0.990172
vn 0.642952 -0.121978 -0.756131
vn 0.682534 -0.236848 -0.691412
vn 0.563851 -0.249239 -0.787370
vn 0.514131 -0.128683 -0.848004
vn 0.437857 -0.258063 -0.861211
vn 0.380587 -0.129285 -0.915663
vn 0.300466 -0.261578 -0.917223
vn 0.232519 -0.128096 -0.964119
vn 0.152187 -0.258389 -0.953978
vn 0.081312 -0.125604 -0.988743
vn 0.007276 -0.248628 -0.968572
vn -0.072769 -0.119435 -0.990172
vn -0.146877 -0.238003 -0.960095
vn 0.708676 -0.348726 -0.613326
vn 0.601149 -0.370788 -0.707910
vn 0.480650 -0.385848 -0.787463
vn 0.355203 -0.393054 -0.848139
vn 0.213089 -0.393997 -0.894069
vn 0.075091 -0.385503 -0.919646
vn -0.071582 -0.370975 -0.925880
vn -0.215897 -0.349658 -0.911662
vn 0.626493 -0.480051 -0.614050
vn 0.516961 -0.504106 -0.691830
vn 0.396160 -0.519050 -0.757393
vn 0.262996 -0.526159 -0.808696
vn 0.126392 -0.521662 -0.843738
vn -0.010885 -0.505880 -0.862535
vn -0.148460 -0.479823 -0.864714
vn -0.276071 -0.444927 -0.851954
vn -0.708676 0.348726 -0.613326
vn -0.800572 0.348082 -0.487775
vn -0.682534 0.236848 -0.691412
vn -0.784655 0.234932 -0.573694
vn -0.868776 0.236653 -0.434998
vn -0.642952 0.121978 -0.756131
vn -0.752198 0.121053 -0.647722
vn -0.846959 0.120385 -0.517848
vn -0.919133 0.120062 -0.375207
vn -0.642952 0.121978 -0.756131
vn -0.589262 0.000067 -0.807942
vn -0.707796 -0.001798 -0.706415
vn -0.752198 0.121053 -0.647722
vn -0.807898 -0.003534 -0.589312
vn -0.846959 0.120385 -0.517848
vn -0.891228 -0.002188 -0.453549
vn -0.919133 0.120062 -0.375207
vn -0.950759 0.001381 -0.309930
vn -0.524536 -0.120778 -0.842778
vn -0.648937 -0.126570 -0.750240
vn -0.754481 -0.130688 -0.643179
vn -0.843787 -0.131491 -0.520321
vn -0.914162 -0.125990 -0.385273
vn -0.964420 -0.119161 -0.235998
vn -0.524536 -0.120778 -0.842778
vn -0.446691 -0.240787 -0.861678
vn -0.574817 -0.249310 -0.779378
vn -0.648937 -0.126570 -0.750240
vn -0.686050 -0.255902 -0.681065
vn -0.754481 -0.130688 -0.643179
vn -0.781311 -0.258181 -0.568240
vn -0.843787 -0.131491 -0.520321
vn -0.859405 -0.256387 -0.442367
vn -0.914162 -0.125990 -0.385273
vn -0.918498 -0.251020 -0.305532
vn -0.964420 -0.119161 -0.235998
vn -0.958148 -0.239178 -0.157309
vn -0.362955 -0.349373 -0.863830
vn -0.487350 -0.370894 -0.790524
vn -0.598899 -0.385401 -0.701987
vn -0.698954 -0.391795 -0.598298
vn -0.784530 -0.391955 -0.480503
vn -0.852932 -0.385168 -0.352353
vn -0.902485 -0.370873 -0.219031
vn -0.933635 -0.349577 -0.078239
vn -0.390772 -0.477429 -0.786993
vn -0.499247 -0.503607 -0.705076
vn -0.597928 -0.520836 -0.609271
vn -0.687462 -0.526496 -0.500197
vn -0.764448 -0.520643 -0.380198
vn -0.824808 -0.504343 -0.255597
vn -0.868667 -0.478517 -0.128217
vn -0.933635 -0.349577 -0.078239
vn -0.868667 -0.478517 -0.128217
vn -0.895570 -0.444921 0.000000
vn -0.800572 0.348082 0.487775
vn -0.708676 0.348726 0.613326
vn -0.868776 0.236653 0.434998
vn -0.784655 0.234932 0.573694
vn -0.682534 0.236848 0.691412
vn -0.919133 0.120062 0.375207
vn -0.846959 0.120385 0.517848
vn -0.752198 0.121053 0.647722
vn -0.642952 0.121978 0.756131
vn -0.919133 0.120062 0.375207
vn -0.950759 0.001381 0.309930
vn -0.891228 -0.002188 0.453549
vn -0.846959 0.120385 0.517848
vn -0.807898 -0.003534 0.589312
vn -0.752198 0.121053 0.647722
vn -0.707796 -0.001798 0.706415
vn -0.642952 0.121978 0.756131
vn -0.589262 0.000067 0.807942
vn -0.964420 -0.119161 0.235998
vn -0.914162 -0.125990 0.385273
vn -0.843787 -0.131491 0.520321
vn -0.754481 -0.130688 0.643179
vn -0.648937 -0.126570 0.750240
vn -0.524536 -0.120778 0.842778
vn -0.964420 -0.119161 0.235998
vn -0.958148 -0.239178 0.157309
vn -0.918498 -0.251020 0.305532
vn -0.914162 -0.125990 0.385273
vn -0.859405 -0.256387 0.442367
vn -0.843787 -0.131491 0.520321
vn -0.781311 -0.258181 0.568240
vn -0.754481 -0.130688 0.643179
vn -0.686050 -0.255902 0.681065
vn -0.648937 -0.126570 0.750240
vn -0.574817 -0.249310 0.779378
vn -0.524536 -0.120778 0.842778
vn -0.446691 -0.240787 0.861678
vn -0.933635 -0.349577 0.078239
vn -0.902485 -0.370873 0.219031
vn -0.852932 -0.385168 0.352353
vn -0.784530 -0.391955 0.480503
vn -0.698954 -0.391795 0.598298
vn -0.598899 -0.385401 0.701987
vn -0.487350 -0.370894 0.790524
vn -0.362955 -0.349373 0.863830
vn -0.868667 -0.478517 0.128217
vn -0.824808 -0.504343 0.255597
vn -0.764448 -0.520643 0.380198
vn -0.687462 -0.526496 0.500197
vn -0.597928 -0.520836 0.609271
vn -0.499247 -0.503607 0.705076
vn -0.390772 -0.477429 0.786993
vn -0.276071 -0.444927 0.851954
vn 0.215897 0.349658 0.911662
vn 0.362955 0.349373 0.863830
vn 0.146877 0.238003 0.960095
vn 0.299313 0.238682 0.923819
vn 0.446691 0.240787 0.861678
vn 0.072769 0.119435 0.990172
vn 0.229754 0.119439 0.965892
vn 0.381142 0.118890 0.916840
vn 0.524536 0.120778 0.842778
vn 0.072769 0.119435 0.990172
vn 0.000000 -0.000000 1.000000
vn 0.156679 -0.001525 0.987648
vn 0.229754 0.119439 0.965892
vn 0.309189 -0.003219 0.950995
vn 0.381142 0.118890 0.916840
vn 0.452811 -0.003610 0.891599
vn 0.524536 0.120778 0.842778
vn 0.589262 -0.000067 0.807942
vn -0.072769 -0.119435 0.990172
vn 0.081312 -0.125604 0.988743
vn 0.232519 -0.128096 0.964119
vn 0.380587 -0.129285 0.915663
vn 0.514131 -0.128683 0.848004
vn 0.642952 -0.121978 0.756131
vn -0.072769 -0.119435 0.990172
vn -0.146877 -0.238003 0.960095
vn 0.007276 -0.248628 0.968572
vn 0.081312 -0.125604 0.988743
vn 0.152187 -0.258389 0.953978
vn 0.232519 -0.128096 0.964119
vn 0.300466 -0.261578 0.917223
vn 0.380587 -0.129285 0.915663
vn 0.437857 -0.258063 0.861211
vn 0.514131 -0.128683 0.848004
vn 0.563851 -0.249239 0.787370
vn 0.642952 -0.121978 0.756131
vn 0.682534 -0.236848 0.691412
vn -0.215897 -0.349658 0.911662
vn -0.071582 -0.370975 0.925880
vn 0.075091 -0.385503 0.919646
vn 0.213089 -0.393997 0.894069
vn 0.355203 -0.393054 0.848139
vn 0.480650 -0.385848 0.787463
vn 0.601149 -0.370788 0.707910
vn 0.708676 -0.348726 0.613326
vn -0.148460 -0.479823 0.864714
vn -0.010885 -0.505880 0.862535
vn 0.126392 -0.521662 0.843738
vn 0.262996 -0.526159 0.808696
vn 0.396160 -0.519050 0.757393
vn 0.516961 -0.504106 0.691830
vn 0.626493 -0.480051 0.614050
vn 0.784655 -0.234932 -0.573694
vn 0.752198 -0.121053 -0.647722
vn 0.846959 -0.120385 -0.517848
vn 0.707796 0.001798 -0.706415
vn 0.752198 -0.121053 -0.647722
vn 0.807898 0.003534 -0.589312
vn 0.846959 -0.120385 -0.517848
vn 0.891228 0.002188 -0.453549
vn 0.648937 0.126570 -0.750240
vn 0.754481 0.130688 -0.643179
vn 0.843787 0.131491 -0.520321
vn 0.914162 0.125990 -0.385273
vn 0.574817 0.249310 -0.779378
vn 0.648937 0.126570 -0.750240
vn 0.686050 0.255902 -0.681065
vn 0.754481 0.130688 -0.643179
vn 0.781311 0.258181 -0.568240
vn 0.843787 0.131491 -0.520321
vn 0.859405 0.256387 -0.442367
vn 0.914162 0.125990 -0.385273
vn 0.918498 0.251020 -0.305532
vn 0.487350 0.370894 -0.790524
vn 0.598899 0.385401 -0.701987
vn 0.698954 0.391795 -0.598298
vn 0.784530 0.391955 -0.480503
vn 0.852932 0.385168 -0.352353
vn 0.918498 0.251020 -0.305532
vn 0.852932 0.385168 -0.352353
vn 0.902485 0.370873 -0.219031
vn -0.299313 -0.238682 -0.923819
vn -0.381142 -0.118890 -0.916840
vn -0.229754 -0.119439 -0.965892
vn -0.452811 0.003610 -0.891599
vn -0.381142 -0.118890 -0.916840
vn -0.309189 0.003219 -0.950995
vn -0.229754 -0.119439 -0.965892
vn -0.156679 0.001525 -0.987648
vn -0.514131 0.128683 -0.848004
vn -0.380587 0.129285 -0.915663
vn -0.232519 0.128096 -0.964119
vn -0.081312 0.125604 -0.988743
vn -0.563851 0.249239 -0.787370
vn -0.514131 0.128683 -0.848004
vn -0.437857 0.258063 -0.861211
vn -0.380587 0.129285 -0.915663
vn -0.300466 0.261578 -0.917223
vn -0.232519 0.128096 -0.964119
vn -0.152187 0.258389 -0.953978
vn -0.081312 0.125604 -0.988743
vn -0.007276 0.248628 -0.968572
vn -0.601149 0.370788 -0.707910
vn -0.480650 0.385848 -0.787463
vn -0.355203 0.393054 -0.848139
vn -0.213089 0.393997 -0.894069
vn -0.075091 0.385503 -0.919646
vn 0.071582 0.370975 -0.925880
vn -0.972009 -0.234944 -0.000000
vn -0.958148 -0.239178 -0.157309
vn -0.989941 -0.118504 0.077295
vn -0.989941 -0.118504 -0.077295
vn -0.989941 -0.118504 -0.077295
vn -0.987915 0.001499 0.154992
vn -0.989941 -0.118504 0.077295
vn -1.000000 0.000078 0.000000
vn -0.989941 -0.118504 -0.077295
vn -0.987915 0.001499 -0.154992
vn -0.964420 -0.119161 -0.235998
vn -0.987915 0.001499 -0.154992
vn -0.965266 0.128109 0.227704
vn -0.988383 0.131041 0.076990
vn -0.988383 0.131041 -0.076990
vn -0.965266 0.128109 -0.227704
vn -0.965266 0.128109 -0.227704
vn -0.923805 0.247843 0.291819
vn -0.965266 0.128109 0.227704
vn -0.954799 0.257896 0.147810
vn -0.988383 0.131041 0.076990
vn -0.964979 0.262327 0.000000
vn -0.988383 0.131041 -0.076990
vn -0.954799 0.257896 -0.147810
vn -0.988383 0.131041 -0.076990
vn -0.954799 0.257896 -0.147810
vn -0.965266 0.128109 -0.227704
vn -0.923805 0.247843 -0.291819
vn -0.859718 0.369947 0.352171
vn -0.923805 0.247843 0.291819
vn -0.859718 0.369947 0.352171
vn -0.898078 0.384846 0.212954
vn -0.954799 0.257896 0.147810
vn -0.917320 0.391634 0.071740
vn -0.964979 0.262327 0.000000
vn -0.917320 0.391634 -0.071740
vn -0.954799 0.257896 -0.147810
vn -0.898078 0.384846 -0.212954
vn -0.898078 0.384846 -0.212954
vn -0.859718 0.369947 -0.352171
vn -0.299313 -0.238682 0.923819
vn -0.229754 -0.119439 0.965892
vn -0.381142 -0.118890 0.916840
vn -0.156679 0.001525 0.987648
vn -0.229754 -0.119439 0.965892
vn -0.309189 0.003219 0.950995
vn -0.381142 -0.118890 0.916840
vn -0.452811 0.003610 0.891599
vn -0.081312 0.125604 0.988743
vn -0.232519 0.128096 0.964119
vn -0.380587 0.129285 0.915663
vn -0.514131 0.128683 0.848004
vn -0.007276 0.248628 0.968572
vn -0.081312 0.125604 0.988743
vn -0.152187 0.258389 0.953978
vn -0.232519 0.128096 0.964119
vn -0.300466 0.261578 0.917223
vn -0.380587 0.129285 0.915663
vn -0.437857 0.258063 0.861211
vn -0.514131 0.128683 0.848004
vn -0.563851 0.249239 0.787370
vn 0.071582 0.370975 0.925880
vn -0.075091 0.385503 0.919646
vn -0.213089 0.393997 0.894069
vn -0.355203 0.393054 0.848139
vn -0.480650 0.385848 0.787463
vn -0.601149 0.370788 0.707910
vn 0.784655 -0.234932 0.573694
vn 0.846959 -0.120385 0.517848
vn 0.752198 -0.121053 0.647722
vn 0.891228 0.002188 0.453549
vn 0.846959 -0.120385 0.517848
vn 0.807898 0.003534 0.589312
vn 0.752198 -0.121053 0.647722
vn 0.707796 0.001798 0.706415
vn 0.914162 0.125990 0.385273
vn 0.843787 0.131491 0.520321
vn 0.754481 0.130688 0.643179
vn 0.648937 0.126570 0.750240
vn 0.918498 0.251020 0.305532
vn 0.914162 0.125990 0.385273
vn 0.859405 0.256387 0.442367
vn 0.843787 0.131491 0.520321
vn 0.781311 0.258181 0.568240
vn 0.754481 0.130688 0.643179
vn 0.686050 0.255902 0.681065
vn 0.648937 0.126570 0.750240
vn 0.574817 0.249310 0.779378
vn 0.902485 0.370873 0.219031
vn 0.918498 0.251020 0.305532
vn 0.852932 0.385168 0.352353
vn 0.852932 0.385168 0.352353
vn 0.784530 0.391955 0.480503
vn 0.698954 0.391795 0.598298
vn 0.598899 0.385401 0.701987
vn 0.487350 0.370894 0.790524
vn 0.000000 -1.000000 -0.000000
vn -0.040313 -0.991546 -0.123336
vn 0.105225 -0.991507 -0.076434
vn -0.083121 -0.963692 -0.253750
vn 0.069531 -0.974424 -0.213688
vn 0.215020 -0.963888 -0.157119
vn -0.122561 -0.918094 -0.376937
vn 0.026399 -0.939181 -0.342405
vn 0.178704 -0.939360 -0.292692
vn 0.320476 -0.917976 -0.233698
vn -0.160822 -0.852068 -0.498113
vn -0.012437 -0.882299 -0.470526
vn 0.139076 -0.892835 -0.428373
vn 0.286292 -0.882196 -0.373854
vn 0.424230 -0.851701 -0.307628
vn -0.196804 -0.770347 -0.606493
vn -0.045957 -0.805707 -0.590528
vn 0.100746 -0.823726 -0.557966
vn 0.245479 -0.823967 -0.510703
vn 0.384763 -0.805835 -0.450097
vn 0.515959 -0.770381 -0.374566
vn -0.228378 -0.673018 -0.703484
vn -0.080442 -0.715053 -0.694427
vn 0.063198 -0.739139 -0.670582
vn 0.204243 -0.747716 -0.631828
vn 0.342256 -0.739648 -0.579466
vn 0.474447 -0.714240 -0.514549
vn 0.598568 -0.672152 -0.435807
vn -0.254235 -0.561097 -0.787741
vn -0.114162 -0.603043 -0.789498
vn 0.028274 -0.632081 -0.774387
vn 0.164805 -0.646326 -0.745052
vn 0.302457 -0.645981 -0.700877
vn 0.435122 -0.630078 -0.643172
vn 0.556892 -0.601544 -0.572728
vn 0.668175 -0.561630 -0.487970
vn 0.000000 -1.000000 -0.000000
vn -0.129466 -0.991584 0.000000
vn -0.040313 -0.991546 -0.123336
vn -0.265805 -0.964027 0.000000
vn -0.180879 -0.974652 -0.131665
vn -0.180879 -0.974652 -0.131665
vn -0.397442 -0.917627 0.000000
vn -0.317457 -0.939067 -0.131808
vn -0.317457 -0.939067 -0.131808
vn -0.222514 -0.939321 -0.261081
vn -0.523406 -0.852083 -0.000000
vn -0.452764 -0.881395 -0.134712
vn -0.452764 -0.881395 -0.134712
vn -0.365271 -0.892430 -0.264850
vn -0.266998 -0.882073 -0.388149
vn -0.635911 -0.771762 0.000000
vn -0.574322 -0.806661 -0.139472
vn -0.574322 -0.806661 -0.139472
vn -0.499171 -0.824209 -0.267409
vn -0.409551 -0.823558 -0.392454
vn -0.310497 -0.805358 -0.504965
vn -0.740886 -0.671631 -0.000000
vn -0.684646 -0.715435 -0.139329
vn -0.684646 -0.715435 -0.139329
vn -0.617159 -0.740292 -0.266613
vn -0.536662 -0.748024 -0.390455
vn -0.444361 -0.740138 -0.504717
vn -0.342963 -0.715342 -0.608820
vn -0.828079 -0.560611 0.000000
vn -0.786545 -0.602283 -0.136392
vn -0.786545 -0.602283 -0.136392
vn -0.729214 -0.631033 -0.264658
vn -0.656636 -0.646457 -0.388488
vn -0.572267 -0.646300 -0.504784
vn -0.477554 -0.631695 -0.610659
vn -0.372027 -0.603816 -0.704983
vn 0.000000 -1.000000 -0.000000
vn -0.040313 -0.991546 0.123336
vn -0.083121 -0.963692 0.253750
vn -0.180879 -0.974652 0.131665
vn -0.122561 -0.918094 0.376937
vn -0.222514 -0.939321 0.261081
vn -0.317457 -0.939067 0.131808
vn -0.160822 -0.852068 0.498113
vn -0.266998 -0.882073 0.388149
vn -0.365271 -0.892430 0.264850
vn -0.452764 -0.881395 0.134712
vn -0.196804 -0.770347 0.606493
vn -0.310497 -0.805358 0.504965
vn -0.409551 -0.823558 0.392454
vn -0.499171 -0.824209 0.267409
vn -0.574322 -0.806661 0.139472
vn -0.228378 -0.673018 0.703484
vn -0.342963 -0.715342 0.608820
vn -0.444361 -0.740138 0.504717
vn -0.536662 -0.748024 0.390455
vn -0.617159 -0.740292 0.266613
vn -0.684646 -0.715435 0.139329
vn -0.254235 -0.561097 0.787741
vn -0.372027 -0.603816 0.704983
vn -0.477554 -0.631695 0.610659
vn -0.572267 -0.646300 0.504784
vn -0.656636 -0.646457 0.388488
vn -0.729214 -0.631033 0.264658
vn -0.786545 -0.602283 0.136392
vn 0.000000 -1.000000 -0.000000
vn 0.105225 -0.991507 0.076434
vn 0.215020 -0.963888 0.157119
vn 0.069531 -0.974424 0.213688
vn 0.320476 -0.917976 0.233698
vn 0.178704 -0.939360 0.292692
vn 0.026399 -0.939181 0.342405
vn 0.424230 -0.851701 0.307628
vn 0.286292 -0.882196 0.373854
vn 0.139076 -0.892835 0.428373
vn -0.012437 -0.882299 0.470526
vn 0.515959 -0.770381 0.374566
vn 0.384763 -0.805835 0.450097
vn 0.245479 -0.823967 0.510703
vn 0.100746 -0.823726 0.557966
vn -0.045957 -0.805707 0.590528
vn 0.598568 -0.672152 0.435807
vn 0.474447 -0.714240 0.514549
vn 0.342256 -0.739648 0.579466
vn 0.204243 -0.747716 0.631828
vn 0.063198 -0.739139 0.670582
vn -0.080442 -0.715053 0.694427
vn 0.668175 -0.561630 0.487970
vn 0.556892 -0.601544 0.572728
vn 0.435122 -0.630078 0.643172
vn 0.302457 -0.645981 0.700877
vn 0.164805 -0.646326 0.745052
vn 0.028274 -0.632081 0.774387
vn -0.114162 -0.603043 0.789498
vn 0.000000 -1.000000 -0.000000
vn 0.223761 -0.974644 -0.000000
vn 0.333627 -0.939245 -0.080695
vn 0.333627 -0.939245 0.080695
vn 0.445236 -0.881503 -0.157219
vn 0.451238 -0.892404 -0.000000
vn 0.445236 -0.881503 0.157219
vn 0.546946 -0.806062 -0.226083
vn 0.560629 -0.824413 -0.077704
vn 0.560629 -0.824413 0.077704
vn 0.546946 -0.806062 0.226083
vn 0.635126 -0.715043 -0.292110
vn 0.655651 -0.740412 -0.148028
vn 0.663504 -0.748173 0.000000
vn 0.655651 -0.740412 0.148028
vn 0.635126 -0.715043 0.292110
vn 0.715663 -0.602925 -0.352574
vn 0.746099 -0.629947 -0.215648
vn 0.760485 -0.645290 -0.072548
vn 0.760485 -0.645290 0.072548
vn 0.746099 -0.629947 0.215648
vn 0.715663 -0.602925 0.352574
vn -0.237360 -0.966542 0.097247
vn 0.697110 -0.381188 -0.607234
vn -0.272044 0.459221 -0.845640
vn 0.631893 -0.223194 -0.742224
vn -0.272044 0.459221 -0.845640
vn -0.276985 0.913826 0.296987
vn 0.647342 -0.263355 -0.715257
vn -0.152014 0.976876 0.150346
vn 0.440184 -0.550225 -0.709570
vn 0.000000 0.999957 0.009271
vn -0.000000 -0.631931 -0.775025
vn -0.467321 -0.522831 -0.712923
vn 0.215648 0.946826 0.238782
vn 0.178213 0.961829 0.207667
vn -0.647630 -0.244644 -0.721613
vn 0.223167 0.449020 -0.865204
vn -0.538968 -0.395948 -0.743464
vn -0.702499 -0.390191 -0.595186
vn 0.283405 -0.954448 0.093331
vn -0.702499 -0.390191 -0.595186
vn -0.785012 -0.573574 -0.234027
vn 0.283405 -0.954448 0.093331
vn -0.730495 -0.575475 -0.367702
vn 0.249602 -0.954044 0.165826
vn 0.160295 -0.963464 0.214576
vn -0.453746 -0.707643 -0.541623
vn 0.085945 -0.995600 0.037347
vn -0.228503 -0.724356 -0.650458
vn -0.000000 -0.975928 0.218094
vn -0.000000 -0.791289 -0.611443
vn 0.232038 -0.725091 -0.648384
vn -0.086420 -0.995546 0.037671
vn 0.457566 -0.706962 -0.539294
vn -0.159639 -0.962985 0.217200
vn 0.730230 -0.577482 -0.365073
vn -0.244834 -0.953785 0.174214
vn -0.237360 -0.966542 0.097247
vn 0.772939 -0.593573 -0.224136
vn 0.697110 -0.381188 -0.607234
vn -0.470266 -0.003941 -0.882516
vn -0.613806 -0.440964 -0.654823
vn -0.842791 0.101642 -0.528557
vn 0.158956 0.036784 -0.986600
vn -0.095909 -0.605412 -0.790112
vn -0.470266 -0.003941 -0.882516
vn -0.284847 -0.736269 -0.613816
vn -0.328985 -0.660101 -0.675304
vn -0.682343 0.624865 -0.379410
vn -0.470266 -0.003941 -0.882516
vn -0.406912 0.749763 -0.521803
vn -0.219434 0.599473 -0.769728
vn 0.613803 -0.440972 -0.654821
vn 0.471562 -0.010419 -0.881771
vn 0.843550 0.096045 -0.528392
vn 0.333502 -0.656497 -0.676601
vn 0.471562 -0.010419 -0.881771
vn 0.297660 -0.722506 -0.624006
vn 0.090610 -0.604324 -0.791570
vn -0.174103 0.033949 -0.984142
vn 0.424042 0.471784 -0.773051
vn 0.471562 -0.010419 -0.881771
vn 0.408305 0.751512 -0.518187
vn 0.682067 0.623382 -0.382335
vn 0.784389 -0.602238 0.148471
vn 0.862202 -0.455784 -0.221062
vn 0.996664 -0.081596 -0.001898
vn 0.599834 -0.785999 -0.149679
vn 0.460063 -0.826285 -0.324955
vn 0.497592 -0.801614 -0.331388
vn 0.346827 -0.860753 -0.372580
vn 0.306433 -0.884683 -0.351333
vn -0.000000 -0.926161 -0.377127
vn -0.000000 -0.909382 -0.415961
vn -0.343997 -0.862917 -0.370189
vn -0.306429 -0.884684 -0.351334
vn -0.458337 -0.826766 -0.326168
vn -0.498307 -0.802025 -0.329312
vn -0.859639 -0.458074 -0.226250
vn -0.704336 -0.697954 -0.129505
vn -0.990061 -0.138715 -0.023190
vn -0.731209 -0.648007 0.213120
vn -0.461661 -0.858082 0.224866
vn -0.325940 -0.943509 -0.059613
vn -0.000697 -0.890133 0.455701
vn 0.164136 -0.980473 -0.108318
vn -0.000000 -0.943683 -0.330851
vn -0.164136 -0.980473 -0.108319
vn -0.000697 -0.890133 0.455701
vn 0.462395 -0.858572 0.221461
vn 0.327600 -0.943011 -0.058384
vn 0.902240 0.101679 -0.419075
vn 0.902260 0.097725 -0.419972
vn 0.832786 0.089389 -0.546331
vn 0.757402 0.051017 -0.650953
vn 0.395613 0.111743 -0.911594
vn 0.407024 -0.040133 -0.912536
vn 0.274519 0.117976 -0.954317
vn 0.319188 -0.120660 -0.939979
vn 0.319188 -0.120660 -0.939979
vn 0.208316 -0.143522 -0.967474
vn 0.120245 -0.076401 -0.989800
vn 0.069414 0.056652 -0.995978
vn 0.132204 0.158677 -0.978439
vn -0.395613 0.111743 -0.911594
vn -0.281756 0.110294 -0.953126
vn -0.399489 -0.050127 -0.915366
vn -0.323382 -0.125468 -0.937914
vn -0.132204 0.158677 -0.978439
vn -0.068794 0.054336 -0.996150
vn -0.120361 -0.084607 -0.989118
vn -0.208178 -0.148045 -0.966822
vn -0.323382 -0.125468 -0.937914
vn 0.543954 -0.119622 0.830545
vn 0.921927 -0.027569 0.386381
vn 0.736289 0.543978 -0.402451
vn 0.796809 0.287784 -0.531297
vn -0.264582 0.700829 -0.662446
vn -0.174727 0.462742 0.869103
vn -0.077136 0.527575 -0.845999
vn 0.470271 0.574902 0.669577
vn -0.705417 0.434830 -0.559742
vn -0.687587 0.150986 0.710231
vn -0.264582 0.700829 -0.662446
vn -0.174727 0.462742 0.869103
vn -0.742705 0.304136 -0.596566
vn -0.871078 -0.059158 0.487569
vn -0.705417 0.434830 -0.559742
vn -0.687587 0.150986 0.710231
vn 0.832786 0.089389 -0.546331
vn 0.757402 0.051017 -0.650953
vn 0.558597 0.010670 -0.829371
vn 0.438336 -0.001025 -0.898810
vn -0.757405 0.051017 -0.650949
vn -0.902253 0.097725 -0.419987
vn -0.832783 0.089389 -0.546335
vn -0.902233 0.101680 -0.419090
vn -0.433188 0.007833 -0.901269
vn -0.757405 0.051017 -0.650949
vn -0.552682 0.010003 -0.833332
vn -0.832783 0.089389 -0.546335
vn 0.543954 -0.119622 0.830545
vn 0.736289 0.543978 -0.402451
vn 0.470271 0.574902 0.669577
vn -0.077136 0.527575 -0.845999
vn 0.981287 0.096907 -0.166387
vn 0.951120 0.113175 -0.287336
vn 0.424042 0.471784 -0.773051
vn 0.792683 0.296942 -0.532428
vn 0.990994 0.021811 -0.132115
vn 0.996664 -0.081596 -0.001898
vn 0.993963 0.094533 -0.055679
vn 0.984795 0.002087 -0.173709
vn 0.979265 0.187041 -0.077813
vn 0.986192 0.017764 0.164649
vn 0.997181 -0.022422 -0.071611
vn 0.887876 0.253166 0.384166
vn 0.958745 0.080266 0.272702
vn 0.761764 -0.503944 0.407130
vn 0.784389 -0.602238 0.148471
vn 0.500159 -0.745925 0.439814
vn 0.462395 -0.858572 0.221461
vn -0.000697 -0.890133 0.455701
vn 0.446421 -0.663265 0.600656
vn 0.727493 -0.319990 0.606927
vn 0.803821 0.340421 0.487838
vn 0.748420 0.250920 0.613928
vn 0.803356 0.017458 0.595243
vn 0.763777 -0.108967 0.636216
vn 0.441113 0.517957 0.732898
vn 0.518765 0.018245 0.854722
vn 0.260106 -0.595017 0.760460
vn -0.259130 -0.594531 0.761174
vn -0.445820 -0.663216 0.601156
vn -0.728563 -0.318362 0.606499
vn -0.518904 0.023254 0.854516
vn 0.003528 -0.213201 0.977002
vn 0.000000 0.287896 0.957662
vn 0.000000 0.567202 0.823579
vn -0.441111 0.517957 0.732899
vn 0.351636 -0.213800 0.911395
vn 0.435714 0.221525 0.872399
vn -0.003948 0.014199 0.999891
vn -0.060258 -0.221476 0.973302
vn 0.026717 0.032649 0.999110
vn -0.356116 -0.047326 0.933242
vn -0.430110 -0.205566 0.879061
vn -0.432160 0.222575 0.873898
vn -0.749149 0.248132 0.614172
vn -0.803821 0.340420 0.487837
vn -0.956572 0.097462 0.274721
vn -0.759775 -0.505162 0.409332
vn -0.499644 -0.745022 0.441925
vn -0.461661 -0.858082 0.224866
vn -0.731209 -0.648007 0.213120
vn -0.990061 -0.138715 -0.023190
vn -0.991214 0.129181 -0.028403
vn -0.855324 0.254930 0.451034
vn -0.807317 0.021898 0.589712
vn -0.785852 -0.096435 0.610849
vn -0.744208 -0.065673 0.664711
vn -0.724797 0.290322 0.624806
vn -0.353826 0.650580 0.671977
vn 0.000000 0.675471 0.737386
vn 0.283471 0.632370 0.720939
vn 0.000000 0.978510 0.206199
vn -0.445730 0.861394 0.243569
vn -0.780593 0.507587 0.364734
vn -0.920277 0.013306 0.391041
vn -0.983085 0.012019 0.182756
vn -0.983446 0.169436 -0.064228
vn -0.962535 0.044379 -0.267502
vn -0.997498 0.010087 -0.069965
vn -0.983085 0.012019 0.182756
vn -0.997164 0.071971 -0.022001
vn -0.920277 0.013306 0.391041
vn -0.736755 0.667826 -0.105831
vn -0.348361 0.924494 -0.154772
vn 0.000000 0.946129 -0.323791
vn 0.407382 0.908758 -0.090548
vn 0.394344 0.565371 -0.724464
vn 0.780143 0.605170 -0.158577
vn 0.801731 0.345726 -0.487545
vn 0.538361 0.344725 -0.768981
vn 0.251490 0.387270 -0.887003
vn -0.000000 0.540470 -0.841363
vn -0.000000 0.357133 -0.934054
vn -0.963764 0.062241 -0.259393
vn -0.811891 0.352401 -0.465454
vn -0.536308 0.345808 -0.769929
vn -0.386485 0.568568 -0.726195
vn -0.242764 0.389434 -0.888486
vn -0.000000 -0.155178 -0.987886
vn -0.328985 -0.660101 -0.675304
vn -0.613806 -0.440964 -0.654823
vn -0.000000 0.060637 -0.998160
vn -0.842791 0.101642 -0.528557
vn 0.005264 0.843736 -0.536732
vn -0.682343 0.624865 -0.379410
vn 0.682067 0.623382 -0.382335
vn 0.005264 0.843736 -0.536732
vn 0.843550 0.096045 -0.528392
vn 0.613803 -0.440972 -0.654821
vn 0.333502 -0.656497 -0.676601
vn 0.251490 0.387270 -0.887003
vn 0.538361 0.344725 -0.768981
vn 0.297660 -0.722506 -0.624006
vn 0.954679 0.080048 -0.286672
vn 0.090610 -0.604324 -0.791570
vn 0.997181 -0.022422 -0.071611
vn -0.174103 0.033949 -0.984142
vn 0.981287 0.096907 -0.166387
vn 0.634581 0.354772 -0.686618
vn 0.682067 0.623382 -0.382335
vn 0.603928 0.503071 -0.618215
vn 0.408305 0.751512 -0.518187
vn 0.792683 0.296942 -0.532428
vn 0.763204 0.583265 0.278066
vn 0.954679 0.080048 -0.286672
vn 0.996903 0.073744 -0.027329
vn 0.986192 0.017764 0.164649
vn 0.918539 0.014441 0.395068
vn 0.455023 -0.049337 0.889112
vn 0.683776 0.411326 0.602711
vn 0.457368 0.835618 0.304233
vn 0.918539 0.014441 0.395068
vn 0.793779 -0.030154 0.607459
vn 0.509058 0.324226 -0.797331
vn 0.665985 -0.006197 -0.745939
vn 0.395613 0.111743 -0.911594
vn 0.407024 -0.040133 -0.912536
vn 0.958402 -0.073404 -0.275821
vn 0.868458 0.365075 -0.335411
vn 0.588502 0.686993 -0.426269
vn 0.986133 0.090590 0.139050
vn 0.899244 -0.422250 0.114301
vn 0.805274 -0.466977 -0.365330
vn 0.544682 -0.303612 -0.781755
vn 0.319188 -0.120660 -0.939979
vn 0.818146 0.566799 0.096827
vn 0.441197 0.897410 -0.001064
vn 0.201455 0.839691 -0.504316
vn -0.055804 0.989194 -0.135577
vn -0.193705 0.732326 -0.652822
vn -0.517996 0.813865 -0.263258
vn -0.489889 0.453774 -0.744378
vn -0.834773 0.429351 -0.344689
vn -0.649494 0.072764 -0.756877
vn -0.926590 -0.077864 -0.367924
vn -0.544086 -0.339729 -0.767173
vn -0.753999 -0.574105 -0.319202
vn -0.282848 -0.672927 -0.683496
vn -0.378000 -0.899867 -0.217611
vn 0.079951 -0.841452 -0.534384
vn 0.114787 -0.989243 -0.090681
vn -0.201644 -0.003711 -0.979452
vn -0.071140 0.298614 -0.951719
vn -0.055177 -0.308999 -0.949460
vn 0.120245 -0.076401 -0.989800
vn 0.069414 0.056652 -0.995978
vn 0.132204 0.158677 -0.978439
vn 0.581266 -0.813248 0.027520
vn 0.493414 -0.742834 -0.452482
vn 0.233881 -0.444664 -0.864624
vn -0.055177 -0.308999 -0.949460
vn 0.899244 -0.422250 0.114301
vn 0.805274 -0.466977 -0.365330
vn 0.544682 -0.303612 -0.781755
vn 0.319188 -0.120660 -0.939979
vn 0.208316 -0.143522 -0.967474
vn 0.120245 -0.076401 -0.989800
vn 0.440184 -0.550225 -0.709570
vn -0.000000 -0.754644 -0.656134
vn -0.000000 -0.631931 -0.775025
vn -0.467321 -0.522831 -0.712923
vn -0.702499 -0.390191 -0.595186
vn -0.538968 -0.395948 -0.743464
vn -0.783496 -0.335399 -0.523108
vn -0.647630 -0.244644 -0.721613
vn -0.600809 -0.581237 -0.548810
vn -0.859639 -0.458074 -0.226250
vn -0.498307 -0.802025 -0.329312
vn -0.391045 -0.770476 -0.503439
vn -0.343997 -0.862917 -0.370189
vn -0.000000 -0.909382 -0.415961
vn 0.647342 -0.263355 -0.715257
vn 0.585672 -0.609083 -0.534796
vn 0.392297 -0.769812 -0.503480
vn 0.346827 -0.860753 -0.372580
vn 0.497592 -0.801614 -0.331388
vn 0.862202 -0.455784 -0.221062
vn 0.800482 -0.336735 -0.495821
vn 0.631893 -0.223194 -0.742224
vn 0.697110 -0.381188 -0.607234
vn -0.516383 0.318871 -0.794777
vn -0.395613 0.111743 -0.911594
vn -0.663396 0.001241 -0.748268
vn -0.399489 -0.050127 -0.915366
vn -0.592618 0.685305 -0.423275
vn -0.869097 0.356203 -0.343206
vn -0.959953 -0.069448 -0.271416
vn -0.436146 0.899872 0.002567
vn -0.815209 0.570491 0.099869
vn -0.986924 0.080328 0.139742
vn -0.899247 -0.422245 0.114299
vn -0.804564 -0.470765 -0.362018
vn -0.530535 -0.312804 -0.787836
vn -0.323382 -0.125468 -0.937914
vn -0.200895 0.841582 -0.501379
vn 0.055988 0.989025 -0.136729
vn 0.190328 0.731656 -0.654565
vn 0.513843 0.816946 -0.261850
vn 0.485947 0.453544 -0.747097
vn 0.838772 0.417672 -0.349301
vn 0.655237 0.066458 -0.752494
vn 0.924565 -0.088162 -0.370683
vn 0.551297 -0.335094 -0.764057
vn 0.762501 -0.564546 -0.316039
vn 0.285423 -0.671466 -0.683862
vn 0.380168 -0.899364 -0.215909
vn -0.079951 -0.841453 -0.534382
vn -0.115581 -0.989016 -0.092134
vn -0.487909 -0.745110 -0.454703
vn -0.576509 -0.816673 0.026123
vn -0.804564 -0.470765 -0.362018
vn -0.899247 -0.422245 0.114299
vn 0.055177 -0.308999 -0.949460
vn -0.233880 -0.444667 -0.864622
vn -0.120361 -0.084607 -0.989118
vn -0.208178 -0.148045 -0.966822
vn -0.323382 -0.125468 -0.937914
vn -0.530535 -0.312804 -0.787836
vn 0.201826 -0.000620 -0.979421
vn 0.069833 0.300619 -0.951184
vn 0.055177 -0.308999 -0.949460
vn -0.120361 -0.084607 -0.989118
vn -0.068794 0.054336 -0.996150
vn -0.132204 0.158677 -0.978439
vn -0.395613 0.111743 -0.911594
vn -0.516383 0.318871 -0.794777
vn -0.281756 0.110294 -0.953126
vn -0.220454 0.445284 -0.867826
vn -0.132204 0.158677 -0.978439
vn 0.069833 0.300619 -0.951184
vn 0.249602 -0.954044 0.165826
vn 0.286743 -0.923914 -0.253300
vn 0.283405 -0.954448 0.093331
vn 0.223167 0.449020 -0.865204
vn -0.702499 -0.390191 -0.595186
vn 0.085945 -0.995600 0.037347
vn -0.000000 -0.975928 0.218094
vn 0.160295 -0.963464 0.214576
vn -0.000000 -0.999005 0.044596
vn 0.286743 -0.923914 -0.253300
vn -0.244834 -0.953785 0.174214
vn -0.284161 -0.926341 -0.247275
vn -0.159639 -0.962985 0.217200
vn -0.086420 -0.995546 0.037671
vn -0.237360 -0.966542 0.097247
vn -0.284161 -0.926341 -0.247275
vn -0.272044 0.459221 -0.845640
vn -0.002897 0.060259 -0.998179
vn -0.003724 0.999841 0.017428
vn 0.286743 -0.923914 -0.253300
vn -0.000000 -0.999005 0.044596
vn 0.178213 0.961829 0.207667
vn -0.003724 0.999841 0.017428
vn 0.215648 0.946826 0.238782
vn 0.000000 0.999957 0.009271
vn -0.152014 0.976876 0.150346
vn -0.276985 0.913826 0.296987
vn 0.166676 -0.389925 0.905637
vn 0.282379 -0.819822 0.498150
vn 0.641952 -0.496460 0.584316
vn 0.581266 -0.813248 0.027520
vn 0.899244 -0.422250 0.114301
vn 0.114787 -0.989243 -0.090681
vn -0.156652 -0.928341 0.337111
vn -0.378000 -0.899867 -0.217611
vn -0.580956 -0.761456 0.287531
vn -0.753999 -0.574105 -0.319202
vn -0.889138 -0.402093 0.218528
vn -0.926590 -0.077864 -0.367924
vn -0.987847 0.064507 0.141410
vn -0.834773 0.429351 -0.344689
vn -0.843385 0.486027 0.229083
vn -0.517996 0.813865 -0.263258
vn -0.497317 0.809281 0.312635
vn -0.055804 0.989194 -0.135577
vn -0.032105 0.931947 0.361170
vn 0.441197 0.897410 -0.001064
vn 0.373530 0.771910 0.514422
vn 0.818146 0.566799 0.096827
vn 0.693013 0.410256 0.592809
vn -0.600370 0.390246 0.698043
vn -0.769860 0.007085 0.638174
vn -0.257801 0.003681 0.966191
vn -0.594110 -0.399930 0.697918
vn 0.166983 0.399580 0.901361
vn -0.223211 0.582689 0.781441
vn -0.600370 0.390246 0.698043
vn 0.986133 0.090590 0.139050
vn 0.825573 -0.059067 0.561195
vn 0.899244 -0.422250 0.114301
vn 0.641952 -0.496460 0.584316
vn 0.348121 0.003772 0.937442
vn 0.166676 -0.389925 0.905637
vn 0.166983 0.399580 0.901361
vn -0.594110 -0.399930 0.697918
vn -0.200350 -0.582786 0.787541
vn 0.166676 -0.389925 0.905637
vn -0.899247 -0.422245 0.114299
vn -0.576509 -0.816673 0.026123
vn -0.642489 -0.499121 0.581452
vn -0.284152 -0.820256 0.496424
vn -0.165436 -0.391331 0.905257
vn -0.115581 -0.989016 -0.092134
vn 0.157022 -0.927988 0.337908
vn 0.380168 -0.899364 -0.215909
vn 0.581625 -0.759724 0.290745
vn 0.762501 -0.564546 -0.316039
vn 0.890876 -0.404248 0.207181
vn 0.924565 -0.088162 -0.370683
vn 0.990255 0.045316 0.131686
vn 0.838772 0.417672 -0.349301
vn 0.838457 0.492874 0.232520
vn 0.513843 0.816946 -0.261850
vn 0.497322 0.809279 0.312633
vn 0.055988 0.989025 -0.136729
vn 0.032500 0.932250 0.360351
vn -0.436146 0.899872 0.002567
vn -0.370454 0.773998 0.513509
vn -0.815209 0.570491 0.099869
vn -0.692472 0.409803 0.593754
vn -0.165733 0.401184 0.900880
vn 0.222561 0.582537 0.781740
vn 0.598864 0.397470 0.695255
vn 0.254756 0.003202 0.967000
vn 0.598864 0.397470 0.695255
vn 0.771871 0.001021 0.635778
vn 0.593091 -0.403160 0.696926
vn -0.986924 0.080328 0.139742
vn -0.828040 -0.055861 0.557879
vn -0.899247 -0.422245 0.114299
vn -0.642489 -0.499121 0.581452
vn -0.348454 0.002746 0.937322
vn -0.165436 -0.391331 0.905257
vn -0.165733 0.401184 0.900880
vn 0.593091 -0.403160 0.696926
vn 0.200034 -0.584570 0.786298
vn -0.165436 -0.391331 0.905257
vn -0.638906 0.349712 -0.685202
vn -0.608361 0.502237 -0.614536
vn -0.682343 0.624865 -0.379410
vn -0.406912 0.749763 -0.521803
vn -0.801458 0.269455 -0.533908
vn -0.219434 0.599473 -0.769728
vn -0.242764 0.389434 -0.888486
vn -0.536308 0.345808 -0.769929
vn -0.284847 -0.736269 -0.613816
vn -0.963764 0.062241 -0.259393
vn -0.095909 -0.605412 -0.790112
vn -0.997498 0.010087 -0.069965
vn 0.158956 0.036784 -0.986600
vn -0.962535 0.044379 -0.267502
vn -0.801458 0.269455 -0.533908
vn -0.954281 0.120920 -0.273359
vn -0.983446 0.169436 -0.064228
vn -0.984924 0.000146 -0.172985
vn -0.991152 0.021534 -0.130974
vn -0.859639 -0.458074 -0.226250
vn 0.979265 0.187041 -0.077813
vn 0.914465 0.356959 -0.190617
vn 0.984795 0.002087 -0.173709
vn 0.910295 -0.313432 0.270414
vn 0.993963 0.094533 -0.055679
vn 0.508522 -0.847959 0.149568
vn 0.558597 0.010670 -0.829371
vn 0.438336 -0.001025 -0.898810
vn -0.000000 0.006926 -0.999976
vn -0.000000 0.043455 -0.999055
vn -0.433188 0.007833 -0.901269
vn -0.552682 0.010003 -0.833332
vn -0.983446 0.169436 -0.064228
vn -0.984924 0.000146 -0.172985
vn -0.893135 0.036206 -0.448328
vn -0.901916 -0.305599 0.305216
vn -0.991214 0.129181 -0.028403
vn -0.508522 -0.847959 0.149568
vn 0.218080 0.448479 -0.866780
vn 0.509058 0.324226 -0.797331
vn -0.071140 0.298614 -0.951719
vn 0.132204 0.158677 -0.978439
vn 0.274519 0.117976 -0.954317
vn 0.395613 0.111743 -0.911594
vn 0.993963 0.094533 -0.055679
vn 0.508522 -0.847959 0.149568
vn 0.887876 0.253166 0.384166
vn 0.910295 -0.313432 0.270414
vn 0.803356 0.017458 0.595243
vn 0.914465 0.356959 -0.190617
vn 0.979265 0.187041 -0.077813
vn -0.983446 0.169436 -0.064228
vn 0.181802 0.697594 0.693045
vn -0.807317 0.021898 0.589712
vn -0.901916 -0.305599 0.305216
vn -0.855324 0.254930 0.451034
vn -0.508522 -0.847959 0.149568
vn -0.991214 0.129181 -0.028403
vn -0.682343 0.624865 -0.379410
vn -0.922654 0.207392 -0.325112
vn -0.638906 0.349712 -0.685202
vn 0.001379 -0.828215 -0.560409
vn 0.004453 0.314540 -0.949234
vn 0.634581 0.354772 -0.686618
vn 0.925227 0.201906 -0.321230
vn 0.682067 0.623382 -0.382335
vn 0.005264 0.843736 -0.536732
vn 0.682067 0.623382 -0.382335
vn 0.003294 0.981714 -0.190331
vn -0.000000 0.299337 -0.954147
vn -0.682343 0.624865 -0.379410
vn 0.736289 0.543978 -0.402451
vn -0.907949 -0.409084 -0.090987
vn -0.077136 0.527575 -0.845999
vn -0.332821 -0.925328 0.181655
vn 0.315060 -0.828577 -0.462814
vn -0.264582 0.700829 -0.662446
vn 0.894994 -0.324153 -0.306449
vn -0.705417 0.434830 -0.559742
vn -0.742705 0.304136 -0.596566
vn 0.968123 -0.035928 -0.247885
vn -0.871078 -0.059158 0.487569
vn -0.687587 0.150986 0.710231
vn -0.174727 0.462742 0.869103
vn 0.470271 0.574902 0.669577
vn 0.543954 -0.119622 0.830545
vn 0.921927 -0.027569 0.386381
vn -0.990160 -0.090016 -0.107147
vn 0.796809 0.287784 -0.531297
vn -0.730495 -0.575475 -0.367702
vn -0.785012 -0.573574 -0.234027
vn -0.942148 -0.187741 -0.277688
vn -0.965855 -0.118018 -0.230644
vn -0.954281 0.120920 -0.273359
vn -0.991152 0.021534 -0.130974
vn -0.859639 -0.458074 -0.226250
vn -0.783496 -0.335399 -0.523108
vn -0.702499 -0.390191 -0.595186
vn -0.228503 -0.724356 -0.650458
vn -0.415323 0.163445 -0.894870
vn -0.453746 -0.707643 -0.541623
vn -0.699694 0.270927 -0.661080
vn -0.898828 0.110896 -0.424041
vn -0.801458 0.269455 -0.533908
vn -0.608361 0.502237 -0.614536
vn -0.638906 0.349712 -0.685202
vn 0.004453 0.314540 -0.949234
vn -0.000000 0.028597 -0.999591
vn -0.000000 -0.791289 -0.611443
vn 0.232038 -0.725091 -0.648384
vn 0.951120 0.113175 -0.287336
vn 0.896038 0.116519 -0.428415
vn 0.792683 0.296942 -0.532428
vn 0.701012 0.268904 -0.660509
vn 0.603928 0.503071 -0.618215
vn 0.634581 0.354772 -0.686618
vn 0.422080 0.165988 -0.891233
vn 0.457566 -0.706962 -0.539294
vn 0.730230 -0.577482 -0.365073
vn 0.862202 -0.455784 -0.221062
vn 0.800482 -0.336735 -0.495821
vn 0.966082 -0.118329 -0.229528
vn 0.697110 -0.381188 -0.607234
vn 0.772939 -0.593573 -0.224136
vn 0.941227 -0.183781 -0.283403
vn 0.990994 0.021811 -0.132115
vn 0.837215 -0.011291 0.546757
vn 0.670929 0.355256 -0.650882
vn 0.718939 0.118662 0.684870
vn 0.406331 0.590262 -0.697485
vn 0.290151 0.453192 0.842870
vn 0.115457 0.682737 -0.721484
vn -0.180129 0.479385 0.858920
vn -0.242604 0.745729 -0.620509
vn -0.557857 0.277841 0.782049
vn -0.709114 0.481154 -0.515410
vn -0.799347 -0.034316 0.599889
vn -0.835530 0.309941 -0.453682
vn -0.709114 0.481154 -0.515410
vn 0.808599 -0.461786 -0.364583
vn 0.310840 -0.894489 -0.321354
vn -0.345770 -0.871746 -0.347134
vn 0.406331 0.590262 -0.697485
vn -0.866017 -0.494492 -0.074106
vn 0.670929 0.355256 -0.650882
vn -0.920981 -0.265422 0.285210
vn -0.835530 0.309941 -0.453682
vn 0.927353 -0.055297 -0.370080
vn -0.799347 -0.034316 0.599889
vn -0.557857 0.277841 0.782049
vn -0.180129 0.479385 0.858920
vn 0.290151 0.453192 0.842870
vn 0.718939 0.118662 0.684870
vn 0.837215 -0.011291 0.546757
vn 0.990289 -0.012579 0.138451
vn 0.995491 0.019250 0.092887
vn 0.998315 -0.005251 0.057793
vn 0.997188 0.054873 0.051030
vn 0.986777 0.028196 0.159612
vn 0.903230 -0.052220 0.425967
vn 0.846450 -0.073192 0.527414
vn 0.674351 -0.165537 0.719616
vn 0.773211 -0.070061 0.630267
vn 0.752267 -0.275006 0.598720
vn 0.710879 -0.346978 0.611766
vn 0.613338 -0.292518 0.733655
vn 0.617538 -0.112263 0.778488
vn 0.485665 -0.296147 0.822451
vn 0.454177 -0.517891 0.724922
vn 0.000000 -0.392347 0.919817
vn 0.000000 -0.123955 0.992288
vn 0.000000 -0.123955 0.992288
vn 0.000000 -0.392347 0.919817
vn -0.388043 -0.437588 0.811135
vn -0.504924 -0.396355 0.766781
vn -0.426564 -0.272355 0.862476
vn -0.785455 -0.139550 0.602982
vn -0.691171 -0.300573 0.657220
vn -0.744668 -0.265334 0.612427
vn -0.632135 -0.206810 0.746749
vn -0.771080 -0.094215 0.629730
vn -0.908869 -0.036202 0.415508
vn -0.892427 -0.074175 0.445053
vn -0.994644 0.036479 0.096708
vn -0.985271 0.124004 0.117746
vn -0.994161 0.009773 0.107462
vn -0.997393 -0.018989 0.069618
vn -0.980126 -0.052202 0.191385
vn 0.137090 -0.497025 -0.856839
vn 0.427190 -0.839005 0.337016
vn 0.608536 0.638180 -0.471604
vn 0.554544 0.469643 0.686961
vn 0.608536 0.638180 -0.471604
vn 0.485211 0.874396 0.001282
vn 0.435635 0.884186 -0.168631
vn 0.344736 0.840710 -0.417568
vn 0.300737 0.917685 -0.259638
vn -0.123214 0.656833 -0.743901
vn -0.016092 0.479231 -0.877542
vn 0.990040 0.133865 -0.043601
vn 0.521359 0.454082 -0.722492
vn 0.505109 -0.862544 -0.029699
vn 0.127796 -0.467186 -0.874874
vn 0.477618 -0.863584 -0.161566
vn 0.427190 -0.839005 0.337016
vn 0.527519 -0.847294 0.061777
vn 0.248287 -0.962113 -0.112661
vn 0.047091 -0.998421 -0.030636
vn -0.435180 -0.601179 -0.670225
vn -0.497852 -0.285767 -0.818829
vn 0.294815 0.921232 -0.253803
vn 0.046215 0.402678 -0.914174
vn -0.227961 -0.647489 -0.727181
vn -0.162099 -0.973578 -0.160839
vn -0.145093 -0.913001 0.381283
vn 0.151266 -0.970977 0.185264
vn 0.047091 -0.998421 -0.030636
vn 0.383762 -0.918901 0.091369
vn 0.527519 -0.847294 0.061777
vn 0.137090 -0.497025 -0.856839
vn 0.363596 -0.803851 0.470768
vn 0.331681 -0.701313 -0.630990
vn 0.259687 0.695297 0.670168
vn 0.236251 0.652317 0.720186
vn 0.127581 -0.064016 0.989760
vn 0.085056 0.072588 0.993729
vn 0.211181 0.684723 0.697536
vn -0.041745 -0.067965 0.996814
vn 0.117618 0.521762 0.844944
vn -0.190230 -0.529867 0.826470
vn -0.088181 -0.760567 0.643243
vn 0.151266 -0.970977 0.185264
vn 0.242638 -0.810659 0.532878
vn 0.383762 -0.918901 0.091369
vn 0.069856 -0.945958 0.316677
vn 0.485285 0.329557 0.809871
vn 0.697666 0.714267 -0.055540
vn 0.363596 -0.803851 0.470768
vn 0.331681 -0.701313 -0.630990
vn 0.211181 0.684723 0.697536
vn 0.346015 0.831389 0.434818
vn 0.370902 0.900615 0.226551
vn 0.498883 0.865916 0.036135
vn 0.485211 0.874396 0.001282
vn 0.608536 0.638180 -0.471604
vn 0.697666 0.714267 -0.055540
vn 0.117618 0.521762 0.844944
vn 0.211181 0.684723 0.697536
vn 0.265287 0.860179 0.435562
vn 0.300737 0.917685 -0.259638
vn 0.259687 0.695297 0.670168
vn 0.697666 0.714267 -0.055540
vn 0.236251 0.652317 0.720186
vn 0.259687 0.695297 0.670168
vn 0.343722 0.659426 0.668590
vn 0.697666 0.714267 -0.055540
vn 0.324394 0.390906 -0.861372
vn 0.331681 -0.701313 -0.630990
vn 0.089650 -0.853168 -0.513875
vn 0.069856 -0.945958 0.316677
vn 0.013432 -0.588767 0.808191
vn 0.127581 -0.064016 0.989760
vn 0.022088 -0.864294 0.502501
vn 0.178548 0.430569 0.884721
vn 0.439454 0.831501 -0.339833
vn 0.164454 -0.539151 -0.825997
vn 0.657075 -0.628941 0.415554
vn 0.706971 0.591427 0.387823
vn 0.853713 0.103509 -0.510353
vn 0.705615 -0.602939 -0.372251
vn 0.625964 -0.587040 0.513375
vn 0.757877 0.609442 0.232814
vn 0.417746 0.371300 0.829232
vn 0.507856 0.722837 -0.468604
vn 0.735465 0.208912 -0.644552
vn 0.137419 -0.573843 -0.807354
vn 0.655051 -0.615169 -0.438720
vn 0.363596 -0.803851 0.470768
vn 0.159546 -0.364503 0.917433
vn 0.485285 0.329557 0.809871
vn 0.535110 0.713288 0.452634
vn 0.608536 0.638180 -0.471604
vn 0.218414 0.302127 -0.927909
vn 0.137090 -0.497025 -0.856839
vn 0.036234 -0.844087 -0.534980
vn 0.187140 -0.760775 0.621450
vn 0.931347 -0.161963 -0.326130
vn 0.625580 -0.207410 -0.752084
vn -0.546922 0.380511 -0.745712
vn -0.491036 -0.730457 -0.474675
vn 0.733862 -0.441715 -0.516075
vn 0.891466 -0.368892 0.263072
vn 0.876695 -0.358701 -0.320531
vn -0.016092 0.479231 -0.877542
vn -0.343317 0.503193 -0.793051
vn -0.497852 -0.285767 -0.818829
vn -0.620781 -0.589962 -0.516310
vn 0.505109 -0.862544 -0.029699
vn 0.634642 -0.618100 0.463876
vn 0.990040 0.133865 -0.043601
vn 0.891059 0.436227 0.125377
vn 0.842589 0.538430 0.011735
vn 0.572075 -0.579174 0.580764
vn 0.915961 0.383548 0.117930
vn 0.432876 0.355118 0.828559
vn 0.430423 0.703961 -0.564956
vn 0.793661 0.309173 -0.523941
vn 0.722726 -0.345561 -0.598543
vn 0.102506 -0.655222 -0.748449
vn 0.427190 -0.839005 0.337016
vn 0.192257 -0.364672 0.911072
vn 0.554544 0.469643 0.686961
vn 0.532192 0.732805 0.423991
vn 0.521359 0.454082 -0.722492
vn 0.115633 0.288170 -0.950572
vn 0.127796 -0.467186 -0.874874
vn -0.054515 -0.828052 -0.557995
vn 0.250178 -0.773610 0.582185
vn -0.013047 0.980142 0.197867
vn 0.019341 0.977123 0.211794
vn -0.007982 0.798622 -0.601780
vn -0.052897 0.430845 -0.900874
vn -0.183906 -0.383566 -0.905017
vn -0.252475 -0.742941 -0.619916
vn -0.298977 -0.906842 0.297069
vn -0.291046 -0.891304 0.347662
vn -0.193838 -0.190828 0.962295
vn -0.120744 0.346670 0.930183
vn -0.032012 0.013007 0.999403
vn 0.210982 0.972111 0.102409
vn 0.098954 0.603174 -0.791447
vn -0.232747 -0.626216 -0.744099
vn -0.239749 -0.951707 0.191767
vn -0.212678 -0.917889 0.335034
vn -0.097805 -0.584116 -0.805756
vn 0.216816 0.698037 -0.682448
vn 0.243646 0.917494 0.314390
vn -0.069438 -0.030218 0.997129
vn -0.145093 -0.913001 0.381283
vn -0.162099 -0.973578 -0.160839
vn -0.227961 -0.647489 -0.727181
vn 0.046215 0.402678 -0.914174
vn 0.294815 0.921232 -0.253803
vn 0.265287 0.860179 0.435562
vn 0.117618 0.521762 0.844944
vn -0.190230 -0.529867 0.826470
vn -0.132278 -0.499932 -0.855904
vn -0.635668 0.619494 -0.460601
vn -0.423848 -0.838179 0.343234
vn -0.549958 0.489029 0.677050
vn -0.635668 0.619494 -0.460601
vn -0.477363 0.878693 -0.004862
vn -0.434887 0.883691 -0.173100
vn -0.341949 0.842179 -0.416900
vn -0.532457 0.450094 -0.716872
vn -0.255139 0.701123 0.665831
vn -0.238867 0.647829 0.723367
vn -0.719045 0.694251 -0.031478
vn -0.349274 0.827851 0.438942
vn -0.209453 0.684178 0.698592
vn -0.370626 0.901646 0.222869
vn -0.493770 0.869103 0.029187
vn -0.490906 0.325309 0.808199
vn -0.301492 0.916806 -0.261857
vn 0.123031 0.654962 -0.745579
vn 0.021022 0.483705 -0.874978
vn -0.988293 0.138371 -0.064275
vn -0.524554 -0.850139 -0.045899
vn -0.116982 0.518977 0.846746
vn -0.265909 0.859287 0.436942
vn -0.294673 0.920444 -0.256809
vn -0.048199 0.402192 -0.914286
vn 0.432412 -0.601103 -0.672083
vn 0.226016 -0.651616 -0.724095
vn -0.052177 -0.998238 -0.028240
vn 0.159606 -0.973737 -0.162364
vn -0.159936 -0.970777 0.178922
vn 0.145826 -0.911844 0.383765
vn 0.088672 -0.756561 0.647884
vn 0.189959 -0.529521 0.826754
vn 0.041567 -0.067420 0.996858
vn -0.116982 0.518977 0.846746
vn -0.209453 0.684178 0.698592
vn -0.079144 0.075318 0.994014
vn -0.520965 -0.850388 0.073725
vn -0.382172 -0.919958 0.087310
vn -0.247033 -0.810726 0.530753
vn -0.117547 -0.057882 0.991379
vn -0.049466 -0.951015 0.305160
vn -0.340600 -0.698550 -0.629300
vn -0.365161 -0.791439 0.490186
vn -0.132278 -0.499932 -0.855904
vn -0.423848 -0.838179 0.343234
vn -0.474258 -0.866106 -0.157924
vn -0.137093 -0.474001 -0.869786
vn -0.238867 0.647829 0.723367
vn -0.255139 0.701123 0.665831
vn 0.493803 -0.282844 -0.822288
vn -0.245329 -0.964025 -0.102323
vn -0.365161 -0.791439 0.490186
vn -0.719045 0.694251 -0.031478
vn -0.340600 -0.698550 -0.629300
vn -0.255139 0.701123 0.665831
vn -0.342572 0.658348 0.670240
vn -0.117547 -0.057882 0.991379
vn -0.021516 -0.592109 0.805571
vn -0.049466 -0.951015 0.305160
vn -0.068777 -0.852023 -0.518967
vn -0.340600 -0.698550 -0.629300
vn -0.314376 0.393120 -0.864074
vn -0.719045 0.694251 -0.031478
vn -0.168302 -0.537463 -0.826322
vn -0.427997 0.835587 -0.344403
vn -0.164595 0.432938 0.886269
vn -0.032498 -0.865756 0.499410
vn -0.657073 -0.632575 0.410005
vn -0.703834 0.596719 0.385414
vn -0.855189 0.103166 -0.507946
vn -0.708192 -0.608141 -0.358649
vn -0.629709 -0.580721 0.515974
vn -0.409339 0.375123 0.831699
vn -0.753389 0.612373 0.239590
vn -0.488849 0.733367 -0.472440
vn -0.736598 0.198232 -0.646627
vn -0.133641 -0.567465 -0.812480
vn -0.645804 -0.614947 -0.452523
vn -0.365161 -0.791439 0.490186
vn -0.490906 0.325309 0.808199
vn -0.160044 -0.364788 0.917233
vn -0.540105 0.710962 0.450355
vn -0.635668 0.619494 -0.460601
vn -0.214190 0.302266 -0.928848
vn -0.132278 -0.499932 -0.855904
vn -0.043180 -0.841945 -0.537833
vn -0.186789 -0.759537 0.623068
vn -0.928591 -0.160761 -0.334477
vn -0.879941 -0.356678 -0.313822
vn -0.885792 -0.376354 0.271531
vn -0.737058 -0.434972 -0.517248
vn -0.614354 -0.192775 -0.765119
vn 0.567948 0.380671 -0.729743
vn 0.510281 -0.723552 -0.464850
vn 0.021022 0.483705 -0.874978
vn -0.891447 0.430274 0.142078
vn -0.988293 0.138371 -0.064275
vn -0.640403 -0.615665 0.459174
vn -0.524554 -0.850139 -0.045899
vn 0.622013 -0.577798 -0.528440
vn 0.493803 -0.282844 -0.822288
vn 0.335706 0.498013 -0.799553
vn -0.841703 0.539667 0.017187
vn -0.437408 0.362098 0.823140
vn -0.571454 -0.580031 0.580521
vn -0.259642 -0.775518 0.575463
vn -0.094717 -0.653482 -0.750993
vn -0.724195 -0.360284 -0.587994
vn -0.430825 0.709226 -0.558022
vn -0.794421 0.301962 -0.526986
vn -0.916788 0.378240 0.128198
vn -0.549958 0.489029 0.677050
vn -0.199167 -0.362953 0.910273
vn -0.423848 -0.838179 0.343234
vn 0.050419 -0.829373 -0.556416
vn -0.137093 -0.474001 -0.869786
vn -0.109040 0.282611 -0.953017
vn -0.532457 0.450094 -0.716872
vn -0.537391 0.733511 0.416141
vn 0.018375 0.980239 0.196962
vn -0.020568 0.977673 0.209123
vn 0.119522 0.346210 0.930512
vn 0.190897 -0.194523 0.962143
vn 0.294322 -0.907847 0.298644
vn 0.289387 -0.891356 0.348911
vn 0.251112 -0.743604 -0.619674
vn 0.181607 -0.381230 -0.906467
vn 0.053057 0.429612 -0.901454
vn 0.007786 0.796222 -0.604955
vn 0.035842 0.018954 0.999178
vn 0.254379 -0.948230 0.190134
vn 0.247550 -0.620877 -0.743795
vn -0.095789 0.605375 -0.790156
vn -0.217692 0.970431 0.104274
vn 0.214952 -0.916869 0.336372
vn 0.097620 -0.586852 -0.803788
vn -0.217758 0.699397 -0.680754
vn -0.241963 0.917656 0.315215
vn 0.069659 -0.034898 0.996960
vn 0.226016 -0.651616 -0.724095
vn 0.159606 -0.973737 -0.162364
vn 0.145826 -0.911844 0.383765
vn 0.189959 -0.529521 0.826754
vn -0.116982 0.518977 0.846746
vn -0.265909 0.859287 0.436942
vn -0.294673 0.920444 -0.256809
vn -0.048199 0.402192 -0.914286
vn 0.645060 0.578425 -0.499321
vn 0.380738 -0.924680 -0.002232
vn 0.264680 -0.941223 -0.209864
vn 0.645060 0.578425 -0.499321
vn 0.928632 0.279592 -0.243867
vn 0.074628 0.920465 -0.383635
vn -0.003204 0.488210 -0.872720
vn 0.264680 -0.941223 -0.209864
vn 0.119768 0.011427 -0.992736
vn -0.301059 0.835306 -0.460029
vn 0.152547 0.881644 -0.446580
vn -0.003204 0.488210 -0.872720
vn 0.743821 0.246167 -0.621396
vn 0.928632 0.279592 -0.243867
vn 0.588992 -0.806258 0.055103
vn 0.944695 -0.002883 0.327936
vn 0.876517 0.333883 -0.346757
vn 0.558499 0.631821 0.537477
vn 0.152547 0.881644 -0.446580
vn 0.876517 0.333883 -0.346757
vn -0.025908 -0.898539 -0.438128
vn 0.588992 -0.806258 0.055103
vn 0.370285 -0.829628 0.417859
vn 0.944695 -0.002883 0.327936
vn 0.195584 0.070905 0.978120
vn 0.558499 0.631821 0.537477
vn -0.020033 0.811032 0.584659
vn -0.767125 0.228550 0.599403
vn -0.160272 -0.221275 0.961951
vn 0.195584 0.070905 0.978120
vn -0.767440 0.600391 0.224870
vn -0.725904 0.557978 -0.402149
vn -0.758972 0.630811 -0.161364
vn -0.935183 -0.350530 -0.050614
vn -0.767125 0.228550 0.599403
vn -0.543070 -0.721626 0.429338
vn -0.137834 -0.980460 -0.140358
vn -0.020033 0.811032 0.584659
vn -0.350727 -0.934235 0.064772
vn -0.935183 -0.350530 -0.050614
vn -0.758972 0.630811 -0.161364
vn -0.615190 0.691759 -0.378168
vn -0.350727 -0.934235 0.064772
vn -0.605002 0.567959 -0.558028
vn -0.037863 0.848809 -0.527341
vn -0.615190 0.691759 -0.378168
vn 0.074628 0.920465 -0.383635
vn -0.301059 0.835306 -0.460029
vn -0.725904 0.557978 -0.402149
vn 0.119768 0.011427 -0.992736
vn -0.605002 0.567959 -0.558028
vn -0.037863 0.848809 -0.527341
vn -0.767440 0.600391 0.224870
vn -0.605002 0.567959 -0.558028
vn 0.119768 0.011427 -0.992736
vn -0.350727 -0.934235 0.064772
vn -0.160272 -0.221275 0.961951
vn -0.543070 -0.721626 0.429338
vn 0.370285 -0.829628 0.417859
vn -0.025908 -0.898539 -0.438128
vn -0.137834 -0.980460 -0.140358
vn -0.543070 -0.721626 0.429338
vn -0.767440 0.600391 0.224870
vn -0.020033 0.811032 0.584659
vn -0.301059 0.835306 -0.460029
vn 0.152547 0.881644 -0.446580
vn 0.558499 0.631821 0.537477
vn 0.152547 0.881644 -0.446580
vn 0.876517 0.333883 -0.346757
vn -0.137834 -0.980460 -0.140358
vn -0.935183 -0.350530 -0.050614
vn -0.025908 -0.898539 -0.438128
vn 0.588992 -0.806258 0.055103
vn 0.119768 0.011427 -0.992736
vn 0.264680 -0.941223 -0.209864
vn -0.350727 -0.934235 0.064772
vn 0.380738 -0.924680 -0.002232
vn 0.588992 -0.806258 0.055103
vn -0.935183 -0.350530 -0.050614
vn 0.025908 -0.898539 -0.438128
vn 0.935183 -0.350530 -0.050614
vn 0.137834 -0.980460 -0.140358
vn 0.935183 -0.350530 -0.050614
vn -0.588992 -0.806258 0.055104
vn -0.588992 -0.806258 0.055104
vn 0.350727 -0.934235 0.064772
vn 0.935183 -0.350530 -0.050614
vn 0.350727 -0.934235 0.064772
vn -0.380738 -0.924680 -0.002232
vn 0.605002 0.567959 -0.558029
vn -0.119768 0.011427 -0.992736
vn -0.380738 -0.924680 -0.002232
vn -0.264680 -0.941224 -0.209864
vn -0.119768 0.011427 -0.992736
vn -0.645061 0.578425 -0.499321
vn -0.264680 -0.941224 -0.209864
vn -0.380738 -0.924680 -0.002232
vn -0.928632 0.279592 -0.243867
vn -0.645061 0.578425 -0.499321
vn -0.074628 0.920464 -0.383635
vn -0.928632 0.279592 -0.243867
vn -0.645061 0.578425 -0.499321
vn 0.037863 0.848809 -0.527342
vn -0.119768 0.011427 -0.992736
vn 0.003204 0.488210 -0.872721
vn -0.074628 0.920464 -0.383635
vn -0.928632 0.279592 -0.243867
vn -0.743821 0.246166 -0.621396
vn -0.380738 -0.924680 -0.002232
vn -0.588992 -0.806258 0.055104
vn -0.944695 -0.002883 0.327937
vn -0.743821 0.246166 -0.621396
vn -0.370284 -0.829628 0.417859
vn -0.195584 0.070905 0.978120
vn -0.195584 0.070905 0.978120
vn 0.160272 -0.221274 0.961951
vn 0.160272 -0.221274 0.961951
vn 0.767125 0.228550 0.599403
vn 0.935183 -0.350530 -0.050614
vn 0.758972 0.630811 -0.161365
vn 0.350727 -0.934235 0.064772
vn 0.935183 -0.350530 -0.050614
vn 0.543070 -0.721626 0.429338
vn 0.767125 0.228550 0.599403
vn 0.543070 -0.721626 0.429338
vn 0.137834 -0.980460 -0.140358
vn 0.935183 -0.350530 -0.050614
vn 0.758972 0.630811 -0.161365
vn 0.725904 0.557978 -0.402149
vn 0.350727 -0.934235 0.064772
vn 0.615190 0.691759 -0.378169
vn 0.605002 0.567959 -0.558029
vn 0.037863 0.848809 -0.527342
vn 0.615190 0.691759 -0.378169
vn 0.615190 0.691759 -0.378169
vn -0.074628 0.920464 -0.383635
vn 0.725904 0.557978 -0.402149
vn 0.003204 0.488210 -0.872721
vn 0.301059 0.835306 -0.460030
vn 0.767440 0.600392 0.224870
vn 0.301059 0.835306 -0.460030
vn 0.037863 0.848809 -0.527342
vn -0.119768 0.011427 -0.992736
vn -0.119768 0.011427 -0.992736
vn 0.003204 0.488210 -0.872721
vn -0.152547 0.881644 -0.446580
vn -0.152547 0.881644 -0.446580
vn -0.743821 0.246166 -0.621396
vn -0.876517 0.333883 -0.346757
vn -0.944695 -0.002883 0.327937
vn -0.876517 0.333883 -0.346757
vn -0.876517 0.333883 -0.346757
vn -0.558499 0.631821 0.537477
vn -0.944695 -0.002883 0.327937
vn -0.558499 0.631821 0.537477
vn 0.020033 0.811032 0.584659
vn -0.195584 0.070905 0.978120
vn 0.020033 0.811032 0.584659
vn 0.767440 0.600392 0.224870
vn 0.725904 0.557978 -0.402149
vn 0.767125 0.228550 0.599403
vn 0.137834 -0.980460 -0.140358
vn -0.370284 -0.829628 0.417859
vn 0.025908 -0.898539 -0.438128
vn 0.543070 -0.721626 0.429338
vn -0.370284 -0.829628 0.417859
vn 0.160272 -0.221274 0.961951
vn 0.543070 -0.721626 0.429338
vn 0.025908 -0.898539 -0.438128
vn -0.370284 -0.829628 0.417859
vn -0.588992 -0.806258 0.055104
vn -0.588992 -0.806258 0.055104
vn 0.767440 0.600392 0.224870
vn 0.301059 0.835306 -0.460030
vn 0.020033 0.811032 0.584659
vn -0.152547 0.881644 -0.446580
vn 0.020033 0.811032 0.584659
vn -0.558499 0.631821 0.537477
vn -0.876517 0.333883 -0.346757
s 1
usemtl homerball_body
f 715/715/715 712/712/712 714/714/714
f 731/731/731 732/732/732 725/725/725
f 732/732/732 726/726/726 725/725/725
f 725/725/725 726/726/726 720/720/720
f 726/726/726 721/721/721 720/720/720
f 720/720/720 721/721/721 716/716/716
f 721/721/721 717/717/717 716/716/716
f 716/716/716 717/717/717 713/713/713
f 717/717/717 714/714/714 713/713/713
f 713/713/713 714/714/714 711/711/711
f 714/714/714 712/712/712 711/711/711
f 711/711/711 712/712/712 710/710/710
f 712/712/712 674/674/674 710/710/710
f 710/710/710 674/674/674 709/709/709
f 581/581/581 424/424/424 470/470/470
f 424/424/424 432/432/432 470/470/470
f 470/470/470 432/432/432 478/478/478
f 432/432/432 731/731/731 478/478/478
f 478/478/478 731/731/731 766/766/766
f 731/731/731 725/725/725 766/766/766
f 766/766/766 725/725/725 759/759/759
f 725/725/725 720/720/720 759/759/759
f 759/759/759 720/720/720 753/753/753
f 720/720/720 716/716/716 753/753/753
f 753/753/753 716/716/716 748/748/748
f 716/716/716 713/713/713 748/748/748
f 748/748/748 713/713/713 744/744/744
f 713/713/713 711/711/711 744/744/744
f 744/744/744 711/711/711 741/741/741
f 711/711/711 710/710/710 741/741/741
f 741/741/741 710/710/710 739/739/739
f 710/710/710 738/738/738 739/739/739
f 767/767/767 639/639/639 739/739/739
f 639/639/639 768/768/768 739/739/739
f 768/768/768 740/740/740 739/739/739
f 739/739/739 740/740/740 741/741/741
f 740/740/740 743/743/743 741/741/741
f 741/741/741 743/743/743 744/744/744
f 743/743/743 747/747/747 744/744/744
f 744/744/744 747/747/747 748/748/748
f 747/747/747 752/752/752 748/748/748
f 748/748/748 752/752/752 753/753/753
f 752/752/752 758/758/758 753/753/753
f 753/753/753 758/758/758 759/759/759
f 682/682/682 643/643/643 640/640/640
f 643/643/643 644/644/644 640/640/640
f 640/640/640 644/644/644 641/641/641
f 644/644/644 645/645/645 641/641/641
f 641/641/641 645/645/645 642/642/642
f 645/645/645 646/646/646 642/642/642
f 646/646/646 769/769/769 642/642/642
f 642/642/642 769/769/769 768/768/768
f 769/769/769 770/770/770 768/768/768
f 768/768/768 770/770/770 740/740/740
f 770/770/770 742/742/742 740/740/740
f 740/740/740 742/742/742 743/743/743
f 747/747/747 743/743/743 746/746/746
f 743/743/743 742/742/742 746/746/746
f 746/746/746 742/742/742 745/745/745
f 745/745/745 742/742/742 773/773/773
f 742/742/742 770/770/770 773/773/773
f 773/773/773 770/770/770 772/772/772
f 770/770/770 769/769/769 772/772/772
f 772/772/772 769/769/769 771/771/771
f 769/769/769 646/646/646 771/771/771
f 771/771/771 646/646/646 651/651/651
f 651/651/651 646/646/646 650/650/650
f 646/646/646 645/645/645 650/650/650
f 650/650/650 645/645/645 649/649/649
f 645/645/645 644/644/644 649/649/649
f 649/649/649 644/644/644 648/648/648
f 644/644/644 643/643/643 648/648/648
f 648/648/648 643/643/643 647/647/647
f 643/643/643 687/687/687 647/647/647
f 752/752/752 747/747/747 751/751/751
f 747/747/747 746/746/746 751/751/751
f 751/751/751 746/746/746 750/750/750
f 746/746/746 745/745/745 750/750/750
f 750/750/750 745/745/745 749/749/749
f 749/749/749 745/745/745 777/777/777
f 745/745/745 773/773/773 777/777/777
f 777/777/777 773/773/773 776/776/776
f 773/773/773 772/772/772 776/776/776
f 776/776/776 772/772/772 775/775/775
f 772/772/772 771/771/771 775/775/775
f 775/775/775 771/771/771 774/774/774
f 771/771/771 651/651/651 774/774/774
f 774/774/774 651/651/651 657/657/657
f 657/657/657 651/651/651 656/656/656
f 651/651/651 650/650/650 656/656/656
f 656/656/656 650/650/650 655/655/655
f 650/650/650 649/649/649 655/655/655
f 758/758/758 752/752/752 757/757/757
f 752/752/752 751/751/751 757/757/757
f 757/757/757 751/751/751 756/756/756
f 751/751/751 750/750/750 756/756/756
f 756/756/756 750/750/750 755/755/755
f 750/750/750 749/749/749 755/755/755
f 755/755/755 749/749/749 754/754/754
f 754/754/754 749/749/749 782/782/782
f 749/749/749 777/777/777 782/782/782
f 782/782/782 777/777/777 781/781/781
f 777/777/777 776/776/776 781/781/781
f 781/781/781 776/776/776 780/780/780
f 776/776/776 775/775/775 780/780/780
f 780/780/780 775/775/775 779/779/779
f 775/775/775 774/774/774 779/779/779
f 779/779/779 774/774/774 778/778/778
f 774/774/774 657/657/657 778/778/778
f 778/778/778 657/657/657 664/664/664
f 766/766/766 759/759/759 765/765/765
f 759/759/759 758/758/758 765/765/765
f 765/765/765 758/758/758 764/764/764
f 758/758/758 757/757/757 764/764/764
f 764/764/764 757/757/757 763/763/763
f 757/757/757 756/756/756 763/763/763
f 763/763/763 756/756/756 762/762/762
f 756/756/756 755/755/755 762/762/762
f 762/762/762 755/755/755 761/761/761
f 755/755/755 754/754/754 761/761/761
f 761/761/761 754/754/754 760/760/760
f 760/760/760 754/754/754 788/788/788
f 754/754/754 782/782/782 788/788/788
f 788/788/788 782/782/782 787/787/787
f 782/782/782 781/781/781 787/787/787
f 787/787/787 781/781/781 786/786/786
f 781/781/781 780/780/780 786/786/786
f 786/786/786 780/780/780 785/785/785
f 478/478/478 766/766/766 479/479/479
f 766/766/766 765/765/765 479/479/479
f 479/479/479 765/765/765 480/480/480
f 765/765/765 764/764/764 480/480/480
f 480/480/480 764/764/764 481/481/481
f 764/764/764 763/763/763 481/481/481
f 481/481/481 763/763/763 482/482/482
f 763/763/763 762/762/762 482/482/482
f 482/482/482 762/762/762 483/483/483
f 762/762/762 761/761/761 483/483/483
f 483/483/483 761/761/761 484/484/484
f 761/761/761 760/760/760 484/484/484
f 484/484/484 760/760/760 263/263/263
f 263/263/263 760/760/760 264/264/264
f 760/760/760 788/788/788 264/264/264
f 264/264/264 788/788/788 265/265/265
f 788/788/788 787/787/787 265/265/265
f 265/265/265 787/787/787 266/266/266
f 470/470/470 478/478/478 471/471/471
f 478/478/478 479/479/479 471/471/471
f 471/471/471 479/479/479 472/472/472
f 479/479/479 480/480/480 472/472/472
f 472/472/472 480/480/480 473/473/473
f 480/480/480 481/481/481 473/473/473
f 473/473/473 481/481/481 474/474/474
f 481/481/481 482/482/482 474/474/474
f 474/474/474 482/482/482 475/475/475
f 482/482/482 483/483/483 475/475/475
f 475/475/475 483/483/483 476/476/476
f 483/483/483 484/484/484 476/476/476
f 476/476/476 484/484/484 477/477/477
f 484/484/484 263/263/263 477/477/477
f 477/477/477 263/263/263 255/255/255
f 263/263/263 264/264/264 255/255/255
f 255/255/255 264/264/264 256/256/256
f 264/264/264 265/265/265 256/256/256
f 581/581/581 470/470/470 458/458/458
f 470/470/470 471/471/471 458/458/458
f 458/458/458 471/471/471 459/459/459
f 471/471/471 472/472/472 459/459/459
f 459/459/459 472/472/472 461/461/461
f 472/472/472 473/473/473 461/461/461
f 461/461/461 473/473/473 463/463/463
f 473/473/473 474/474/474 463/463/463
f 463/463/463 474/474/474 465/465/465
f 474/474/474 475/475/475 465/465/465
f 465/465/465 475/475/475 467/467/467
f 475/475/475 476/476/476 467/467/467
f 467/467/467 476/476/476 469/469/469
f 476/476/476 477/477/477 469/469/469
f 469/469/469 477/477/477 608/608/608
f 477/477/477 255/255/255 608/608/608
f 608/608/608 255/255/255 243/243/243
f 255/255/255 256/256/256 243/243/243
f 424/424/424 581/581/581 416/416/416
f 416/416/416 581/581/581 583/583/583
f 583/583/583 581/581/581 582/582/582
f 581/581/581 458/458/458 582/582/582
f 582/582/582 458/458/458 457/457/457
f 458/458/458 459/459/459 457/457/457
f 457/457/457 459/459/459 460/460/460
f 459/459/459 461/461/461 460/460/460
f 460/460/460 461/461/461 462/462/462
f 461/461/461 463/463/463 462/462/462
f 462/462/462 463/463/463 464/464/464
f 463/463/463 465/465/465 464/464/464
f 464/464/464 465/465/465 466/466/466
f 465/465/465 467/467/467 466/466/466
f 466/466/466 467/467/467 468/468/468
f 467/467/467 469/469/469 468/468/468
f 468/468/468 469/469/469 610/610/610
f 469/469/469 608/608/608 610/610/610
f 610/610/610 608/608/608 609/609/609
f 608/608/608 243/243/243 609/609/609
f 609/609/609 243/243/243 242/242/242
f 243/243/243 244/244/244 242/242/242
f 242/242/242 244/244/244 245/245/245
f 244/244/244 246/246/246 245/245/245
f 245/245/245 246/246/246 247/247/247
f 246/246/246 248/248/248 247/247/247
f 247/247/247 248/248/248 249/249/249
f 248/248/248 250/250/250 249/249/249
f 249/249/249 250/250/250 251/251/251
f 250/250/250 252/252/252 251/251/251
f 251/251/251 252/252/252 253/253/253
f 252/252/252 254/254/254 253/253/253
f 253/253/253 254/254/254 487/487/487
f 254/254/254 485/485/485 487/487/487
f 487/487/487 485/485/485 486/486/486
f 485/485/485 297/297/297 486/486/486
f 243/243/243 256/256/256 244/244/244
f 256/256/256 257/257/257 244/244/244
f 244/244/244 257/257/257 246/246/246
f 257/257/257 258/258/258 246/246/246
f 246/246/246 258/258/258 248/248/248
f 258/258/258 259/259/259 248/248/248
f 248/248/248 259/259/259 250/250/250
f 259/259/259 260/260/260 250/250/250
f 250/250/250 260/260/260 252/252/252
f 260/260/260 261/261/261 252/252/252
f 252/252/252 261/261/261 254/254/254
f 261/261/261 262/262/262 254/254/254
f 254/254/254 262/262/262 485/485/485
f 262/262/262 309/309/309 485/485/485
f 485/485/485 309/309/309 297/297/297
f 309/309/309 310/310/310 297/297/297
f 297/297/297 310/310/310 298/298/298
f 310/310/310 311/311/311 298/298/298
f 256/256/256 265/265/265 257/257/257
f 265/265/265 266/266/266 257/257/257
f 257/257/257 266/266/266 258/258/258
f 266/266/266 267/267/267 258/258/258
f 258/258/258 267/267/267 259/259/259
f 267/267/267 268/268/268 259/259/259
f 259/259/259 268/268/268 260/260/260
f 268/268/268 269/269/269 260/260/260
f 260/260/260 269/269/269 261/261/261
f 269/269/269 270/270/270 261/261/261
f 261/261/261 270/270/270 262/262/262
f 270/270/270 271/271/271 262/262/262
f 262/262/262 271/271/271 309/309/309
f 271/271/271 317/317/317 309/309/309
f 309/309/309 317/317/317 310/310/310
f 317/317/317 318/318/318 310/310/310
f 310/310/310 318/318/318 311/311/311
f 318/318/318 319/319/319 311/311/311
f 787/787/787 786/786/786 266/266/266
f 266/266/266 786/786/786 267/267/267
f 786/786/786 785/785/785 267/267/267
f 267/267/267 785/785/785 268/268/268
f 785/785/785 784/784/784 268/268/268
f 268/268/268 784/784/784 269/269/269
f 784/784/784 783/783/783 269/269/269
f 269/269/269 783/783/783 270/270/270
f 783/783/783 672/672/672 270/270/270
f 270/270/270 672/672/672 271/271/271
f 271/271/271 672/672/672 317/317/317
f 672/672/672 671/671/671 317/317/317
f 317/317/317 671/671/671 318/318/318
f 671/671/671 670/670/670 318/318/318
f 318/318/318 670/670/670 319/319/319
f 670/670/670 669/669/669 319/319/319
f 319/319/319 669/669/669 320/320/320
f 669/669/669 668/668/668 320/320/320
f 780/780/780 779/779/779 785/785/785
f 785/785/785 779/779/779 784/784/784
f 779/779/779 778/778/778 784/784/784
f 784/784/784 778/778/778 783/783/783
f 778/778/778 664/664/664 783/783/783
f 783/783/783 664/664/664 672/672/672
f 672/672/672 664/664/664 671/671/671
f 664/664/664 663/663/663 671/671/671
f 671/671/671 663/663/663 670/670/670
f 663/663/663 662/662/662 670/670/670
f 670/670/670 662/662/662 669/669/669
f 662/662/662 661/661/661 669/669/669
f 669/669/669 661/661/661 668/668/668
f 661/661/661 660/660/660 668/668/668
f 668/668/668 660/660/660 667/667/667
f 660/660/660 659/659/659 667/667/667
f 667/667/667 659/659/659 666/666/666
f 659/659/659 658/658/658 666/666/666
f 664/664/664 657/657/657 663/663/663
f 657/657/657 656/656/656 663/663/663
f 663/663/663 656/656/656 662/662/662
f 656/656/656 655/655/655 662/662/662
f 662/662/662 655/655/655 661/661/661
f 655/655/655 654/654/654 661/661/661
f 661/661/661 654/654/654 660/660/660
f 654/654/654 653/653/653 660/660/660
f 660/660/660 653/653/653 659/659/659
f 653/653/653 652/652/652 659/659/659
f 659/659/659 652/652/652 658/658/658
f 658/658/658 652/652/652 700/700/700
f 652/652/652 693/693/693 700/700/700
f 700/700/700 693/693/693 699/699/699
f 693/693/693 692/692/692 699/699/699
f 699/699/699 692/692/692 698/698/698
f 692/692/692 691/691/691 698/698/698
f 698/698/698 691/691/691 697/697/697
f 655/655/655 649/649/649 654/654/654
f 649/649/649 648/648/648 654/654/654
f 654/654/654 648/648/648 653/653/653
f 648/648/648 647/647/647 653/653/653
f 653/653/653 647/647/647 652/652/652
f 652/652/652 647/647/647 693/693/693
f 647/647/647 687/687/687 693/693/693
f 693/693/693 687/687/687 692/692/692
f 687/687/687 686/686/686 692/692/692
f 692/692/692 686/686/686 691/691/691
f 666/666/666 658/658/658 665/665/665
f 665/665/665 658/658/658 708/708/708
f 658/658/658 700/700/700 708/708/708
f 708/708/708 700/700/700 707/707/707
f 700/700/700 699/699/699 707/707/707
f 707/707/707 699/699/699 706/706/706
f 699/699/699 698/698/698 706/706/706
f 706/706/706 698/698/698 705/705/705
f 698/698/698 697/697/697 705/705/705
f 705/705/705 697/697/697 704/704/704
f 320/320/320 668/668/668 321/321/321
f 668/668/668 667/667/667 321/321/321
f 321/321/321 667/667/667 322/322/322
f 667/667/667 666/666/666 322/322/322
f 322/322/322 666/666/666 323/323/323
f 666/666/666 665/665/665 323/323/323
f 323/323/323 665/665/665 324/324/324
f 324/324/324 665/665/665 370/370/370
f 665/665/665 708/708/708 370/370/370
f 370/370/370 708/708/708 371/371/371
f 708/708/708 707/707/707 371/371/371
f 371/371/371 707/707/707 372/372/372
f 707/707/707 706/706/706 372/372/372
f 372/372/372 706/706/706 373/373/373
f 706/706/706 705/705/705 373/373/373
f 373/373/373 705/705/705 374/374/374
f 705/705/705 704/704/704 374/374/374
f 374/374/374 704/704/704 375/375/375
f 311/311/311 319/319/319 312/312/312
f 319/319/319 320/320/320 312/312/312
f 312/312/312 320/320/320 313/313/313
f 320/320/320 321/321/321 313/313/313
f 313/313/313 321/321/321 314/314/314
f 321/321/321 322/322/322 314/314/314
f 314/314/314 322/322/322 315/315/315
f 322/322/322 323/323/323 315/315/315
f 315/315/315 323/323/323 316/316/316
f 323/323/323 324/324/324 316/316/316
f 316/316/316 324/324/324 362/362/362
f 324/324/324 370/370/370 362/362/362
f 362/362/362 370/370/370 363/363/363
f 370/370/370 371/371/371 363/363/363
f 363/363/363 371/371/371 364/364/364
f 371/371/371 372/372/372 364/364/364
f 364/364/364 372/372/372 365/365/365
f 372/372/372 373/373/373 365/365/365
f 298/298/298 311/311/311 300/300/300
f 311/311/311 312/312/312 300/300/300
f 300/300/300 312/312/312 302/302/302
f 312/312/312 313/313/313 302/302/302
f 302/302/302 313/313/313 304/304/304
f 313/313/313 314/314/314 304/304/304
f 304/304/304 314/314/314 306/306/306
f 314/314/314 315/315/315 306/306/306
f 306/306/306 315/315/315 308/308/308
f 315/315/315 316/316/316 308/308/308
f 308/308/308 316/316/316 514/514/514
f 316/316/316 362/362/362 514/514/514
f 514/514/514 362/362/362 350/350/350
f 362/362/362 363/363/363 350/350/350
f 350/350/350 363/363/363 351/351/351
f 363/363/363 364/364/364 351/351/351
f 351/351/351 364/364/364 353/353/353
f 364/364/364 365/365/365 353/353/353
f 486/486/486 297/297/297 296/296/296
f 297/297/297 298/298/298 296/296/296
f 296/296/296 298/298/298 299/299/299
f 298/298/298 300/300/300 299/299/299
f 299/299/299 300/300/300 301/301/301
f 300/300/300 302/302/302 301/301/301
f 301/301/301 302/302/302 303/303/303
f 302/302/302 304/304/304 303/303/303
f 303/303/303 304/304/304 305/305/305
f 304/304/304 306/306/306 305/305/305
f 305/305/305 306/306/306 307/307/307
f 306/306/306 308/308/308 307/307/307
f 307/307/307 308/308/308 516/516/516
f 308/308/308 514/514/514 516/516/516
f 516/516/516 514/514/514 515/515/515
f 514/514/514 350/350/350 515/515/515
f 515/515/515 350/350/350 349/349/349
f 350/350/350 351/351/351 349/349/349
f 349/349/349 351/351/351 352/352/352
f 351/351/351 353/353/353 352/352/352
f 352/352/352 353/353/353 354/354/354
f 353/353/353 355/355/355 354/354/354
f 354/354/354 355/355/355 356/356/356
f 355/355/355 357/357/357 356/356/356
f 356/356/356 357/357/357 358/358/358
f 357/357/357 359/359/359 358/358/358
f 358/358/358 359/359/359 360/360/360
f 359/359/359 361/361/361 360/360/360
f 360/360/360 361/361/361 545/545/545
f 353/353/353 365/365/365 355/355/355
f 365/365/365 366/366/366 355/355/355
f 355/355/355 366/366/366 357/357/357
f 366/366/366 367/367/367 357/357/357
f 357/357/357 367/367/367 359/359/359
f 367/367/367 368/368/368 359/359/359
f 359/359/359 368/368/368 361/361/361
f 361/361/361 368/368/368 369/369/369
f 369/369/369 368/368/368 376/376/376
f 368/368/368 375/375/375 376/376/376
f 376/376/376 375/375/375 703/703/703
f 375/375/375 704/704/704 703/703/703
f 703/703/703 704/704/704 696/696/696
f 704/704/704 697/697/697 696/696/696
f 696/696/696 697/697/697 690/690/690
f 697/697/697 691/691/691 690/690/690
f 690/690/690 691/691/691 685/685/685
f 691/691/691 686/686/686 685/685/685
f 365/365/365 373/373/373 366/366/366
f 373/373/373 374/374/374 366/366/366
f 366/366/366 374/374/374 367/367/367
f 374/374/374 375/375/375 367/367/367
f 367/367/367 375/375/375 368/368/368
f 685/685/685 686/686/686 681/681/681
f 686/686/686 682/682/682 681/681/681
f 681/681/681 682/682/682 678/678/678
f 682/682/682 640/640/640 678/678/678
f 678/678/678 640/640/640 638/638/638
f 640/640/640 641/641/641 638/638/638
f 641/641/641 639/639/639 638/638/638
f 639/639/639 637/637/637 638/638/638
f 643/643/643 682/682/682 687/687/687
f 682/682/682 686/686/686 687/687/687
f 641/641/641 642/642/642 639/639/639
f 642/642/642 768/768/768 639/639/639
f 75/75/75 69/69/69 74/74/74
f 62/62/62 63/63/63 58/58/58
f 58/58/58 63/63/63 60/60/60
f 60/60/60 63/63/63 64/64/64
f 63/63/63 68/68/68 64/64/64
f 68/68/68 69/69/69 64/64/64
f 69/69/69 106/106/106 64/64/64
f 106/106/106 69/69/69 112/112/112
f 69/69/69 75/75/75 112/112/112
f 112/112/112 75/75/75 119/119/119
f 75/75/75 82/82/82 119/119/119
f 11/11/11 13/13/13 12/12/12
f 13/13/13 56/56/56 12/12/12
f 12/12/12 56/56/56 57/57/57
f 56/56/56 58/58/58 57/57/57
f 57/57/57 58/58/58 59/59/59
f 58/58/58 60/60/60 59/59/59
f 59/59/59 60/60/60 94/94/94
f 94/94/94 60/60/60 101/101/101
f 60/60/60 64/64/64 101/101/101
f 64/64/64 106/106/106 101/101/101
f 106/106/106 107/107/107 101/101/101
f 107/107/107 106/106/106 113/113/113
f 106/106/106 112/112/112 113/113/113
f 113/113/113 112/112/112 120/120/120
f 112/112/112 119/119/119 120/120/120
f 120/120/120 119/119/119 133/133/133
f 133/133/133 119/119/119 132/132/132
f 119/119/119 82/82/82 132/132/132
f 58/58/58 56/56/56 62/62/62
f 62/62/62 56/56/56 61/61/61
f 56/56/56 13/13/13 61/61/61
f 61/61/61 13/13/13 18/18/18
f 18/18/18 13/13/13 17/17/17
f 13/13/13 11/11/11 17/17/17
f 17/17/17 11/11/11 16/16/16
f 11/11/11 9/9/9 16/16/16
f 16/16/16 9/9/9 15/15/15
f 9/9/9 8/8/8 15/15/15
f 8/8/8 14/14/14 15/15/15
f 14/14/14 20/20/20 15/15/15
f 15/15/15 20/20/20 21/21/21
f 20/20/20 29/29/29 21/21/21
f 21/21/21 29/29/29 30/30/30
f 29/29/29 38/38/38 30/30/30
f 38/38/38 39/39/39 30/30/30
f 39/39/39 31/31/31 30/30/30
f 51/51/51 41/41/41 50/50/50
f 41/41/41 40/40/40 50/50/50
f 50/50/50 40/40/40 49/49/49
f 40/40/40 39/39/39 49/49/49
f 49/49/49 39/39/39 48/48/48
f 39/39/39 38/38/38 48/48/48
f 48/48/48 38/38/38 47/47/47
f 47/47/47 38/38/38 37/37/37
f 38/38/38 29/29/29 37/37/37
f 37/37/37 29/29/29 28/28/28
f 29/29/29 20/20/20 28/28/28
f 28/28/28 20/20/20 19/19/19
f 20/20/20 14/14/14 19/19/19
f 14/14/14 190/190/190 19/19/19
f 19/19/19 190/190/190 195/195/195
f 190/190/190 194/194/194 195/195/195
f 195/195/195 194/194/194 201/201/201
f 194/194/194 200/200/200 201/201/201
f 510/510/510 509/509/509 47/47/47
f 47/47/47 509/509/509 48/48/48
f 509/509/509 508/508/508 48/48/48
f 48/48/48 508/508/508 49/49/49
f 508/508/508 507/507/507 49/49/49
f 49/49/49 507/507/507 50/50/50
f 507/507/507 506/506/506 50/50/50
f 50/50/50 506/506/506 51/51/51
f 506/506/506 272/272/272 51/51/51
f 51/51/51 272/272/272 52/52/52
f 272/272/272 273/273/273 52/52/52
f 52/52/52 273/273/273 83/83/83
f 273/273/273 540/540/540 83/83/83
f 505/505/505 503/503/503 510/510/510
f 510/510/510 503/503/503 509/509/509
f 503/503/503 501/501/501 509/509/509
f 509/509/509 501/501/501 508/508/508
f 501/501/501 499/499/499 508/508/508
f 508/508/508 499/499/499 507/507/507
f 499/499/499 497/497/497 507/507/507
f 507/507/507 497/497/497 506/506/506
f 497/497/497 274/274/274 506/506/506
f 506/506/506 274/274/274 272/272/272
f 274/274/274 275/275/275 272/272/272
f 272/272/272 275/275/275 273/273/273
f 275/275/275 276/276/276 273/273/273
f 273/273/273 276/276/276 540/540/540
f 276/276/276 534/534/534 540/540/540
f 277/277/277 497/497/497 498/498/498
f 497/497/497 499/499/499 498/498/498
f 498/498/498 499/499/499 500/500/500
f 499/499/499 501/501/501 500/500/500
f 500/500/500 501/501/501 502/502/502
f 501/501/501 503/503/503 502/502/502
f 502/502/502 503/503/503 504/504/504
f 503/503/503 505/505/505 504/504/504
f 504/504/504 505/505/505 223/223/223
f 505/505/505 222/222/222 223/223/223
f 223/223/223 222/222/222 221/221/221
f 222/222/222 220/220/220 221/221/221
f 221/221/221 220/220/220 219/219/219
f 220/220/220 217/217/217 219/219/219
f 219/219/219 217/217/217 218/218/218
f 217/217/217 620/620/620 218/218/218
f 218/218/218 620/620/620 621/621/621
f 620/620/620 622/622/622 621/621/621
f 621/621/621 622/622/622 623/623/623
f 622/622/622 624/624/624 623/623/623
f 623/623/623 624/624/624 625/625/625
f 624/624/624 626/626/626 625/625/625
f 625/625/625 626/626/626 627/627/627
f 626/626/626 628/628/628 627/627/627
f 627/627/627 628/628/628 441/441/441
f 628/628/628 437/437/437 441/441/441
f 441/441/441 437/437/437 440/440/440
f 437/437/437 436/436/436 440/440/440
f 440/440/440 436/436/436 439/439/439
f 436/436/436 435/435/435 439/439/439
f 439/439/439 435/435/435 438/438/438
f 435/435/435 593/593/593 438/438/438
f 438/438/438 593/593/593 594/594/594
f 593/593/593 595/595/595 594/594/594
f 594/594/594 595/595/595 596/596/596
f 595/595/595 597/597/597 596/596/596
f 604/604/604 595/595/595 603/603/603
f 595/595/595 593/593/593 603/603/603
f 603/603/603 593/593/593 602/602/602
f 593/593/593 435/435/435 602/602/602
f 602/602/602 435/435/435 433/433/433
f 435/435/435 436/436/436 433/433/433
f 433/433/433 436/436/436 434/434/434
f 436/436/436 437/437/437 434/434/434
f 434/434/434 437/437/437 636/636/636
f 437/437/437 628/628/628 636/636/636
f 636/636/636 628/628/628 635/635/635
f 628/628/628 626/626/626 635/635/635
f 635/635/635 626/626/626 634/634/634
f 626/626/626 624/624/624 634/634/634
f 634/634/634 624/624/624 633/633/633
f 624/624/624 622/622/622 633/633/633
f 633/633/633 622/622/622 632/632/632
f 622/622/622 620/620/620 632/632/632
f 175/175/175 604/604/604 176/176/176
f 604/604/604 603/603/603 176/176/176
f 176/176/176 603/603/603 177/177/177
f 603/603/603 602/602/602 177/177/177
f 177/177/177 602/602/602 178/178/178
f 602/602/602 433/433/433 178/178/178
f 178/178/178 433/433/433 179/179/179
f 433/433/433 434/434/434 179/179/179
f 179/179/179 434/434/434 204/204/204
f 434/434/434 636/636/636 204/204/204
f 204/204/204 636/636/636 205/205/205
f 636/636/636 635/635/635 205/205/205
f 205/205/205 635/635/635 206/206/206
f 635/635/635 634/634/634 206/206/206
f 206/206/206 634/634/634 207/207/207
f 634/634/634 633/633/633 207/207/207
f 207/207/207 633/633/633 208/208/208
f 633/633/633 632/632/632 208/208/208
f 167/167/167 175/175/175 168/168/168
f 175/175/175 176/176/176 168/168/168
f 168/168/168 176/176/176 169/169/169
f 176/176/176 177/177/177 169/169/169
f 169/169/169 177/177/177 170/170/170
f 177/177/177 178/178/178 170/170/170
f 170/170/170 178/178/178 171/171/171
f 178/178/178 179/179/179 171/171/171
f 179/179/179 204/204/204 171/171/171
f 171/171/171 204/204/204 197/197/197
f 204/204/204 205/205/205 197/197/197
f 197/197/197 205/205/205 198/198/198
f 205/205/205 206/206/206 198/198/198
f 198/198/198 206/206/206 199/199/199
f 206/206/206 207/207/207 199/199/199
f 199/199/199 207/207/207 200/200/200
f 207/207/207 208/208/208 200/200/200
f 208/208/208 201/201/201 200/200/200
f 169/169/169 170/170/170 163/163/163
f 163/163/163 170/170/170 164/164/164
f 170/170/170 171/171/171 164/164/164
f 171/171/171 197/197/197 164/164/164
f 164/164/164 197/197/197 191/191/191
f 197/197/197 198/198/198 191/191/191
f 191/191/191 198/198/198 192/192/192
f 198/198/198 199/199/199 192/192/192
f 192/192/192 199/199/199 193/193/193
f 199/199/199 200/200/200 193/193/193
f 200/200/200 194/194/194 193/193/193
f 193/193/193 194/194/194 189/189/189
f 194/194/194 190/190/190 189/189/189
f 189/189/189 190/190/190 186/186/186
f 190/190/190 14/14/14 186/186/186
f 14/14/14 8/8/8 186/186/186
f 8/8/8 183/183/183 186/186/186
f 183/183/183 185/185/185 186/186/186
f 183/183/183 181/181/181 185/185/185
f 185/185/185 181/181/181 184/184/184
f 181/181/181 149/149/149 184/184/184
f 149/149/149 153/153/153 184/184/184
f 184/184/184 153/153/153 187/187/187
f 153/153/153 158/158/158 187/187/187
f 158/158/158 191/191/191 187/187/187
f 191/191/191 192/192/192 187/187/187
f 187/187/187 192/192/192 188/188/188
f 192/192/192 193/193/193 188/188/188
f 193/193/193 189/189/189 188/188/188
f 188/188/188 189/189/189 185/185/185
f 189/189/189 186/186/186 185/185/185
f 187/187/187 188/188/188 184/184/184
f 188/188/188 185/185/185 184/184/184
f 12/12/12 10/10/10 11/11/11
f 11/11/11 10/10/10 9/9/9
f 10/10/10 7/7/7 9/9/9
f 9/9/9 7/7/7 8/8/8
f 8/8/8 7/7/7 183/183/183
f 7/7/7 182/182/182 183/183/183
f 183/183/183 182/182/182 181/181/181
f 182/182/182 148/148/148 181/181/181
f 181/181/181 148/148/148 149/149/149
f 149/149/149 148/148/148 147/147/147
f 148/148/148 146/146/146 147/147/147
f 147/147/147 146/146/146 145/145/145
f 146/146/146 99/99/99 145/145/145
f 145/145/145 99/99/99 100/100/100
f 100/100/100 99/99/99 98/98/98
f 99/99/99 97/97/97 98/98/98
f 98/98/98 97/97/97 96/96/96
f 97/97/97 95/95/95 96/96/96
f 131/131/131 165/165/165 118/118/118
f 165/165/165 159/159/159 118/118/118
f 118/118/118 159/159/159 111/111/111
f 159/159/159 154/154/154 111/111/111
f 154/154/154 105/105/105 111/111/111
f 111/111/111 105/105/105 110/110/110
f 105/105/105 104/104/104 110/110/110
f 110/110/110 104/104/104 109/109/109
f 104/104/104 103/103/103 109/109/109
f 109/109/109 103/103/103 108/108/108
f 108/108/108 103/103/103 102/102/102
f 102/102/102 103/103/103 96/96/96
f 96/96/96 103/103/103 98/98/98
f 103/103/103 104/104/104 98/98/98
f 98/98/98 104/104/104 100/100/100
f 104/104/104 105/105/105 100/100/100
f 100/100/100 105/105/105 150/150/150
f 105/105/105 154/154/154 150/150/150
f 114/114/114 115/115/115 108/108/108
f 108/108/108 115/115/115 109/109/109
f 115/115/115 116/116/116 109/109/109
f 109/109/109 116/116/116 110/110/110
f 116/116/116 117/117/117 110/110/110
f 110/110/110 117/117/117 111/111/111
f 111/111/111 117/117/117 118/118/118
f 117/117/117 130/130/130 118/118/118
f 118/118/118 130/130/130 131/131/131
f 130/130/130 140/140/140 131/131/131
f 140/140/140 141/141/141 131/131/131
f 141/141/141 172/172/172 131/131/131
f 131/131/131 172/172/172 165/165/165
f 172/172/172 173/173/173 165/165/165
f 165/165/165 173/173/173 166/166/166
f 173/173/173 174/174/174 166/166/166
f 166/166/166 174/174/174 167/167/167
f 174/174/174 175/175/175 167/167/167
f 604/604/604 175/175/175 605/605/605
f 175/175/175 174/174/174 605/605/605
f 605/605/605 174/174/174 606/606/606
f 174/174/174 173/173/173 606/606/606
f 606/606/606 173/173/173 607/607/607
f 173/173/173 172/172/172 607/607/607
f 607/607/607 172/172/172 381/381/381
f 172/172/172 141/141/141 381/381/381
f 381/381/381 141/141/141 380/380/380
f 141/141/141 140/140/140 380/380/380
f 380/380/380 140/140/140 569/569/569
f 595/595/595 604/604/604 597/597/597
f 604/604/604 605/605/605 597/597/597
f 597/597/597 605/605/605 599/599/599
f 605/605/605 606/606/606 599/599/599
f 599/599/599 606/606/606 601/601/601
f 606/606/606 607/607/607 601/601/601
f 601/601/601 607/607/607 384/384/384
f 607/607/607 381/381/381 384/384/384
f 384/384/384 381/381/381 383/383/383
f 381/381/381 380/380/380 383/383/383
f 383/383/383 380/380/380 382/382/382
f 380/380/380 569/569/569 382/382/382
f 382/382/382 569/569/569 558/558/558
f 596/596/596 597/597/597 598/598/598
f 597/597/597 599/599/599 598/598/598
f 598/598/598 599/599/599 600/600/600
f 599/599/599 601/601/601 600/600/600
f 600/600/600 601/601/601 388/388/388
f 601/601/601 384/384/384 388/388/388
f 388/388/388 384/384/384 387/387/387
f 384/384/384 383/383/383 387/387/387
f 387/387/387 383/383/383 386/386/386
f 383/383/383 382/382/382 386/386/386
f 386/386/386 382/382/382 385/385/385
f 382/382/382 558/558/558 385/385/385
f 385/385/385 558/558/558 559/559/559
f 558/558/558 560/560/560 559/559/559
f 559/559/559 560/560/560 561/561/561
f 560/560/560 562/562/562 561/561/561
f 561/561/561 562/562/562 563/563/563
f 562/562/562 564/564/564 563/563/563
f 428/428/428 734/734/734 429/429/429
f 727/727/727 733/733/733 734/734/734
f 734/734/734 733/733/733 429/429/429
f 733/733/733 430/430/430 429/429/429
f 419/419/419 427/427/427 420/420/420
f 427/427/427 428/428/428 420/420/420
f 420/420/420 428/428/428 421/421/421
f 428/428/428 429/429/429 421/421/421
f 421/421/421 429/429/429 422/422/422
f 429/429/429 430/430/430 422/422/422
f 422/422/422 430/430/430 423/423/423
f 423/423/423 430/430/430 431/431/431
f 431/431/431 430/430/430 732/732/732
f 430/430/430 733/733/733 732/732/732
f 732/732/732 733/733/733 726/726/726
f 733/733/733 727/727/727 726/726/726
f 726/726/726 727/727/727 721/721/721
f 727/727/727 722/722/722 721/721/721
f 721/721/721 722/722/722 717/717/717
f 722/722/722 718/718/718 717/717/717
f 717/717/717 718/718/718 714/714/714
f 718/718/718 715/715/715 714/714/714
f 732/732/732 731/731/731 431/431/431
f 731/731/731 432/432/432 431/431/431
f 432/432/432 424/424/424 431/431/431
f 431/431/431 424/424/424 423/423/423
f 424/424/424 416/416/416 423/423/423
f 416/416/416 414/414/414 423/423/423
f 423/423/423 414/414/414 422/422/422
f 414/414/414 412/412/412 422/422/422
f 422/422/422 412/412/412 421/421/421
f 412/412/412 410/410/410 421/421/421
f 421/421/421 410/410/410 420/420/420
f 410/410/410 408/408/408 420/420/420
f 420/420/420 408/408/408 419/419/419
f 408/408/408 406/406/406 419/419/419
f 419/419/419 406/406/406 418/418/418
f 406/406/406 405/405/405 418/418/418
f 418/418/418 405/405/405 417/417/417
f 405/405/405 541/541/541 417/417/417
f 583/583/583 415/415/415 416/416/416
f 416/416/416 415/415/415 414/414/414
f 415/415/415 413/413/413 414/414/414
f 414/414/414 413/413/413 412/412/412
f 413/413/413 411/411/411 412/412/412
f 412/412/412 411/411/411 410/410/410
f 411/411/411 409/409/409 410/410/410
f 410/410/410 409/409/409 408/408/408
f 409/409/409 407/407/407 408/408/408
f 408/408/408 407/407/407 406/406/406
f 407/407/407 404/404/404 406/406/406
f 406/406/406 404/404/404 405/405/405
f 404/404/404 543/543/543 405/405/405
f 405/405/405 543/543/543 541/541/541
f 543/543/543 544/544/544 541/541/541
f 544/544/544 542/542/542 541/541/541
f 542/542/542 377/377/377 541/541/541
f 541/541/541 377/377/377 417/417/417
f 417/417/417 377/377/377 379/379/379
f 377/377/377 378/378/378 379/379/379
f 379/379/379 378/378/378 701/701/701
f 378/378/378 702/702/702 701/701/701
f 701/701/701 702/702/702 694/694/694
f 702/702/702 695/695/695 694/694/694
f 694/694/694 695/695/695 688/688/688
f 695/695/695 689/689/689 688/688/688
f 688/688/688 689/689/689 683/683/683
f 689/689/689 684/684/684 683/683/683
f 683/683/683 684/684/684 679/679/679
f 684/684/684 680/680/680 679/679/679
f 679/679/679 680/680/680 676/676/676
f 680/680/680 677/677/677 676/676/676
f 676/676/676 677/677/677 674/674/674
f 677/677/677 675/675/675 674/674/674
f 675/675/675 673/673/673 674/674/674
f 674/674/674 712/712/712 676/676/676
f 712/712/712 715/715/715 676/676/676
f 676/676/676 715/715/715 679/679/679
f 715/715/715 719/719/719 679/679/679
f 679/679/679 719/719/719 683/683/683
f 719/719/719 724/724/724 683/683/683
f 683/683/683 724/724/724 688/688/688
f 724/724/724 730/730/730 688/688/688
f 688/688/688 730/730/730 694/694/694
f 730/730/730 737/737/737 694/694/694
f 694/694/694 737/737/737 701/701/701
f 737/737/737 425/425/425 701/701/701
f 701/701/701 425/425/425 379/379/379
f 379/379/379 425/425/425 417/417/417
f 417/417/417 425/425/425 418/418/418
f 425/425/425 426/426/426 418/418/418
f 418/418/418 426/426/426 419/419/419
f 426/426/426 427/427/427 419/419/419
f 715/715/715 718/718/718 719/719/719
f 718/718/718 723/723/723 719/719/719
f 719/719/719 723/723/723 724/724/724
f 723/723/723 729/729/729 724/724/724
f 724/724/724 729/729/729 730/730/730
f 729/729/729 736/736/736 730/730/730
f 730/730/730 736/736/736 737/737/737
f 736/736/736 426/426/426 737/737/737
f 737/737/737 426/426/426 425/425/425
f 718/718/718 722/722/722 723/723/723
f 722/722/722 728/728/728 723/723/723
f 723/723/723 728/728/728 729/729/729
f 728/728/728 735/735/735 729/729/729
f 729/729/729 735/735/735 736/736/736
f 735/735/735 427/427/427 736/736/736
f 736/736/736 427/427/427 426/426/426
f 722/722/722 727/727/727 728/728/728
f 727/727/727 734/734/734 728/728/728
f 728/728/728 734/734/734 735/735/735
f 734/734/734 428/428/428 735/735/735
f 735/735/735 428/428/428 427/427/427
f 163/163/163 164/164/164 158/158/158
f 164/164/164 191/191/191 158/158/158
f 168/168/168 169/169/169 162/162/162
f 169/169/169 163/163/163 162/162/162
f 162/162/162 163/163/163 157/157/157
f 163/163/163 158/158/158 157/157/157
f 158/158/158 153/153/153 157/157/157
f 157/157/157 153/153/153 152/152/152
f 153/153/153 149/149/149 152/152/152
f 152/152/152 149/149/149 147/147/147
f 167/167/167 168/168/168 161/161/161
f 168/168/168 162/162/162 161/161/161
f 161/161/161 162/162/162 156/156/156
f 162/162/162 157/157/157 156/156/156
f 157/157/157 152/152/152 156/156/156
f 156/156/156 152/152/152 151/151/151
f 152/152/152 147/147/147 151/151/151
f 151/151/151 147/147/147 145/145/145
f 166/166/166 167/167/167 160/160/160
f 167/167/167 161/161/161 160/160/160
f 160/160/160 161/161/161 155/155/155
f 161/161/161 156/156/156 155/155/155
f 156/156/156 151/151/151 155/155/155
f 155/155/155 151/151/151 150/150/150
f 151/151/151 145/145/145 150/150/150
f 150/150/150 145/145/145 100/100/100
f 150/150/150 154/154/154 155/155/155
f 155/155/155 154/154/154 160/160/160
f 154/154/154 159/159/159 160/160/160
f 160/160/160 159/159/159 166/166/166
f 159/159/159 165/165/165 166/166/166
f 44/44/44 34/34/34 43/43/43
f 34/34/34 211/211/211 43/43/43
f 513/513/513 44/44/44 213/213/213
f 44/44/44 43/43/43 213/213/213
f 213/213/213 43/43/43 212/212/212
f 43/43/43 211/211/211 212/212/212
f 212/212/212 211/211/211 629/629/629
f 629/629/629 211/211/211 210/210/210
f 210/210/210 211/211/211 203/203/203
f 211/211/211 34/34/34 203/203/203
f 203/203/203 34/34/34 26/26/26
f 26/26/26 34/34/34 35/35/35
f 34/34/34 44/44/44 35/35/35
f 35/35/35 44/44/44 45/45/45
f 44/44/44 513/513/513 45/45/45
f 25/25/25 26/26/26 27/27/27
f 26/26/26 35/35/35 27/27/27
f 27/27/27 35/35/35 36/36/36
f 35/35/35 45/45/45 36/36/36
f 36/36/36 45/45/45 46/46/46
f 46/46/46 45/45/45 512/512/512
f 45/45/45 513/513/513 512/512/512
f 512/512/512 513/513/513 511/511/511
f 511/511/511 513/513/513 216/216/216
f 513/513/513 213/213/213 216/216/216
f 216/216/216 213/213/213 215/215/215
f 213/213/213 212/212/212 215/215/215
f 215/215/215 212/212/212 214/214/214
f 212/212/212 629/629/629 214/214/214
f 214/214/214 629/629/629 630/630/630
f 630/630/630 629/629/629 631/631/631
f 629/629/629 210/210/210 631/631/631
f 631/631/631 210/210/210 209/209/209
f 209/209/209 210/210/210 202/202/202
f 210/210/210 203/203/203 202/202/202
f 202/202/202 203/203/203 196/196/196
f 203/203/203 26/26/26 196/196/196
f 196/196/196 26/26/26 25/25/25
f 578/578/578 135/135/135 134/134/134
f 134/134/134 135/135/135 122/122/122
f 135/135/135 123/123/123 122/122/122
f 122/122/122 123/123/123 121/121/121
f 135/135/135 578/578/578 576/576/576
f 578/578/578 577/577/577 576/576/576
f 577/577/577 575/575/575 576/576/576
f 576/576/576 575/575/575 574/574/574
f 575/575/575 573/573/573 574/574/574
f 574/574/574 573/573/573 572/572/572
f 573/573/573 570/570/570 572/572/572
f 570/570/570 571/571/571 572/572/572
f 572/572/572 571/571/571 138/138/138
f 571/571/571 139/139/139 138/138/138
f 139/139/139 129/129/129 138/138/138
f 138/138/138 129/129/129 127/127/127
f 129/129/129 128/128/128 127/127/127
f 128/128/128 126/126/126 127/127/127
f 127/127/127 126/126/126 125/125/125
f 126/126/126 124/124/124 125/125/125
f 125/125/125 124/124/124 123/123/123
f 124/124/124 121/121/121 123/123/123
f 138/138/138 137/137/137 572/572/572
f 572/572/572 137/137/137 574/574/574
f 137/137/137 136/136/136 574/574/574
f 574/574/574 136/136/136 576/576/576
f 576/576/576 136/136/136 135/135/135
f 135/135/135 136/136/136 123/123/123
f 123/123/123 136/136/136 125/125/125
f 136/136/136 137/137/137 125/125/125
f 125/125/125 137/137/137 127/127/127
f 137/137/137 138/138/138 127/127/127
f 2/2/2 3/3/3 1/1/1
f 3/3/3 53/53/53 1/1/1
f 53/53/53 91/91/91 1/1/1
f 91/91/91 142/142/142 1/1/1
f 142/142/142 2/2/2 1/1/1
f 6/6/6 3/3/3 5/5/5
f 3/3/3 2/2/2 5/5/5
f 5/5/5 2/2/2 4/4/4
f 4/4/4 2/2/2 180/180/180
f 2/2/2 142/142/142 180/180/180
f 180/180/180 142/142/142 144/144/144
f 144/144/144 142/142/142 143/143/143
f 142/142/142 91/91/91 143/143/143
f 143/143/143 91/91/91 93/93/93
f 93/93/93 91/91/91 92/92/92
f 91/91/91 53/53/53 92/92/92
f 92/92/92 53/53/53 55/55/55
f 55/55/55 53/53/53 54/54/54
f 53/53/53 3/3/3 54/54/54
f 54/54/54 3/3/3 6/6/6
f 327/327/327 331/331/331 328/328/328
f 331/331/331 332/332/332 328/328/328
f 328/328/328 332/332/332 329/329/329
f 332/332/332 333/333/333 329/329/329
f 329/329/329 333/333/333 568/568/568
f 333/333/333 567/567/567 568/568/568
f 568/568/568 567/567/567 566/566/566
f 567/567/567 565/565/565 566/566/566
f 566/566/566 579/579/579 568/568/568
f 579/579/579 580/580/580 568/568/568
f 568/568/568 580/580/580 329/329/329
f 580/580/580 326/326/326 329/329/329
f 329/329/329 326/326/326 328/328/328
f 326/326/326 325/325/325 328/328/328
f 328/328/328 325/325/325 327/327/327
f 325/325/325 535/535/535 327/327/327
f 327/327/327 535/535/535 526/526/526
f 535/535/535 536/536/536 526/526/526
f 526/526/526 536/536/536 528/528/528
f 536/536/536 537/537/537 528/528/528
f 528/528/528 537/537/537 530/530/530
f 537/537/537 538/538/538 530/530/530
f 530/530/530 538/538/538 532/532/532
f 538/538/538 539/539/539 532/532/532
f 532/532/532 539/539/539 534/534/534
f 539/539/539 540/540/540 534/534/534
f 579/579/579 133/133/133 580/580/580
f 133/133/133 132/132/132 580/580/580
f 580/580/580 132/132/132 326/326/326
f 132/132/132 90/90/90 326/326/326
f 326/326/326 90/90/90 325/325/325
f 90/90/90 89/89/89 325/325/325
f 325/325/325 89/89/89 535/535/535
f 89/89/89 88/88/88 535/535/535
f 535/535/535 88/88/88 536/536/536
f 88/88/88 87/87/87 536/536/536
f 536/536/536 87/87/87 537/537/537
f 87/87/87 86/86/86 537/537/537
f 537/537/537 86/86/86 538/538/538
f 86/86/86 85/85/85 538/538/538
f 538/538/538 85/85/85 539/539/539
f 85/85/85 84/84/84 539/539/539
f 539/539/539 84/84/84 540/540/540
f 84/84/84 83/83/83 540/540/540
f 132/132/132 82/82/82 90/90/90
f 90/90/90 82/82/82 89/89/89
f 82/82/82 81/81/81 89/89/89
f 89/89/89 81/81/81 88/88/88
f 81/81/81 80/80/80 88/88/88
f 88/88/88 80/80/80 87/87/87
f 80/80/80 79/79/79 87/87/87
f 87/87/87 79/79/79 86/86/86
f 79/79/79 78/78/78 86/86/86
f 86/86/86 78/78/78 85/85/85
f 78/78/78 77/77/77 85/85/85
f 85/85/85 77/77/77 84/84/84
f 77/77/77 76/76/76 84/84/84
f 84/84/84 76/76/76 83/83/83
f 76/76/76 42/42/42 83/83/83
f 83/83/83 42/42/42 52/52/52
f 52/52/52 42/42/42 51/51/51
f 42/42/42 41/41/41 51/51/51
f 82/82/82 75/75/75 81/81/81
f 75/75/75 74/74/74 81/81/81
f 81/81/81 74/74/74 80/80/80
f 74/74/74 73/73/73 80/80/80
f 80/80/80 73/73/73 79/79/79
f 73/73/73 72/72/72 79/79/79
f 79/79/79 72/72/72 78/78/78
f 72/72/72 71/71/71 78/78/78
f 78/78/78 71/71/71 77/77/77
f 71/71/71 70/70/70 77/77/77
f 77/77/77 70/70/70 76/76/76
f 70/70/70 33/33/33 76/76/76
f 76/76/76 33/33/33 42/42/42
f 42/42/42 33/33/33 41/41/41
f 33/33/33 32/32/32 41/41/41
f 41/41/41 32/32/32 40/40/40
f 32/32/32 31/31/31 40/40/40
f 40/40/40 31/31/31 39/39/39
f 69/69/69 68/68/68 74/74/74
f 74/74/74 68/68/68 73/73/73
f 68/68/68 67/67/67 73/73/73
f 73/73/73 67/67/67 72/72/72
f 67/67/67 66/66/66 72/72/72
f 72/72/72 66/66/66 71/71/71
f 66/66/66 65/65/65 71/71/71
f 71/71/71 65/65/65 70/70/70
f 65/65/65 24/24/24 70/70/70
f 70/70/70 24/24/24 33/33/33
f 33/33/33 24/24/24 32/32/32
f 24/24/24 23/23/23 32/32/32
f 32/32/32 23/23/23 31/31/31
f 23/23/23 22/22/22 31/31/31
f 31/31/31 22/22/22 30/30/30
f 30/30/30 22/22/22 21/21/21
f 22/22/22 16/16/16 21/21/21
f 16/16/16 15/15/15 21/21/21
f 16/16/16 22/22/22 17/17/17
f 22/22/22 23/23/23 17/17/17
f 17/17/17 23/23/23 18/18/18
f 23/23/23 24/24/24 18/18/18
f 24/24/24 65/65/65 18/18/18
f 18/18/18 65/65/65 61/61/61
f 65/65/65 66/66/66 61/61/61
f 61/61/61 66/66/66 62/62/62
f 66/66/66 67/67/67 62/62/62
f 62/62/62 67/67/67 63/63/63
f 67/67/67 68/68/68 63/63/63
f 617/617/617 611/611/611 616/616/616
f 611/611/611 225/225/225 616/616/616
f 616/616/616 225/225/225 224/224/224
f 225/225/225 226/226/226 224/224/224
f 224/224/224 226/226/226 227/227/227
f 226/226/226 228/228/228 227/227/227
f 227/227/227 228/228/228 229/229/229
f 228/228/228 230/230/230 229/229/229
f 229/229/229 230/230/230 231/231/231
f 239/239/239 230/230/230 238/238/238
f 230/230/230 228/228/228 238/238/238
f 238/238/238 228/228/228 237/237/237
f 228/228/228 226/226/226 237/237/237
f 237/237/237 226/226/226 236/236/236
f 226/226/226 225/225/225 236/236/236
f 236/236/236 225/225/225 235/235/235
f 225/225/225 611/611/611 235/235/235
f 235/235/235 611/611/611 612/612/612
f 611/611/611 613/613/613 612/612/612
f 612/612/612 613/613/613 614/614/614
f 613/613/613 615/615/615 614/614/614
f 614/614/614 615/615/615 456/456/456
f 615/615/615 450/450/450 456/456/456
f 456/456/456 450/450/450 455/455/455
f 450/450/450 448/448/448 455/455/455
f 455/455/455 448/448/448 454/454/454
f 448/448/448 446/446/446 454/454/454
f 611/611/611 617/617/617 613/613/613
f 617/617/617 618/618/618 613/613/613
f 613/613/613 618/618/618 615/615/615
f 618/618/618 619/619/619 615/615/615
f 615/615/615 619/619/619 450/450/450
f 619/619/619 449/449/449 450/450/450
f 450/450/450 449/449/449 448/448/448
f 449/449/449 447/447/447 448/448/448
f 448/448/448 447/447/447 446/446/446
f 447/447/447 445/445/445 446/446/446
f 446/446/446 445/445/445 444/444/444
f 445/445/445 442/442/442 444/444/444
f 444/444/444 442/442/442 443/443/443
f 442/442/442 589/589/589 443/443/443
f 443/443/443 589/589/589 584/584/584
f 589/589/589 590/590/590 584/584/584
f 584/584/584 590/590/590 586/586/586
f 590/590/590 591/591/591 586/586/586
f 454/454/454 446/446/446 453/453/453
f 446/446/446 444/444/444 453/453/453
f 453/453/453 444/444/444 452/452/452
f 444/444/444 443/443/443 452/452/452
f 452/452/452 443/443/443 451/451/451
f 443/443/443 584/584/584 451/451/451
f 451/451/451 584/584/584 585/585/585
f 584/584/584 586/586/586 585/585/585
f 585/585/585 586/586/586 587/587/587
f 586/586/586 588/588/588 587/587/587
f 587/587/587 588/588/588 403/403/403
f 588/588/588 397/397/397 403/403/403
f 403/403/403 397/397/397 402/402/402
f 397/397/397 395/395/395 402/402/402
f 402/402/402 395/395/395 401/401/401
f 395/395/395 393/393/393 401/401/401
f 401/401/401 393/393/393 400/400/400
f 393/393/393 391/391/391 400/400/400
f 586/586/586 591/591/591 588/588/588
f 591/591/591 592/592/592 588/588/588
f 588/588/588 592/592/592 397/397/397
f 592/592/592 396/396/396 397/397/397
f 397/397/397 396/396/396 395/395/395
f 396/396/396 394/394/394 395/395/395
f 395/395/395 394/394/394 393/393/393
f 394/394/394 392/392/392 393/393/393
f 393/393/393 392/392/392 391/391/391
f 392/392/392 389/389/389 391/391/391
f 391/391/391 389/389/389 390/390/390
f 389/389/389 553/553/553 390/390/390
f 390/390/390 553/553/553 546/546/546
f 553/553/553 554/554/554 546/546/546
f 546/546/546 554/554/554 548/548/548
f 554/554/554 555/555/555 548/548/548
f 548/548/548 555/555/555 550/550/550
f 555/555/555 556/556/556 550/550/550
f 400/400/400 391/391/391 399/399/399
f 391/391/391 390/390/390 399/399/399
f 399/399/399 390/390/390 398/398/398
f 390/390/390 546/546/546 398/398/398
f 398/398/398 546/546/546 547/547/547
f 546/546/546 548/548/548 547/547/547
f 547/547/547 548/548/548 549/549/549
f 548/548/548 550/550/550 549/549/549
f 549/549/549 550/550/550 551/551/551
f 288/288/288 286/286/286 287/287/287
f 287/287/287 286/286/286 285/285/285
f 286/286/286 284/284/284 285/285/285
f 285/285/285 284/284/284 283/283/283
f 284/284/284 281/281/281 283/283/283
f 283/283/283 281/281/281 282/282/282
f 281/281/281 493/493/493 282/282/282
f 282/282/282 493/493/493 488/488/488
f 493/493/493 494/494/494 488/488/488
f 488/488/488 494/494/494 490/490/490
f 494/494/494 495/495/495 490/490/490
f 490/490/490 495/495/495 492/492/492
f 495/495/495 496/496/496 492/492/492
f 492/492/492 496/496/496 234/234/234
f 496/496/496 232/232/232 234/234/234
f 234/234/234 232/232/232 233/233/233
f 233/233/233 240/240/240 234/234/234
f 240/240/240 241/241/241 234/234/234
f 234/234/234 241/241/241 492/492/492
f 241/241/241 491/491/491 492/492/492
f 492/492/492 491/491/491 490/490/490
f 491/491/491 489/489/489 490/490/490
f 490/490/490 489/489/489 488/488/488
f 489/489/489 290/290/290 488/488/488
f 488/488/488 290/290/290 282/282/282
f 290/290/290 291/291/291 282/282/282
f 282/282/282 291/291/291 283/283/283
f 291/291/291 292/292/292 283/283/283
f 283/283/283 292/292/292 285/285/285
f 292/292/292 293/293/293 285/285/285
f 285/285/285 293/293/293 287/287/287
f 293/293/293 294/294/294 287/287/287
f 287/287/287 294/294/294 289/289/289
f 294/294/294 295/295/295 289/289/289
f 289/289/289 295/295/295 521/521/521
f 295/295/295 520/520/520 521/521/521
f 521/521/521 520/520/520 519/519/519
f 520/520/520 518/518/518 519/519/519
f 519/519/519 518/518/518 517/517/517
f 518/518/518 343/343/343 517/517/517
f 517/517/517 343/343/343 335/335/335
f 343/343/343 344/344/344 335/335/335
f 335/335/335 344/344/344 336/336/336
f 344/344/344 345/345/345 336/336/336
f 336/336/336 345/345/345 338/338/338
f 345/345/345 346/346/346 338/338/338
f 338/338/338 346/346/346 340/340/340
f 346/346/346 347/347/347 340/340/340
f 340/340/340 347/347/347 342/342/342
f 347/347/347 348/348/348 342/342/342
f 348/348/348 552/552/552 342/342/342
f 552/552/552 557/557/557 342/342/342
f 557/557/557 341/341/341 342/342/342
f 342/342/342 341/341/341 340/340/340
f 341/341/341 339/339/339 340/340/340
f 340/340/340 339/339/339 338/338/338
f 339/339/339 337/337/337 338/338/338
f 338/338/338 337/337/337 336/336/336
f 337/337/337 334/334/334 336/336/336
f 336/336/336 334/334/334 335/335/335
f 334/334/334 522/522/522 335/335/335
f 335/335/335 522/522/522 517/517/517
f 522/522/522 523/523/523 517/517/517
f 517/517/517 523/523/523 519/519/519
f 523/523/523 524/524/524 519/519/519
f 519/519/519 524/524/524 521/521/521
f 524/524/524 525/525/525 521/521/521
f 521/521/521 525/525/525 289/289/289
f 525/525/525 288/288/288 289/289/289
f 289/289/289 288/288/288 287/287/287
f 497/497/497 277/277/277 274/274/274
f 277/277/277 278/278/278 274/274/274
f 274/274/274 278/278/278 275/275/275
f 278/278/278 279/279/279 275/275/275
f 275/275/275 279/279/279 276/276/276
f 279/279/279 280/280/280 276/276/276
f 276/276/276 280/280/280 534/534/534
f 280/280/280 533/533/533 534/534/534
f 534/534/534 533/533/533 532/532/532
f 533/533/533 531/531/531 532/532/532
f 532/532/532 531/531/531 530/530/530
f 531/531/531 529/529/529 530/530/530
f 530/530/530 529/529/529 528/528/528
f 529/529/529 527/527/527 528/528/528
f 528/528/528 527/527/527 526/526/526
f 527/527/527 330/330/330 526/526/526
f 526/526/526 330/330/330 327/327/327
f 330/330/330 331/331/331 327/327/327
usemtl homerball_HomerBall_Head
f 789/789/789 790/790/790 791/791/791
f 790/790/790 792/792/792 793/793/793
f 793/793/793 792/792/792 794/794/794
f 792/792/792 795/795/795 794/794/794
f 794/794/794 795/795/795 796/796/796
f 795/795/795 797/797/797 796/796/796
f 796/796/796 797/797/797 798/798/798
f 797/797/797 799/799/799 798/798/798
f 799/799/799 800/800/800 798/798/798
f 800/800/800 801/801/801 798/798/798
f 801/801/801 800/800/800 802/802/802
f 800/800/800 803/803/803 802/802/802
f 802/802/802 803/803/803 804/804/804
f 803/803/803 805/805/805 804/804/804
f 804/804/804 805/805/805 806/806/806
f 807/807/807 808/808/808 809/809/809
f 809/809/809 811/811/811 810/810/810
f 811/811/811 812/812/812 810/810/810
f 812/812/812 811/811/811 813/813/813
f 811/811/811 814/814/814 813/813/813
f 813/813/813 814/814/814 815/815/815
f 814/814/814 816/816/816 815/815/815
f 815/815/815 816/816/816 817/817/817
f 816/816/816 818/818/818 817/817/817
f 818/818/818 819/819/819 817/817/817
f 817/817/817 819/819/819 820/820/820
f 819/819/819 821/821/821 820/820/820
f 820/820/820 821/821/821 822/822/822
f 821/821/821 823/823/823 822/822/822
f 822/822/822 823/823/823 824/824/824
f 824/824/824 823/823/823 825/825/825
f 823/823/823 826/826/826 825/825/825
f 826/826/826 827/827/827 825/825/825
f 828/828/828 829/829/829 830/830/830
f 831/831/831 832/832/832 833/833/833
f 832/832/832 834/834/834 833/833/833
f 834/834/834 835/835/835 833/833/833
f 835/835/835 829/829/829 833/833/833
f 830/830/830 836/836/836 837/837/837
f 836/836/836 838/838/838 837/837/837
f 838/838/838 839/839/839 837/837/837
f 839/839/839 831/831/831 837/837/837
f 840/840/840 841/841/841 842/842/842
f 840/840/840 843/843/843 844/844/844
f 843/843/843 845/845/845 844/844/844
f 845/845/845 846/846/846 844/844/844
f 846/846/846 847/847/847 844/844/844
f 847/847/847 848/848/848 849/849/849
f 848/848/848 850/850/850 849/849/849
f 850/850/850 851/851/851 849/849/849
f 851/851/851 842/842/842 849/849/849
f 852/852/852 853/853/853 854/854/854
f 852/852/852 855/855/855 853/853/853
f 855/855/855 856/856/856 853/853/853
f 853/853/853 856/856/856 857/857/857
f 857/857/857 856/856/856 858/858/858
f 856/856/856 859/859/859 858/858/858
f 859/859/859 860/860/860 858/858/858
f 860/860/860 861/861/861 858/858/858
f 861/861/861 860/860/860 862/862/862
f 860/860/860 863/863/863 862/862/862
f 863/863/863 864/864/864 862/862/862
f 864/864/864 865/865/865 862/862/862
f 865/865/865 864/864/864 866/866/866
f 864/864/864 867/867/867 866/866/866
f 866/866/866 867/867/867 868/868/868
f 868/868/868 867/867/867 869/869/869
f 869/869/869 867/867/867 870/870/870
f 867/867/867 871/871/871 870/870/870
f 871/871/871 872/872/872 870/870/870
f 856/856/856 873/873/873 859/859/859
f 873/873/873 874/874/874 859/859/859
f 874/874/874 873/873/873 875/875/875
f 873/873/873 876/876/876 875/875/875
f 876/876/876 871/871/871 875/875/875
f 875/875/875 871/871/871 864/864/864
f 871/871/871 867/867/867 864/864/864
f 859/859/859 874/874/874 860/860/860
f 860/860/860 874/874/874 863/863/863
f 874/874/874 875/875/875 863/863/863
f 863/863/863 875/875/875 864/864/864
f 852/852/852 877/877/877 855/855/855
f 855/855/855 877/877/877 878/878/878
f 877/877/877 872/872/872 878/878/878
f 872/872/872 873/873/873 878/878/878
f 873/873/873 856/856/856 878/878/878
f 856/856/856 855/855/855 878/878/878
f 879/879/879 880/880/880 881/881/881
f 880/880/880 882/882/882 881/881/881
f 883/883/883 884/884/884 885/885/885
f 884/884/884 886/886/886 885/885/885
f 887/887/887 888/888/888 885/885/885
f 888/888/888 889/889/889 885/885/885
f 889/889/889 890/890/890 885/885/885
f 890/890/890 891/891/891 885/885/885
f 892/892/892 893/893/893 894/894/894
f 893/893/893 895/895/895 894/894/894
f 896/896/896 897/897/897 893/893/893
f 897/897/897 898/898/898 893/893/893
f 898/898/898 899/899/899 893/893/893
f 899/899/899 900/900/900 893/893/893
f 901/901/901 902/902/902 903/903/903
f 902/902/902 904/904/904 903/903/903
f 905/905/905 906/906/906 907/907/907
f 906/906/906 908/908/908 907/907/907
f 909/909/909 910/910/910 911/911/911
f 910/910/910 912/912/912 911/911/911
f 913/913/913 914/914/914 915/915/915
f 914/914/914 916/916/916 915/915/915
f 917/917/917 918/918/918 919/919/919
f 918/918/918 920/920/920 919/919/919
f 921/921/921 922/922/922 923/923/923
f 922/922/922 924/924/924 923/923/923
f 925/925/925 926/926/926 927/927/927
f 926/926/926 928/928/928 927/927/927
f 929/929/929 930/930/930 931/931/931
f 930/930/930 932/932/932 931/931/931
f 933/933/933 934/934/934 935/935/935
f 934/934/934 936/936/936 935/935/935
f 853/853/853 937/937/937 938/938/938
f 938/938/938 937/937/937 939/939/939
f 937/937/937 934/934/934 939/939/939
f 939/939/939 934/934/934 940/940/940
f 934/934/934 933/933/933 940/940/940
f 940/940/940 933/933/933 941/941/941
f 941/941/941 933/933/933 942/942/942
f 933/933/933 943/943/943 942/942/942
f 939/939/939 944/944/944 938/938/938
f 944/944/944 945/945/945 938/938/938
f 945/945/945 946/946/946 938/938/938
f 938/938/938 946/946/946 947/947/947
f 946/946/946 948/948/948 947/947/947
f 947/947/947 948/948/948 949/949/949
f 949/949/949 948/948/948 950/950/950
f 950/950/950 948/948/948 951/951/951
f 948/948/948 946/946/946 951/951/951
f 951/951/951 946/946/946 952/952/952
f 946/946/946 945/945/945 952/952/952
f 952/952/952 945/945/945 953/953/953
f 945/945/945 944/944/944 953/953/953
f 953/953/953 944/944/944 954/954/954
f 944/944/944 955/955/955 954/954/954
f 954/954/954 955/955/955 956/956/956
f 956/956/956 955/955/955 942/942/942
f 955/955/955 941/941/941 942/942/942
f 954/954/954 957/957/957 953/953/953
f 957/957/957 958/958/958 953/953/953
f 953/953/953 958/958/958 952/952/952
f 958/958/958 959/959/959 952/952/952
f 952/952/952 959/959/959 951/951/951
f 951/951/951 959/959/959 950/950/950
f 959/959/959 960/960/960 950/950/950
f 950/950/950 960/960/960 961/961/961
f 961/961/961 960/960/960 962/962/962
f 962/962/962 960/960/960 963/963/963
f 963/963/963 960/960/960 964/964/964
f 960/960/960 959/959/959 964/964/964
f 959/959/959 958/958/958 964/964/964
f 964/964/964 958/958/958 965/965/965
f 958/958/958 957/957/957 965/965/965
f 957/957/957 966/966/966 965/965/965
f 966/966/966 967/967/967 965/965/965
f 967/967/967 963/963/963 965/965/965
f 968/968/968 969/969/969 956/956/956
f 969/969/969 954/954/954 956/956/956
f 954/954/954 969/969/969 957/957/957
f 957/957/957 969/969/969 966/966/966
f 966/966/966 969/969/969 970/970/970
f 969/969/969 968/968/968 970/970/970
f 970/970/970 968/968/968 971/971/971
f 968/968/968 972/972/972 971/971/971
f 972/972/972 973/973/973 971/971/971
f 973/973/973 974/974/974 971/971/971
f 971/971/971 974/974/974 970/970/970
f 974/974/974 975/975/975 970/970/970
f 970/970/970 975/975/975 966/966/966
f 966/966/966 975/975/975 967/967/967
f 975/975/975 976/976/976 967/967/967
f 976/976/976 977/977/977 967/967/967
f 967/967/967 977/977/977 963/963/963
f 977/977/977 962/962/962 963/963/963
f 977/977/977 978/978/978 962/962/962
f 978/978/978 979/979/979 962/962/962
f 962/962/962 979/979/979 961/961/961
f 979/979/979 980/980/980 961/961/961
f 961/961/961 980/980/980 950/950/950
f 950/950/950 980/980/980 981/981/981
f 981/981/981 980/980/980 982/982/982
f 980/980/980 979/979/979 982/982/982
f 982/982/982 979/979/979 983/983/983
f 979/979/979 978/978/978 983/983/983
f 983/983/983 978/978/978 984/984/984
f 984/984/984 978/978/978 985/985/985
f 978/978/978 977/977/977 985/985/985
f 977/977/977 976/976/976 985/985/985
f 976/976/976 986/986/986 985/985/985
f 986/986/986 976/976/976 987/987/987
f 976/976/976 975/975/975 987/987/987
f 975/975/975 974/974/974 987/987/987
f 987/987/987 974/974/974 988/988/988
f 974/974/974 973/973/973 988/988/988
f 988/988/988 973/973/973 989/989/989
f 989/989/989 973/973/973 990/990/990
f 973/973/973 972/972/972 990/990/990
f 990/990/990 972/972/972 991/991/991
f 972/972/972 992/992/992 991/991/991
f 992/992/992 993/993/993 991/991/991
f 991/991/991 993/993/993 990/990/990
f 993/993/993 994/994/994 990/990/990
f 994/994/994 995/995/995 990/990/990
f 990/990/990 995/995/995 989/989/989
f 995/995/995 996/996/996 989/989/989
f 989/989/989 996/996/996 988/988/988
f 988/988/988 996/996/996 987/987/987
f 996/996/996 997/997/997 987/987/987
f 987/987/987 997/997/997 986/986/986
f 997/997/997 998/998/998 986/986/986
f 999/999/999 998/998/998 1000/1000/1000
f 998/998/998 1001/1001/1001 1000/1000/1000
f 1000/1000/1000 1001/1001/1001 1002/1002/1002
f 1001/1001/1001 1003/1003/1003 1002/1002/1002
f 1003/1003/1003 995/995/995 1002/1002/1002
f 1002/1002/1002 995/995/995 1004/1004/1004
f 995/995/995 994/994/994 1004/1004/1004
f 1004/1004/1004 994/994/994 1005/1005/1005
f 994/994/994 993/993/993 1005/1005/1005
f 1005/1005/1005 993/993/993 1006/1006/1006
f 993/993/993 1007/1007/1007 1006/1006/1006
f 1006/1006/1006 1007/1007/1007 1008/1008/1008
f 1007/1007/1007 1009/1009/1009 1008/1008/1008
f 1009/1009/1009 1010/1010/1010 1008/1008/1008
f 1010/1010/1010 1011/1011/1011 1008/1008/1008
f 1011/1011/1011 1012/1012/1012 1008/1008/1008
f 1008/1008/1008 1012/1012/1012 1013/1013/1013
f 1012/1012/1012 1014/1014/1014 1013/1013/1013
f 1000/1000/1000 1002/1002/1002 1015/1015/1015
f 1002/1002/1002 1016/1016/1016 1015/1015/1015
f 1015/1015/1015 1016/1016/1016 1017/1017/1017
f 1016/1016/1016 1018/1018/1018 1017/1017/1017
f 1017/1017/1017 1018/1018/1018 1019/1019/1019
f 1019/1019/1019 1018/1018/1018 1013/1013/1013
f 1018/1018/1018 1006/1006/1006 1013/1013/1013
f 1013/1013/1013 1006/1006/1006 1008/1008/1008
f 1002/1002/1002 1004/1004/1004 1016/1016/1016
f 1016/1016/1016 1004/1004/1004 1018/1018/1018
f 1004/1004/1004 1005/1005/1005 1018/1018/1018
f 1018/1018/1018 1005/1005/1005 1006/1006/1006
f 1013/1013/1013 1014/1014/1014 1019/1019/1019
f 1014/1014/1014 1020/1020/1020 1019/1019/1019
f 1019/1019/1019 1020/1020/1020 1021/1021/1021
f 1021/1021/1021 1020/1020/1020 1022/1022/1022
f 1020/1020/1020 1023/1023/1023 1022/1022/1022
f 1022/1022/1022 1023/1023/1023 1024/1024/1024
f 1023/1023/1023 1025/1025/1025 1024/1024/1024
f 1024/1024/1024 1025/1025/1025 1026/1026/1026
f 1027/1027/1027 1028/1028/1028 1029/1029/1029
f 1028/1028/1028 1023/1023/1023 1029/1029/1029
f 1029/1029/1029 1023/1023/1023 1030/1030/1030
f 1023/1023/1023 1020/1020/1020 1030/1030/1030
f 1030/1030/1030 1020/1020/1020 1031/1031/1031
f 1014/1014/1014 1032/1032/1032 1020/1020/1020
f 1020/1020/1020 1032/1032/1032 1031/1031/1031
f 1032/1032/1032 1033/1033/1033 1031/1031/1031
f 1031/1031/1031 1033/1033/1033 1034/1034/1034
f 1033/1033/1033 1035/1035/1035 1034/1034/1034
f 1034/1034/1034 1035/1035/1035 1036/1036/1036
f 1035/1035/1035 1037/1037/1037 1036/1036/1036
f 1036/1036/1036 1037/1037/1037 1038/1038/1038
f 1037/1037/1037 1039/1039/1039 1038/1038/1038
f 1038/1038/1038 1039/1039/1039 935/935/935
f 1040/1040/1040 1041/1041/1041 1042/1042/1042
f 1041/1041/1041 1043/1043/1043 1042/1042/1042
f 1042/1042/1042 1043/1043/1043 1044/1044/1044
f 1043/1043/1043 935/935/935 1044/1044/1044
f 963/963/963 964/964/964 965/965/965
f 1007/1007/1007 1045/1045/1045 1009/1009/1009
f 1011/1011/1011 1010/1010/1010 1046/1046/1046
f 1010/1010/1010 1047/1047/1047 1046/1046/1046
f 1046/1046/1046 1047/1047/1047 943/943/943
f 943/943/943 1047/1047/1047 1048/1048/1048
f 1048/1048/1048 1047/1047/1047 1049/1049/1049
f 1049/1049/1049 1047/1047/1047 1045/1045/1045
f 1045/1045/1045 1047/1047/1047 1009/1009/1009
f 1047/1047/1047 1010/1010/1010 1009/1009/1009
f 956/956/956 1050/1050/1050 968/968/968
f 968/968/968 1050/1050/1050 972/972/972
f 972/972/972 1050/1050/1050 992/992/992
f 1050/1050/1050 1051/1051/1051 992/992/992
f 1051/1051/1051 1052/1052/1052 992/992/992
f 1052/1052/1052 993/993/993 992/992/992
f 993/993/993 1052/1052/1052 1007/1007/1007
f 1007/1007/1007 1052/1052/1052 1045/1045/1045
f 1052/1052/1052 1051/1051/1051 1045/1045/1045
f 1045/1045/1045 1051/1051/1051 1053/1053/1053
f 1053/1053/1053 1051/1051/1051 1054/1054/1054
f 1051/1051/1051 1050/1050/1050 1054/1054/1054
f 1050/1050/1050 956/956/956 1054/1054/1054
f 1054/1054/1054 956/956/956 1053/1053/1053
f 956/956/956 942/942/942 1053/1053/1053
f 1055/1055/1055 1056/1056/1056 1057/1057/1057
f 1056/1056/1056 1058/1058/1058 1057/1057/1057
f 1059/1059/1059 1056/1056/1056 1060/1060/1060
f 1056/1056/1056 1055/1055/1055 1060/1060/1060
f 1060/1060/1060 1055/1055/1055 1061/1061/1061
f 1062/1062/1062 1063/1063/1063 1059/1059/1059
f 1063/1063/1063 1064/1064/1064 1059/1059/1059
f 1059/1059/1059 1064/1064/1064 1056/1056/1056
f 1064/1064/1064 1065/1065/1065 1056/1056/1056
f 1056/1056/1056 1065/1065/1065 1058/1058/1058
f 1065/1065/1065 1066/1066/1066 1058/1058/1058
f 1059/1059/1059 1060/1060/1060 1062/1062/1062
f 1062/1062/1062 1060/1060/1060 1067/1067/1067
f 1060/1060/1060 1061/1061/1061 1067/1067/1067
f 1067/1067/1067 1061/1061/1061 1068/1068/1068
f 1061/1061/1061 1069/1069/1069 1068/1068/1068
f 1068/1068/1068 1069/1069/1069 1070/1070/1070
f 1069/1069/1069 1071/1071/1071 1070/1070/1070
f 1070/1070/1070 1071/1071/1071 1072/1072/1072
f 1071/1071/1071 1073/1073/1073 1072/1072/1072
f 1072/1072/1072 1073/1073/1073 1074/1074/1074
f 1073/1073/1073 1075/1075/1075 1074/1074/1074
f 1074/1074/1074 1075/1075/1075 1076/1076/1076
f 1075/1075/1075 1077/1077/1077 1076/1076/1076
f 1076/1076/1076 1077/1077/1077 1078/1078/1078
f 1077/1077/1077 1079/1079/1079 1078/1078/1078
f 1078/1078/1078 1079/1079/1079 1080/1080/1080
f 1079/1079/1079 1081/1081/1081 1080/1080/1080
f 1081/1081/1081 1082/1082/1082 1080/1080/1080
f 1077/1077/1077 1075/1075/1075 1083/1083/1083
f 1075/1075/1075 1073/1073/1073 1083/1083/1083
f 1083/1083/1083 1073/1073/1073 1084/1084/1084
f 1079/1079/1079 1077/1077/1077 1085/1085/1085
f 1077/1077/1077 1083/1083/1083 1085/1085/1085
f 1085/1085/1085 1083/1083/1083 1086/1086/1086
f 1086/1086/1086 1083/1083/1083 1087/1087/1087
f 1083/1083/1083 1084/1084/1084 1087/1087/1087
f 1087/1087/1087 1084/1084/1084 1088/1088/1088
f 1089/1089/1089 1082/1082/1082 1090/1090/1090
f 1082/1082/1082 1081/1081/1081 1090/1090/1090
f 1090/1090/1090 1081/1081/1081 1091/1091/1091
f 1081/1081/1081 1079/1079/1079 1091/1091/1091
f 1091/1091/1091 1079/1079/1079 1092/1092/1092
f 1093/1093/1093 1089/1089/1089 1094/1094/1094
f 1089/1089/1089 1090/1090/1090 1094/1094/1094
f 1094/1094/1094 1090/1090/1090 1095/1095/1095
f 1090/1090/1090 1091/1091/1091 1095/1095/1095
f 1095/1095/1095 1091/1091/1091 1096/1096/1096
f 1096/1096/1096 1091/1091/1091 1097/1097/1097
f 1091/1091/1091 1092/1092/1092 1097/1097/1097
f 1097/1097/1097 1092/1092/1092 1098/1098/1098
f 1099/1099/1099 1100/1100/1100 1101/1101/1101
f 1100/1100/1100 1102/1102/1102 1101/1101/1101
f 1103/1103/1103 1104/1104/1104 1105/1105/1105
f 1104/1104/1104 1106/1106/1106 1105/1105/1105
f 1106/1106/1106 1107/1107/1107 1105/1105/1105
f 1107/1107/1107 1108/1108/1108 1105/1105/1105
f 1108/1108/1108 1107/1107/1107 1109/1109/1109
f 1107/1107/1107 1110/1110/1110 1109/1109/1109
f 1109/1109/1109 1110/1110/1110 1111/1111/1111
f 1111/1111/1111 1110/1110/1110 1112/1112/1112
f 1112/1112/1112 1110/1110/1110 1100/1100/1100
f 1100/1100/1100 1110/1110/1110 1102/1102/1102
f 1110/1110/1110 1107/1107/1107 1102/1102/1102
f 1102/1102/1102 1107/1107/1107 1106/1106/1106
f 1113/1113/1113 1114/1114/1114 1099/1099/1099
f 1114/1114/1114 1115/1115/1115 1099/1099/1099
f 1099/1099/1099 1115/1115/1115 1100/1100/1100
f 1100/1100/1100 1115/1115/1115 1112/1112/1112
f 1112/1112/1112 1115/1115/1115 1116/1116/1116
f 1116/1116/1116 1115/1115/1115 1117/1117/1117
f 1115/1115/1115 1114/1114/1114 1117/1117/1117
f 1117/1117/1117 1114/1114/1114 1118/1118/1118
f 1118/1118/1118 1114/1114/1114 1119/1119/1119
f 1114/1114/1114 1113/1113/1113 1119/1119/1119
f 1113/1113/1113 1120/1120/1120 1119/1119/1119
f 1120/1120/1120 1121/1121/1121 1119/1119/1119
f 1122/1122/1122 1123/1123/1123 1124/1124/1124
f 1123/1123/1123 1125/1125/1125 1124/1124/1124
f 1126/1126/1126 1122/1122/1122 1127/1127/1127
f 1122/1122/1122 1124/1124/1124 1127/1127/1127
f 1127/1127/1127 1124/1124/1124 1128/1128/1128
f 1129/1129/1129 1126/1126/1126 1130/1130/1130
f 1126/1126/1126 1127/1127/1127 1130/1130/1130
f 1130/1130/1130 1127/1127/1127 1131/1131/1131
f 1127/1127/1127 1128/1128/1128 1131/1131/1131
f 1131/1131/1131 1128/1128/1128 1132/1132/1132
f 1132/1132/1132 1128/1128/1128 1133/1133/1133
f 1128/1128/1128 1124/1124/1124 1133/1133/1133
f 1133/1133/1133 1124/1124/1124 1134/1134/1134
f 1124/1124/1124 1125/1125/1125 1134/1134/1134
f 1134/1134/1134 1125/1125/1125 1135/1135/1135
f 1126/1126/1126 1129/1129/1129 1136/1136/1136
f 1129/1129/1129 1137/1137/1137 1136/1136/1136
f 1136/1136/1136 1137/1137/1137 1138/1138/1138
f 1137/1137/1137 1139/1139/1139 1138/1138/1138
f 1138/1138/1138 1139/1139/1139 1140/1140/1140
f 1139/1139/1139 1141/1141/1141 1140/1140/1140
f 1140/1140/1140 1141/1141/1141 1142/1142/1142
f 1141/1141/1141 1143/1143/1143 1142/1142/1142
f 1142/1142/1142 1143/1143/1143 1144/1144/1144
f 1143/1143/1143 1145/1145/1145 1144/1144/1144
f 1144/1144/1144 1145/1145/1145 1146/1146/1146
f 1145/1145/1145 1147/1147/1147 1146/1146/1146
f 1146/1146/1146 1147/1147/1147 1148/1148/1148
f 1147/1147/1147 1149/1149/1149 1148/1148/1148
f 1148/1148/1148 1149/1149/1149 1150/1150/1150
f 1149/1149/1149 1151/1151/1151 1150/1150/1150
f 1150/1150/1150 1151/1151/1151 1152/1152/1152
f 1151/1151/1151 1153/1153/1153 1152/1152/1152
f 1154/1154/1154 1146/1146/1146 1155/1155/1155
f 1146/1146/1146 1148/1148/1148 1155/1155/1155
f 1155/1155/1155 1148/1148/1148 1150/1150/1150
f 1156/1156/1156 1154/1154/1154 1157/1157/1157
f 1154/1154/1154 1155/1155/1155 1157/1157/1157
f 1157/1157/1157 1155/1155/1155 1158/1158/1158
f 1158/1158/1158 1155/1155/1155 1159/1159/1159
f 1155/1155/1155 1150/1150/1150 1159/1159/1159
f 1159/1159/1159 1150/1150/1150 1152/1152/1152
f 1144/1144/1144 1160/1160/1160 1142/1142/1142
f 1142/1142/1142 1160/1160/1160 1140/1140/1140
f 1160/1160/1160 1161/1161/1161 1140/1140/1140
f 1146/1146/1146 1162/1162/1162 1144/1144/1144
f 1144/1144/1144 1162/1162/1162 1160/1160/1160
f 1162/1162/1162 1163/1163/1163 1160/1160/1160
f 1163/1163/1163 1164/1164/1164 1160/1160/1160
f 1160/1160/1160 1164/1164/1164 1161/1161/1161
f 1164/1164/1164 1165/1165/1165 1161/1161/1161
f 1166/1166/1166 1167/1167/1167 1168/1168/1168
f 1167/1167/1167 1169/1169/1169 1168/1168/1168
f 1168/1168/1168 1169/1169/1169 1170/1170/1170
f 1170/1170/1170 1169/1169/1169 1171/1171/1171
f 1169/1169/1169 1138/1138/1138 1171/1171/1171
f 1171/1171/1171 1138/1138/1138 1140/1140/1140
f 1167/1167/1167 1126/1126/1126 1169/1169/1169
f 1126/1126/1126 1136/1136/1136 1169/1169/1169
f 1169/1169/1169 1136/1136/1136 1138/1138/1138
f 1172/1172/1172 1173/1173/1173 1174/1174/1174
f 1173/1173/1173 1175/1175/1175 1174/1174/1174
f 1174/1174/1174 1175/1175/1175 1176/1176/1176
f 1177/1177/1177 1178/1178/1178 1179/1179/1179
f 1178/1178/1178 1180/1180/1180 1179/1179/1179
f 1180/1180/1180 1181/1181/1181 1179/1179/1179
f 1181/1181/1181 1172/1172/1172 1179/1179/1179
f 1182/1182/1182 1183/1183/1183 1184/1184/1184
f 1183/1183/1183 1180/1180/1180 1184/1184/1184
f 1180/1180/1180 1178/1178/1178 1184/1184/1184
f 1178/1178/1178 1185/1185/1185 1184/1184/1184
f 1182/1182/1182 1186/1186/1186 1187/1187/1187
f 1186/1186/1186 1188/1188/1188 1187/1187/1187
f 1187/1187/1187 1188/1188/1188 1189/1189/1189
f 1188/1188/1188 1190/1190/1190 1189/1189/1189
f 1190/1190/1190 1175/1175/1175 1189/1189/1189
f 1175/1175/1175 1191/1191/1191 1189/1189/1189
f 1191/1191/1191 1192/1192/1192 1189/1189/1189
f 1192/1192/1192 1187/1187/1187 1189/1189/1189
f 1175/1175/1175 1194/1194/1194 1193/1193/1193
f 1194/1194/1194 1195/1195/1195 1193/1193/1193
f 1195/1195/1195 1194/1194/1194 1196/1196/1196
f 1196/1196/1196 1194/1194/1194 1197/1197/1197
f 1197/1197/1197 1194/1194/1194 1198/1198/1198
f 1194/1194/1194 1188/1188/1188 1198/1198/1198
f 1199/1199/1199 1200/1200/1200 1201/1201/1201
f 1200/1200/1200 1202/1202/1202 1201/1201/1201
f 1201/1201/1201 1202/1202/1202 1203/1203/1203
f 1202/1202/1202 1200/1200/1200 1204/1204/1204
f 1200/1200/1200 1205/1205/1205 1204/1204/1204
f 1204/1204/1204 1205/1205/1205 1206/1206/1206
f 1205/1205/1205 1207/1207/1207 1206/1206/1206
f 1206/1206/1206 1207/1207/1207 1208/1208/1208
f 1207/1207/1207 1209/1209/1209 1208/1208/1208
f 1208/1208/1208 1209/1209/1209 1210/1210/1210
f 1209/1209/1209 1211/1211/1211 1210/1210/1210
f 1210/1210/1210 1211/1211/1211 1212/1212/1212
f 1211/1211/1211 1213/1213/1213 1212/1212/1212
f 1212/1212/1212 1213/1213/1213 1214/1214/1214
f 1213/1213/1213 1215/1215/1215 1214/1214/1214
f 1214/1214/1214 1215/1215/1215 1216/1216/1216
f 1215/1215/1215 1217/1217/1217 1216/1216/1216
f 1216/1216/1216 1217/1217/1217 1218/1218/1218
f 1217/1217/1217 1219/1219/1219 1218/1218/1218
f 1218/1218/1218 1219/1219/1219 1220/1220/1220
f 1219/1219/1219 1221/1221/1221 1220/1220/1220
f 1215/1215/1215 1213/1213/1213 1222/1222/1222
f 1213/1213/1213 1223/1223/1223 1222/1222/1222
f 1222/1222/1222 1223/1223/1223 1224/1224/1224
f 1224/1224/1224 1223/1223/1223 1225/1225/1225
f 1225/1225/1225 1223/1223/1223 1209/1209/1209
f 1209/1209/1209 1223/1223/1223 1211/1211/1211
f 1223/1223/1223 1213/1213/1213 1211/1211/1211
f 1221/1221/1221 1219/1219/1219 1226/1226/1226
f 1219/1219/1219 1227/1227/1227 1226/1226/1226
f 1226/1226/1226 1227/1227/1227 1224/1224/1224
f 1224/1224/1224 1227/1227/1227 1228/1228/1228
f 1228/1228/1228 1227/1227/1227 1215/1215/1215
f 1215/1215/1215 1227/1227/1227 1217/1217/1217
f 1227/1227/1227 1219/1219/1219 1217/1217/1217
f 1220/1220/1220 1221/1221/1221 1229/1229/1229
f 1221/1221/1221 1230/1230/1230 1229/1229/1229
f 1229/1229/1229 1230/1230/1230 1231/1231/1231
f 1231/1231/1231 1230/1230/1230 1232/1232/1232
f 1230/1230/1230 1233/1233/1233 1232/1232/1232
f 1232/1232/1232 1233/1233/1233 1234/1234/1234
f 1234/1234/1234 1233/1233/1233 1224/1224/1224
f 1224/1224/1224 1233/1233/1233 1235/1235/1235
f 1235/1235/1235 1233/1233/1233 1221/1221/1221
f 1233/1233/1233 1230/1230/1230 1221/1221/1221
f 1209/1209/1209 1207/1207/1207 1236/1236/1236
f 1207/1207/1207 1237/1237/1237 1236/1236/1236
f 1236/1236/1236 1237/1237/1237 1224/1224/1224
f 1224/1224/1224 1237/1237/1237 1238/1238/1238
f 1238/1238/1238 1237/1237/1237 1200/1200/1200
f 1200/1200/1200 1237/1237/1237 1205/1205/1205
f 1237/1237/1237 1207/1207/1207 1205/1205/1205
f 1239/1239/1239 1240/1240/1240 1241/1241/1241
f 1240/1240/1240 1242/1242/1242 1241/1241/1241
f 1241/1241/1241 1242/1242/1242 1243/1243/1243
f 1240/1240/1240 1244/1244/1244 1242/1242/1242
f 1242/1242/1242 1244/1244/1244 1245/1245/1245
f 1244/1244/1244 1246/1246/1246 1245/1245/1245
f 1245/1245/1245 1246/1246/1246 1247/1247/1247
f 1246/1246/1246 1248/1248/1248 1247/1247/1247
f 1247/1247/1247 1248/1248/1248 1249/1249/1249
f 1248/1248/1248 1250/1250/1250 1249/1249/1249
f 1249/1249/1249 1250/1250/1250 1251/1251/1251
f 1250/1250/1250 1252/1252/1252 1251/1251/1251
f 1251/1251/1251 1252/1252/1252 1253/1253/1253
f 1252/1252/1252 1254/1254/1254 1253/1253/1253
f 1253/1253/1253 1254/1254/1254 1255/1255/1255
f 1254/1254/1254 1256/1256/1256 1255/1255/1255
f 1255/1255/1255 1256/1256/1256 1257/1257/1257
f 1256/1256/1256 1258/1258/1258 1257/1257/1257
f 1257/1257/1257 1258/1258/1258 1259/1259/1259
f 1258/1258/1258 1260/1260/1260 1259/1259/1259
f 1259/1259/1259 1260/1260/1260 1261/1261/1261
f 1261/1261/1261 1262/1262/1262 1259/1259/1259
f 1262/1262/1262 1263/1263/1263 1259/1259/1259
f 1259/1259/1259 1263/1263/1263 1257/1257/1257
f 1257/1257/1257 1263/1263/1263 1255/1255/1255
f 1255/1255/1255 1263/1263/1263 1264/1264/1264
f 1264/1264/1264 1263/1263/1263 1265/1265/1265
f 1263/1263/1263 1262/1262/1262 1265/1265/1265
f 1255/1255/1255 1266/1266/1266 1253/1253/1253
f 1266/1266/1266 1267/1267/1267 1253/1253/1253
f 1253/1253/1253 1267/1267/1267 1251/1251/1251
f 1251/1251/1251 1267/1267/1267 1249/1249/1249
f 1249/1249/1249 1267/1267/1267 1268/1268/1268
f 1268/1268/1268 1267/1267/1267 1265/1265/1265
f 1267/1267/1267 1266/1266/1266 1265/1265/1265
f 1260/1260/1260 1269/1269/1269 1261/1261/1261
f 1261/1261/1261 1269/1269/1269 1270/1270/1270
f 1269/1269/1269 1271/1271/1271 1270/1270/1270
f 1271/1271/1271 1272/1272/1272 1270/1270/1270
f 1270/1270/1270 1272/1272/1272 1273/1273/1273
f 1272/1272/1272 1274/1274/1274 1273/1273/1273
f 1274/1274/1274 1265/1265/1265 1273/1273/1273
f 1265/1265/1265 1275/1275/1275 1273/1273/1273
f 1275/1275/1275 1261/1261/1261 1273/1273/1273
f 1261/1261/1261 1270/1270/1270 1273/1273/1273
f 1249/1249/1249 1276/1276/1276 1247/1247/1247
f 1276/1276/1276 1277/1277/1277 1247/1247/1247
f 1247/1247/1247 1277/1277/1277 1245/1245/1245
f 1245/1245/1245 1277/1277/1277 1242/1242/1242
f 1242/1242/1242 1277/1277/1277 1278/1278/1278
f 1278/1278/1278 1277/1277/1277 1265/1265/1265
f 1277/1277/1277 1276/1276/1276 1265/1265/1265
f 1279/1279/1279 1280/1280/1280 1281/1281/1281
f 1281/1281/1281 1280/1280/1280 1282/1282/1282
f 1280/1280/1280 1283/1283/1283 1282/1282/1282
f 1282/1282/1282 1283/1283/1283 1284/1284/1284
f 1285/1285/1285 1021/1021/1021 1286/1286/1286
f 1021/1021/1021 1287/1287/1287 1286/1286/1286
f 1286/1286/1286 1287/1287/1287 1288/1288/1288
f 1287/1287/1287 1289/1289/1289 1288/1288/1288
f 1288/1288/1288 1289/1289/1289 1290/1290/1290
f 1289/1289/1289 1291/1291/1291 1290/1290/1290
f 1290/1290/1290 1291/1291/1291 1292/1292/1292
f 1291/1291/1291 1284/1284/1284 1292/1292/1292
f 1284/1284/1284 1293/1293/1293 1292/1292/1292
f 1293/1293/1293 1294/1294/1294 1292/1292/1292
f 1295/1295/1295 999/999/999 1296/1296/1296
f 999/999/999 1294/1294/1294 1296/1296/1296
f 1296/1296/1296 1294/1294/1294 984/984/984
f 1294/1294/1294 1297/1297/1297 984/984/984
f 984/984/984 1297/1297/1297 983/983/983
f 1297/1297/1297 1298/1298/1298 983/983/983
f 1299/1299/1299 1300/1300/1300 1301/1301/1301
f 1300/1300/1300 1302/1302/1302 1301/1301/1301
f 1301/1301/1301 1302/1302/1302 1303/1303/1303
f 1302/1302/1302 1304/1304/1304 1303/1303/1303
f 1305/1305/1305 1306/1306/1306 1307/1307/1307
f 1306/1306/1306 1308/1308/1308 1307/1307/1307
f 1308/1308/1308 1309/1309/1309 1307/1307/1307
f 1309/1309/1309 1310/1310/1310 1307/1307/1307
f 1311/1311/1311 1312/1312/1312 1313/1313/1313
f 1313/1313/1313 1312/1312/1312 1314/1314/1314
f 1312/1312/1312 1315/1315/1315 1314/1314/1314
f 1314/1314/1314 1315/1315/1315 1316/1316/1316
f 1071/1071/1071 1069/1069/1069 1317/1317/1317
f 1069/1069/1069 1061/1061/1061 1317/1317/1317
f 1317/1317/1317 1061/1061/1061 1318/1318/1318
f 1073/1073/1073 1071/1071/1071 1319/1319/1319
f 1071/1071/1071 1317/1317/1317 1319/1319/1319
f 1319/1319/1319 1317/1317/1317 1320/1320/1320
f 1320/1320/1320 1317/1317/1317 1321/1321/1321
f 1317/1317/1317 1318/1318/1318 1321/1321/1321
f 1321/1321/1321 1318/1318/1318 1322/1322/1322
f 1323/1323/1323 1324/1324/1324 1325/1325/1325
f 1324/1324/1324 1326/1326/1326 1325/1325/1325
f 1325/1325/1325 1326/1326/1326 1327/1327/1327
f 1326/1326/1326 1328/1328/1328 1327/1327/1327
f 1327/1327/1327 1328/1328/1328 1329/1329/1329
f 1330/1330/1330 1331/1331/1331 1332/1332/1332
f 1331/1331/1331 1333/1333/1333 1332/1332/1332
f 1332/1332/1332 1333/1333/1333 1334/1334/1334
f 1333/1333/1333 1335/1335/1335 1334/1334/1334
f 1334/1334/1334 1335/1335/1335 1336/1336/1336
f 1337/1337/1337 1338/1338/1338 1339/1339/1339
f 1338/1338/1338 1340/1340/1340 1339/1339/1339
f 1339/1339/1339 1340/1340/1340 1341/1341/1341
f 1341/1341/1341 1340/1340/1340 1342/1342/1342
f 1340/1340/1340 1343/1343/1343 1342/1342/1342
f 1342/1342/1342 1343/1343/1343 1344/1344/1344
f 1345/1345/1345 1346/1346/1346 1347/1347/1347
f 1346/1346/1346 1343/1343/1343 1347/1347/1347
f 1347/1347/1347 1343/1343/1343 1348/1348/1348
f 1343/1343/1343 1340/1340/1340 1348/1348/1348
f 1340/1340/1340 1338/1338/1338 1348/1348/1348
f 1348/1348/1348 1338/1338/1338 1347/1347/1347
f 1338/1338/1338 1349/1349/1349 1347/1347/1347
f 1347/1347/1347 1349/1349/1349 1345/1345/1345
f 1350/1350/1350 1351/1351/1351 1352/1352/1352
f 1351/1351/1351 1353/1353/1353 1352/1352/1352
f 1353/1353/1353 1354/1354/1354 1352/1352/1352
f 1352/1352/1352 1354/1354/1354 1355/1355/1355
f 1354/1354/1354 1356/1356/1356 1355/1355/1355
f 1355/1355/1355 1356/1356/1356 1357/1357/1357
f 1358/1358/1358 1357/1357/1357 1359/1359/1359
f 1357/1357/1357 1356/1356/1356 1359/1359/1359
f 1359/1359/1359 1356/1356/1356 1360/1360/1360
f 1360/1360/1360 1356/1356/1356 1361/1361/1361
f 1356/1356/1356 1354/1354/1354 1361/1361/1361
f 1361/1361/1361 1354/1354/1354 1362/1362/1362
f 1354/1354/1354 1353/1353/1353 1362/1362/1362
f 1362/1362/1362 1353/1353/1353 1363/1363/1363
f 1363/1363/1363 1353/1353/1353 1364/1364/1364
f 1353/1353/1353 1351/1351/1351 1364/1364/1364
f 1364/1364/1364 1351/1351/1351 1365/1365/1365
f 1365/1365/1365 1351/1351/1351 1366/1366/1366
f 1351/1351/1351 1350/1350/1350 1366/1366/1366
f 1366/1366/1366 1350/1350/1350 1367/1367/1367
f 1368/1368/1368 1369/1369/1369 1370/1370/1370
f 1369/1369/1369 1371/1371/1371 1370/1370/1370
f 1370/1370/1370 1371/1371/1371 1372/1372/1372
f 1372/1372/1372 1371/1371/1371 1373/1373/1373
f 1373/1373/1373 1371/1371/1371 1374/1374/1374
f 1374/1374/1374 1371/1371/1371 1375/1375/1375
f 1375/1375/1375 1371/1371/1371 1376/1376/1376
f 1371/1371/1371 1369/1369/1369 1376/1376/1376
f 1377/1377/1377 1379/1379/1379 1378/1378/1378
f 1378/1378/1378 1379/1379/1379 1380/1380/1380
f 1379/1379/1379 1368/1368/1368 1380/1380/1380
f 1380/1380/1380 1368/1368/1368 1381/1381/1381
f 1368/1368/1368 1370/1370/1370 1381/1381/1381
f 1370/1370/1370 1372/1372/1372 1381/1381/1381
f 1372/1372/1372 1382/1382/1382 1381/1381/1381
f 1381/1381/1381 1382/1382/1382 1380/1380/1380
f 1382/1382/1382 1383/1383/1383 1380/1380/1380
f 1383/1383/1383 1384/1384/1384 1380/1380/1380
f 1380/1380/1380 1384/1384/1384 1378/1378/1378
f 1384/1384/1384 1385/1385/1385 1378/1378/1378
f 1385/1385/1385 1386/1386/1386 1378/1378/1378
f 1386/1386/1386 1377/1377/1377 1378/1378/1378
f 1377/1377/1377 1386/1386/1386 1387/1387/1387
f 1386/1386/1386 1388/1388/1388 1387/1387/1387
f 1389/1389/1389 1390/1390/1390 1391/1391/1391
f 1390/1390/1390 1392/1392/1392 1391/1391/1391
f 1391/1391/1391 1392/1392/1392 1393/1393/1393
f 1393/1393/1393 1392/1392/1392 1394/1394/1394
f 1392/1392/1392 1395/1395/1395 1394/1394/1394
f 1394/1394/1394 1395/1395/1395 1385/1385/1385
f 1385/1385/1385 1395/1395/1395 1386/1386/1386
f 1386/1386/1386 1395/1395/1395 1388/1388/1388
f 1388/1388/1388 1395/1395/1395 1396/1396/1396
f 1395/1395/1395 1392/1392/1392 1396/1396/1396
f 1396/1396/1396 1392/1392/1392 1397/1397/1397
f 1392/1392/1392 1390/1390/1390 1397/1397/1397
f 1398/1398/1398 1399/1399/1399 1400/1400/1400
f 1399/1399/1399 1401/1401/1401 1400/1400/1400
f 1401/1401/1401 1402/1402/1402 1400/1400/1400
f 1400/1400/1400 1402/1402/1402 1403/1403/1403
f 1402/1402/1402 1397/1397/1397 1403/1403/1403
f 1397/1397/1397 1390/1390/1390 1403/1403/1403
f 1390/1390/1390 1389/1389/1389 1403/1403/1403
f 1403/1403/1403 1389/1389/1389 1400/1400/1400
f 1389/1389/1389 1404/1404/1404 1400/1400/1400
f 1400/1400/1400 1404/1404/1404 1398/1398/1398
f 1405/1405/1405 1406/1406/1406 1407/1407/1407
f 1406/1406/1406 1408/1408/1408 1407/1407/1407
f 1407/1407/1407 1408/1408/1408 1409/1409/1409
f 1408/1408/1408 1410/1410/1410 1409/1409/1409
f 1409/1409/1409 1410/1410/1410 1411/1411/1411
f 1410/1410/1410 1412/1412/1412 1411/1411/1411
f 1411/1411/1411 1412/1412/1412 1413/1413/1413
f 1412/1412/1412 1414/1414/1414 1413/1413/1413
f 1413/1413/1413 1414/1414/1414 1415/1415/1415
f 1414/1414/1414 1416/1416/1416 1415/1415/1415
f 1417/1417/1417 1412/1412/1412 1418/1418/1418
f 1418/1418/1418 1412/1412/1412 1419/1419/1419
f 1412/1412/1412 1410/1410/1410 1419/1419/1419
f 1419/1419/1419 1410/1410/1410 1420/1420/1420
f 1410/1410/1410 1421/1421/1421 1420/1420/1420
f 1420/1420/1420 1421/1421/1421 1422/1422/1422
f 1421/1421/1421 1423/1423/1423 1422/1422/1422
f 1422/1422/1422 1423/1423/1423 1424/1424/1424
f 1425/1425/1425 1417/1417/1417 1426/1426/1426
f 1417/1417/1417 1418/1418/1418 1426/1426/1426
f 1426/1426/1426 1418/1418/1418 1427/1427/1427
f 1427/1427/1427 1418/1418/1418 1428/1428/1428
f 1418/1418/1418 1419/1419/1419 1428/1428/1428
f 1428/1428/1428 1419/1419/1419 1429/1429/1429
f 1419/1419/1419 1420/1420/1420 1429/1429/1429
f 1429/1429/1429 1420/1420/1420 1430/1430/1430
f 1420/1420/1420 1422/1422/1422 1430/1430/1430
f 1430/1430/1430 1422/1422/1422 1431/1431/1431
f 1422/1422/1422 1424/1424/1424 1431/1431/1431
f 1431/1431/1431 1424/1424/1424 1432/1432/1432
f 1433/1433/1433 1434/1434/1434 1435/1435/1435
f 1435/1435/1435 1434/1434/1434 1436/1436/1436
f 1434/1434/1434 1437/1437/1437 1436/1436/1436
f 1436/1436/1436 1437/1437/1437 1438/1438/1438
f 1437/1437/1437 1439/1439/1439 1438/1438/1438
f 1438/1438/1438 1439/1439/1439 1440/1440/1440
f 1439/1439/1439 1441/1441/1441 1440/1440/1440
f 1441/1441/1441 1442/1442/1442 1440/1440/1440
f 1440/1440/1440 1442/1442/1442 1443/1443/1443
f 1442/1442/1442 1444/1444/1444 1443/1443/1443
f 1443/1443/1443 1444/1444/1444 1445/1445/1445
f 1445/1445/1445 1444/1444/1444 1446/1446/1446
f 1444/1444/1444 1447/1447/1447 1446/1446/1446
f 1447/1447/1447 1448/1448/1448 1446/1446/1446
f 1448/1448/1448 1449/1449/1449 1446/1446/1446
f 1450/1450/1450 1451/1451/1451 1452/1452/1452
f 1451/1451/1451 1453/1453/1453 1452/1452/1452
f 1452/1452/1452 1453/1453/1453 1454/1454/1454
f 1453/1453/1453 1455/1455/1455 1454/1454/1454
f 1454/1454/1454 1455/1455/1455 1456/1456/1456
f 1455/1455/1455 1457/1457/1457 1456/1456/1456
f 1456/1456/1456 1457/1457/1457 1458/1458/1458
f 1457/1457/1457 1459/1459/1459 1458/1458/1458
f 1458/1458/1458 1459/1459/1459 1460/1460/1460
f 1459/1459/1459 1461/1461/1461 1460/1460/1460
f 1461/1461/1461 1462/1462/1462 1460/1460/1460
f 1462/1462/1462 1463/1463/1463 1460/1460/1460
f 1463/1463/1463 1462/1462/1462 1464/1464/1464
f 1462/1462/1462 1465/1465/1465 1464/1464/1464
f 1464/1464/1464 1465/1465/1465 1466/1466/1466
usemtl homerball_HomerBall_ArmR
f 1467/1467/1467 1468/1468/1468 1469/1469/1469
f 1468/1468/1468 1470/1470/1470 1469/1469/1469
f 1471/1471/1471 1470/1470/1470 1472/1472/1472
f 1472/1472/1472 1470/1470/1470 1473/1473/1473
f 1470/1470/1470 1474/1474/1474 1473/1473/1473
f 1473/1473/1473 1474/1474/1474 1475/1475/1475
f 1475/1475/1475 1474/1474/1474 1476/1476/1476
f 1476/1476/1476 1474/1474/1474 1477/1477/1477
f 1477/1477/1477 1474/1474/1474 1478/1478/1478
f 1478/1478/1478 1474/1474/1474 1479/1479/1479
f 1474/1474/1474 1470/1470/1470 1479/1479/1479
f 1478/1478/1478 1479/1479/1479 1480/1480/1480
f 1479/1479/1479 1481/1481/1481 1480/1480/1480
f 1480/1480/1480 1481/1481/1481 1482/1482/1482
f 1481/1481/1481 1483/1483/1483 1482/1482/1482
f 1483/1483/1483 1484/1484/1484 1482/1482/1482
f 1482/1482/1482 1484/1484/1484 1485/1485/1485
f 1484/1484/1484 1486/1486/1486 1485/1485/1485
f 1486/1486/1486 1487/1487/1487 1485/1485/1485
f 1487/1487/1487 1482/1482/1482 1485/1485/1485
f 1482/1482/1482 1487/1487/1487 1480/1480/1480
f 1480/1480/1480 1487/1487/1487 1488/1488/1488
f 1487/1487/1487 1476/1476/1476 1488/1488/1488
f 1488/1488/1488 1476/1476/1476 1477/1477/1477
f 1489/1489/1489 1475/1475/1475 1490/1490/1490
f 1475/1475/1475 1476/1476/1476 1490/1490/1490
f 1476/1476/1476 1487/1487/1487 1490/1490/1490
f 1490/1490/1490 1487/1487/1487 1491/1491/1491
f 1487/1487/1487 1486/1486/1486 1491/1491/1491
f 1491/1491/1491 1486/1486/1486 1492/1492/1492
f 1493/1493/1493 1492/1492/1492 1494/1494/1494
f 1492/1492/1492 1495/1495/1495 1494/1494/1494
f 1494/1494/1494 1495/1495/1495 1496/1496/1496
f 1495/1495/1495 1497/1497/1497 1496/1496/1496
f 1497/1497/1497 1483/1483/1483 1496/1496/1496
f 1483/1483/1483 1498/1498/1498 1496/1496/1496
f 1498/1498/1498 1499/1499/1499 1496/1496/1496
f 1499/1499/1499 1500/1500/1500 1496/1496/1496
f 1501/1501/1501 1502/1502/1502 1503/1503/1503
f 1503/1503/1503 1502/1502/1502 1504/1504/1504
f 1502/1502/1502 1505/1505/1505 1504/1504/1504
f 1504/1504/1504 1505/1505/1505 1506/1506/1506
f 1505/1505/1505 1507/1507/1507 1506/1506/1506
f 1507/1507/1507 1508/1508/1508 1506/1506/1506
f 1506/1506/1506 1508/1508/1508 1509/1509/1509
f 1508/1508/1508 1493/1493/1493 1509/1509/1509
f 1493/1493/1493 1510/1510/1510 1509/1509/1509
f 1509/1509/1509 1510/1510/1510 1511/1511/1511
f 1510/1510/1510 1512/1512/1512 1511/1511/1511
f 1512/1512/1512 1500/1500/1500 1511/1511/1511
f 1500/1500/1500 1513/1513/1513 1511/1511/1511
f 1513/1513/1513 1503/1503/1503 1511/1511/1511
f 1503/1503/1503 1504/1504/1504 1511/1511/1511
f 1504/1504/1504 1506/1506/1506 1511/1511/1511
f 1506/1506/1506 1509/1509/1509 1511/1511/1511
f 1514/1514/1514 1515/1515/1515 1516/1516/1516
f 1515/1515/1515 1517/1517/1517 1516/1516/1516
f 1518/1518/1518 1519/1519/1519 1520/1520/1520
f 1519/1519/1519 1521/1521/1521 1520/1520/1520
f 1520/1520/1520 1521/1521/1521 1522/1522/1522
f 1522/1522/1522 1521/1521/1521 1523/1523/1523
f 1523/1523/1523 1521/1521/1521 1514/1514/1514
f 1514/1514/1514 1521/1521/1521 1524/1524/1524
f 1521/1521/1521 1519/1519/1519 1524/1524/1524
f 1525/1525/1525 1526/1526/1526 1527/1527/1527
f 1526/1526/1526 1520/1520/1520 1527/1527/1527
f 1527/1527/1527 1520/1520/1520 1489/1489/1489
f 1489/1489/1489 1520/1520/1520 1528/1528/1528
f 1520/1520/1520 1522/1522/1522 1528/1528/1528
f 1528/1528/1528 1522/1522/1522 1473/1473/1473
f 1529/1529/1529 1530/1530/1530 1531/1531/1531
f 1530/1530/1530 1519/1519/1519 1531/1531/1531
f 1531/1531/1531 1519/1519/1519 1526/1526/1526
f 1532/1532/1532 1533/1533/1533 1534/1534/1534
f 1533/1533/1533 1535/1535/1535 1534/1534/1534
f 1534/1534/1534 1535/1535/1535 1536/1536/1536
f 1535/1535/1535 1537/1537/1537 1536/1536/1536
f 1536/1536/1536 1537/1537/1537 1538/1538/1538
f 1537/1537/1537 1539/1539/1539 1538/1538/1538
f 1538/1538/1538 1539/1539/1539 1540/1540/1540
f 1539/1539/1539 1533/1533/1533 1540/1540/1540
f 1540/1540/1540 1533/1533/1533 1532/1532/1532
f 1537/1537/1537 1541/1541/1541 1539/1539/1539
f 1541/1541/1541 1542/1542/1542 1539/1539/1539
f 1539/1539/1539 1542/1542/1542 1533/1533/1533
f 1542/1542/1542 1543/1543/1543 1533/1533/1533
f 1533/1533/1533 1543/1543/1543 1535/1535/1535
f 1543/1543/1543 1544/1544/1544 1535/1535/1535
f 1535/1535/1535 1544/1544/1544 1537/1537/1537
f 1537/1537/1537 1544/1544/1544 1541/1541/1541
f 1544/1544/1544 1545/1545/1545 1541/1541/1541
f 1541/1541/1541 1545/1545/1545 1542/1542/1542
f 1545/1545/1545 1546/1546/1546 1542/1542/1542
f 1542/1542/1542 1546/1546/1546 1543/1543/1543
f 1546/1546/1546 1547/1547/1547 1543/1543/1543
f 1543/1543/1543 1547/1547/1547 1544/1544/1544
f 1547/1547/1547 1548/1548/1548 1544/1544/1544
f 1544/1544/1544 1548/1548/1548 1545/1545/1545
f 1548/1548/1548 1547/1547/1547 1545/1545/1545
f 1545/1545/1545 1547/1547/1547 1546/1546/1546
f 1549/1549/1549 1550/1550/1550 1551/1551/1551
f 1551/1551/1551 1550/1550/1550 1552/1552/1552
f 1550/1550/1550 1553/1553/1553 1552/1552/1552
f 1552/1552/1552 1553/1553/1553 1554/1554/1554
f 1553/1553/1553 1555/1555/1555 1554/1554/1554
f 1554/1554/1554 1555/1555/1555 1549/1549/1549
f 1555/1555/1555 1553/1553/1553 1549/1549/1549
f 1549/1549/1549 1553/1553/1553 1550/1550/1550
f 1556/1556/1556 1557/1557/1557 1558/1558/1558
f 1557/1557/1557 1559/1559/1559 1558/1558/1558
f 1558/1558/1558 1559/1559/1559 1560/1560/1560
f 1559/1559/1559 1561/1561/1561 1560/1560/1560
f 1560/1560/1560 1561/1561/1561 1562/1562/1562
f 1561/1561/1561 1563/1563/1563 1562/1562/1562
f 1562/1562/1562 1563/1563/1563 1556/1556/1556
f 1556/1556/1556 1563/1563/1563 1557/1557/1557
f 1563/1563/1563 1564/1564/1564 1557/1557/1557
f 1564/1564/1564 1551/1551/1551 1557/1557/1557
f 1557/1557/1557 1551/1551/1551 1559/1559/1559
f 1551/1551/1551 1552/1552/1552 1559/1559/1559
f 1559/1559/1559 1552/1552/1552 1561/1561/1561
f 1552/1552/1552 1554/1554/1554 1561/1561/1561
f 1561/1561/1561 1554/1554/1554 1563/1563/1563
f 1563/1563/1563 1554/1554/1554 1564/1564/1564
f 1554/1554/1554 1549/1549/1549 1564/1564/1564
f 1564/1564/1564 1549/1549/1549 1551/1551/1551
f 1565/1565/1565 1566/1566/1566 1567/1567/1567
f 1567/1567/1567 1566/1566/1566 1568/1568/1568
f 1566/1566/1566 1569/1569/1569 1568/1568/1568
f 1568/1568/1568 1569/1569/1569 1570/1570/1570
f 1569/1569/1569 1571/1571/1571 1570/1570/1570
f 1570/1570/1570 1571/1571/1571 1565/1565/1565
f 1571/1571/1571 1569/1569/1569 1565/1565/1565
f 1565/1565/1565 1569/1569/1569 1566/1566/1566
f 1572/1572/1572 1573/1573/1573 1574/1574/1574
f 1573/1573/1573 1575/1575/1575 1574/1574/1574
f 1574/1574/1574 1575/1575/1575 1576/1576/1576
f 1575/1575/1575 1577/1577/1577 1576/1576/1576
f 1576/1576/1576 1577/1577/1577 1578/1578/1578
f 1577/1577/1577 1579/1579/1579 1578/1578/1578
f 1578/1578/1578 1579/1579/1579 1572/1572/1572
f 1572/1572/1572 1579/1579/1579 1573/1573/1573
f 1579/1579/1579 1580/1580/1580 1573/1573/1573
f 1580/1580/1580 1567/1567/1567 1573/1573/1573
f 1573/1573/1573 1567/1567/1567 1575/1575/1575
f 1567/1567/1567 1568/1568/1568 1575/1575/1575
f 1575/1575/1575 1568/1568/1568 1577/1577/1577
f 1568/1568/1568 1570/1570/1570 1577/1577/1577
f 1577/1577/1577 1570/1570/1570 1579/1579/1579
f 1579/1579/1579 1570/1570/1570 1580/1580/1580
f 1570/1570/1570 1565/1565/1565 1580/1580/1580
f 1580/1580/1580 1565/1565/1565 1567/1567/1567
f 1581/1581/1581 1582/1582/1582 1583/1583/1583
f 1583/1583/1583 1582/1582/1582 1584/1584/1584
f 1582/1582/1582 1585/1585/1585 1584/1584/1584
f 1584/1584/1584 1585/1585/1585 1586/1586/1586
f 1585/1585/1585 1582/1582/1582 1586/1586/1586
f 1582/1582/1582 1581/1581/1581 1586/1586/1586
f 1581/1581/1581 1587/1587/1587 1586/1586/1586
f 1587/1587/1587 1584/1584/1584 1586/1586/1586
f 1588/1588/1588 1589/1589/1589 1590/1590/1590
f 1589/1589/1589 1591/1591/1591 1590/1590/1590
f 1590/1590/1590 1591/1591/1591 1592/1592/1592
f 1591/1591/1591 1593/1593/1593 1592/1592/1592
f 1592/1592/1592 1593/1593/1593 1594/1594/1594
f 1593/1593/1593 1595/1595/1595 1594/1594/1594
f 1594/1594/1594 1595/1595/1595 1588/1588/1588
f 1588/1588/1588 1595/1595/1595 1589/1589/1589
f 1595/1595/1595 1596/1596/1596 1589/1589/1589
f 1596/1596/1596 1583/1583/1583 1589/1589/1589
f 1589/1589/1589 1583/1583/1583 1591/1591/1591
f 1583/1583/1583 1584/1584/1584 1591/1591/1591
f 1591/1591/1591 1584/1584/1584 1593/1593/1593
f 1584/1584/1584 1587/1587/1587 1593/1593/1593
f 1593/1593/1593 1587/1587/1587 1595/1595/1595
f 1595/1595/1595 1587/1587/1587 1596/1596/1596
f 1587/1587/1587 1581/1581/1581 1596/1596/1596
f 1596/1596/1596 1581/1581/1581 1583/1583/1583
f 1597/1597/1597 1598/1598/1598 1599/1599/1599
f 1598/1598/1598 1600/1600/1600 1599/1599/1599
f 1599/1599/1599 1600/1600/1600 1601/1601/1601
f 1600/1600/1600 1602/1602/1602 1601/1601/1601
f 1601/1601/1601 1602/1602/1602 1603/1603/1603
f 1602/1602/1602 1604/1604/1604 1603/1603/1603
f 1604/1604/1604 1605/1605/1605 1603/1603/1603
f 1603/1603/1603 1605/1605/1605 1606/1606/1606
f 1605/1605/1605 1598/1598/1598 1606/1606/1606
f 1606/1606/1606 1598/1598/1598 1597/1597/1597
f 1605/1605/1605 1607/1607/1607 1598/1598/1598
f 1607/1607/1607 1608/1608/1608 1598/1598/1598
f 1608/1608/1608 1609/1609/1609 1598/1598/1598
f 1598/1598/1598 1609/1609/1609 1600/1600/1600
f 1609/1609/1609 1610/1610/1610 1600/1600/1600
f 1600/1600/1600 1610/1610/1610 1602/1602/1602
f 1610/1610/1610 1611/1611/1611 1602/1602/1602
f 1602/1602/1602 1611/1611/1611 1604/1604/1604
f 1611/1611/1611 1607/1607/1607 1604/1604/1604
f 1604/1604/1604 1607/1607/1607 1605/1605/1605
f 1607/1607/1607 1611/1611/1611 1612/1612/1612
f 1611/1611/1611 1610/1610/1610 1612/1612/1612
f 1612/1612/1612 1610/1610/1610 1613/1613/1613
f 1610/1610/1610 1609/1609/1609 1613/1613/1613
f 1613/1613/1613 1609/1609/1609 1614/1614/1614
f 1609/1609/1609 1608/1608/1608 1614/1614/1614
f 1614/1614/1614 1608/1608/1608 1615/1615/1615
f 1608/1608/1608 1607/1607/1607 1615/1615/1615
f 1615/1615/1615 1607/1607/1607 1616/1616/1616
f 1607/1607/1607 1612/1612/1612 1616/1616/1616
f 1617/1617/1617 1612/1612/1612 1618/1618/1618
f 1612/1612/1612 1613/1613/1613 1618/1618/1618
f 1618/1618/1618 1613/1613/1613 1619/1619/1619
f 1619/1619/1619 1613/1613/1613 1620/1620/1620
f 1613/1613/1613 1614/1614/1614 1620/1620/1620
f 1620/1620/1620 1614/1614/1614 1621/1621/1621
f 1614/1614/1614 1615/1615/1615 1621/1621/1621
f 1621/1621/1621 1615/1615/1615 1622/1622/1622
f 1622/1622/1622 1615/1615/1615 1623/1623/1623
f 1615/1615/1615 1616/1616/1616 1623/1623/1623
f 1623/1623/1623 1616/1616/1616 1624/1624/1624
f 1616/1616/1616 1612/1612/1612 1624/1624/1624
f 1624/1624/1624 1612/1612/1612 1617/1617/1617
usemtl homerball_HomerBall_ArmL
f 1625/1625/1625 1626/1626/1626 1627/1627/1627
f 1626/1626/1626 1628/1628/1628 1627/1627/1627
f 1629/1629/1629 1630/1630/1630 1628/1628/1628
f 1630/1630/1630 1631/1631/1631 1628/1628/1628
f 1631/1631/1631 1632/1632/1632 1628/1628/1628
f 1632/1632/1632 1633/1633/1633 1628/1628/1628
f 1634/1634/1634 1635/1635/1635 1636/1636/1636
f 1636/1636/1636 1635/1635/1635 1637/1637/1637
f 1635/1635/1635 1638/1638/1638 1637/1637/1637
f 1638/1638/1638 1639/1639/1639 1637/1637/1637
f 1639/1639/1639 1640/1640/1640 1637/1637/1637
f 1640/1640/1640 1636/1636/1636 1637/1637/1637
f 1636/1636/1636 1640/1640/1640 1641/1641/1641
f 1641/1641/1641 1640/1640/1640 1629/1629/1629
f 1629/1629/1629 1640/1640/1640 1630/1630/1630
f 1640/1640/1640 1639/1639/1639 1630/1630/1630
f 1639/1639/1639 1642/1642/1642 1630/1630/1630
f 1642/1642/1642 1631/1631/1631 1630/1630/1630
f 1631/1631/1631 1642/1642/1642 1632/1632/1632
f 1642/1642/1642 1643/1643/1643 1632/1632/1632
f 1643/1643/1643 1644/1644/1644 1632/1632/1632
f 1644/1644/1644 1645/1645/1645 1632/1632/1632
f 1632/1632/1632 1645/1645/1645 1633/1633/1633
f 1645/1645/1645 1646/1646/1646 1633/1633/1633
f 1647/1647/1647 1648/1648/1648 1638/1638/1638
f 1638/1638/1638 1648/1648/1648 1639/1639/1639
f 1648/1648/1648 1649/1649/1649 1639/1639/1639
f 1639/1639/1639 1649/1649/1649 1642/1642/1642
f 1649/1649/1649 1650/1650/1650 1642/1642/1642
f 1642/1642/1642 1650/1650/1650 1643/1643/1643
f 1643/1643/1643 1650/1650/1650 1651/1651/1651
f 1650/1650/1650 1652/1652/1652 1651/1651/1651
f 1651/1651/1651 1652/1652/1652 1653/1653/1653
f 1652/1652/1652 1654/1654/1654 1653/1653/1653
f 1653/1653/1653 1654/1654/1654 1655/1655/1655
f 1654/1654/1654 1656/1656/1656 1655/1655/1655
f 1655/1655/1655 1656/1656/1656 1657/1657/1657
f 1656/1656/1656 1658/1658/1658 1657/1657/1657
f 1657/1657/1657 1658/1658/1658 1659/1659/1659
f 1658/1658/1658 1660/1660/1660 1659/1659/1659
f 1660/1660/1660 1661/1661/1661 1659/1659/1659
f 1661/1661/1661 1662/1662/1662 1659/1659/1659
f 1663/1663/1663 1653/1653/1653 1664/1664/1664
f 1653/1653/1653 1655/1655/1655 1664/1664/1664
f 1664/1664/1664 1655/1655/1655 1665/1665/1665
f 1655/1655/1655 1657/1657/1657 1665/1665/1665
f 1657/1657/1657 1659/1659/1659 1665/1665/1665
f 1659/1659/1659 1662/1662/1662 1665/1665/1665
f 1662/1662/1662 1666/1666/1666 1665/1665/1665
f 1666/1666/1666 1667/1667/1667 1665/1665/1665
f 1667/1667/1667 1668/1668/1668 1665/1665/1665
f 1665/1665/1665 1668/1668/1668 1664/1664/1664
f 1668/1668/1668 1669/1669/1669 1664/1664/1664
f 1669/1669/1669 1670/1670/1670 1664/1664/1664
f 1670/1670/1670 1671/1671/1671 1664/1664/1664
f 1671/1671/1671 1663/1663/1663 1664/1664/1664
f 1663/1663/1663 1671/1671/1671 1672/1672/1672
f 1671/1671/1671 1673/1673/1673 1672/1672/1672
f 1672/1672/1672 1673/1673/1673 1646/1646/1646
f 1673/1673/1673 1633/1633/1633 1646/1646/1646
f 1661/1661/1661 1674/1674/1674 1662/1662/1662
f 1662/1662/1662 1674/1674/1674 1666/1666/1666
f 1674/1674/1674 1675/1675/1675 1666/1666/1666
f 1644/1644/1644 1643/1643/1643 1676/1676/1676
f 1643/1643/1643 1651/1651/1651 1676/1676/1676
f 1676/1676/1676 1651/1651/1651 1646/1646/1646
f 1651/1651/1651 1672/1672/1672 1646/1646/1646
f 1653/1653/1653 1663/1663/1663 1677/1677/1677
f 1663/1663/1663 1672/1672/1672 1677/1677/1677
f 1672/1672/1672 1651/1651/1651 1677/1677/1677
f 1651/1651/1651 1653/1653/1653 1677/1677/1677
f 1641/1641/1641 1678/1678/1678 1679/1679/1679
f 1678/1678/1678 1680/1680/1680 1679/1679/1679
f 1681/1681/1681 1682/1682/1682 1683/1683/1683
f 1682/1682/1682 1684/1684/1684 1683/1683/1683
f 1683/1683/1683 1684/1684/1684 1685/1685/1685
f 1684/1684/1684 1686/1686/1686 1685/1685/1685
f 1685/1685/1685 1686/1686/1686 1687/1687/1687
f 1686/1686/1686 1688/1688/1688 1687/1687/1687
f 1687/1687/1687 1688/1688/1688 1689/1689/1689
f 1688/1688/1688 1682/1682/1682 1689/1689/1689
f 1689/1689/1689 1682/1682/1682 1681/1681/1681
f 1686/1686/1686 1690/1690/1690 1688/1688/1688
f 1690/1690/1690 1691/1691/1691 1688/1688/1688
f 1688/1688/1688 1691/1691/1691 1682/1682/1682
f 1691/1691/1691 1692/1692/1692 1682/1682/1682
f 1682/1682/1682 1692/1692/1692 1684/1684/1684
f 1692/1692/1692 1693/1693/1693 1684/1684/1684
f 1684/1684/1684 1693/1693/1693 1686/1686/1686
f 1686/1686/1686 1693/1693/1693 1690/1690/1690
f 1690/1690/1690 1693/1693/1693 1694/1694/1694
f 1693/1693/1693 1692/1692/1692 1694/1694/1694
f 1694/1694/1694 1692/1692/1692 1695/1695/1695
f 1692/1692/1692 1691/1691/1691 1695/1695/1695
f 1695/1695/1695 1691/1691/1691 1696/1696/1696
f 1691/1691/1691 1690/1690/1690 1696/1696/1696
f 1696/1696/1696 1690/1690/1690 1697/1697/1697
f 1690/1690/1690 1694/1694/1694 1697/1697/1697
f 1697/1697/1697 1694/1694/1694 1696/1696/1696
f 1694/1694/1694 1695/1695/1695 1696/1696/1696
f 1698/1698/1698 1699/1699/1699 1700/1700/1700
f 1699/1699/1699 1701/1701/1701 1700/1700/1700
f 1700/1700/1700 1701/1701/1701 1702/1702/1702
f 1701/1701/1701 1703/1703/1703 1702/1702/1702
f 1702/1702/1702 1703/1703/1703 1704/1704/1704
f 1703/1703/1703 1698/1698/1698 1704/1704/1704
f 1704/1704/1704 1698/1698/1698 1702/1702/1702
f 1698/1698/1698 1700/1700/1700 1702/1702/1702
f 1705/1705/1705 1706/1706/1706 1707/1707/1707
f 1707/1707/1707 1706/1706/1706 1708/1708/1708
f 1706/1706/1706 1709/1709/1709 1708/1708/1708
f 1708/1708/1708 1709/1709/1709 1710/1710/1710
f 1709/1709/1709 1711/1711/1711 1710/1710/1710
f 1710/1710/1710 1711/1711/1711 1712/1712/1712
f 1711/1711/1711 1705/1705/1705 1712/1712/1712
f 1705/1705/1705 1707/1707/1707 1712/1712/1712
f 1707/1707/1707 1713/1713/1713 1712/1712/1712
f 1713/1713/1713 1707/1707/1707 1699/1699/1699
f 1707/1707/1707 1708/1708/1708 1699/1699/1699
f 1699/1699/1699 1708/1708/1708 1701/1701/1701
f 1708/1708/1708 1710/1710/1710 1701/1701/1701
f 1701/1701/1701 1710/1710/1710 1703/1703/1703
f 1710/1710/1710 1712/1712/1712 1703/1703/1703
f 1712/1712/1712 1713/1713/1713 1703/1703/1703
f 1703/1703/1703 1713/1713/1713 1698/1698/1698
f 1713/1713/1713 1699/1699/1699 1698/1698/1698
f 1714/1714/1714 1715/1715/1715 1716/1716/1716
f 1716/1716/1716 1715/1715/1715 1717/1717/1717
f 1715/1715/1715 1714/1714/1714 1717/1717/1717
f 1717/1717/1717 1714/1714/1714 1718/1718/1718
f 1714/1714/1714 1719/1719/1719 1718/1718/1718
f 1719/1719/1719 1720/1720/1720 1718/1718/1718
f 1718/1718/1718 1720/1720/1720 1717/1717/1717
f 1720/1720/1720 1716/1716/1716 1717/1717/1717
f 1721/1721/1721 1722/1722/1722 1723/1723/1723
f 1722/1722/1722 1724/1724/1724 1723/1723/1723
f 1723/1723/1723 1724/1724/1724 1725/1725/1725
f 1724/1724/1724 1726/1726/1726 1725/1725/1725
f 1725/1725/1725 1726/1726/1726 1727/1727/1727
f 1726/1726/1726 1728/1728/1728 1727/1727/1727
f 1727/1727/1727 1728/1728/1728 1721/1721/1721
f 1721/1721/1721 1728/1728/1728 1722/1722/1722
f 1728/1728/1728 1729/1729/1729 1722/1722/1722
f 1729/1729/1729 1716/1716/1716 1722/1722/1722
f 1722/1722/1722 1716/1716/1716 1724/1724/1724
f 1716/1716/1716 1720/1720/1720 1724/1724/1724
f 1724/1724/1724 1720/1720/1720 1726/1726/1726
f 1720/1720/1720 1719/1719/1719 1726/1726/1726
f 1726/1726/1726 1719/1719/1719 1728/1728/1728
f 1728/1728/1728 1719/1719/1719 1729/1729/1729
f 1719/1719/1719 1714/1714/1714 1729/1729/1729
f 1729/1729/1729 1714/1714/1714 1716/1716/1716
f 1730/1730/1730 1731/1731/1731 1732/1732/1732
f 1732/1732/1732 1731/1731/1731 1733/1733/1733
f 1731/1731/1731 1734/1734/1734 1733/1733/1733
f 1733/1733/1733 1734/1734/1734 1735/1735/1735
f 1734/1734/1734 1736/1736/1736 1735/1735/1735
f 1735/1735/1735 1736/1736/1736 1737/1737/1737
f 1736/1736/1736 1734/1734/1734 1737/1737/1737
f 1737/1737/1737 1734/1734/1734 1731/1731/1731
f 1738/1738/1738 1739/1739/1739 1740/1740/1740
f 1739/1739/1739 1741/1741/1741 1740/1740/1740
f 1740/1740/1740 1741/1741/1741 1742/1742/1742
f 1741/1741/1741 1743/1743/1743 1742/1742/1742
f 1742/1742/1742 1743/1743/1743 1744/1744/1744
f 1743/1743/1743 1745/1745/1745 1744/1744/1744
f 1744/1744/1744 1745/1745/1745 1738/1738/1738
f 1738/1738/1738 1745/1745/1745 1739/1739/1739
f 1745/1745/1745 1730/1730/1730 1739/1739/1739
f 1730/1730/1730 1732/1732/1732 1739/1739/1739
f 1739/1739/1739 1732/1732/1732 1741/1741/1741
f 1732/1732/1732 1733/1733/1733 1741/1741/1741
f 1741/1741/1741 1733/1733/1733 1743/1743/1743
f 1733/1733/1733 1735/1735/1735 1743/1743/1743
f 1743/1743/1743 1735/1735/1735 1745/1745/1745
f 1745/1745/1745 1735/1735/1735 1730/1730/1730
f 1735/1735/1735 1737/1737/1737 1730/1730/1730
f 1730/1730/1730 1737/1737/1737 1731/1731/1731
f 1746/1746/1746 1747/1747/1747 1748/1748/1748
f 1747/1747/1747 1749/1749/1749 1748/1748/1748
f 1748/1748/1748 1749/1749/1749 1750/1750/1750
f 1749/1749/1749 1751/1751/1751 1750/1750/1750
f 1751/1751/1751 1752/1752/1752 1750/1750/1750
f 1750/1750/1750 1752/1752/1752 1753/1753/1753
f 1752/1752/1752 1754/1754/1754 1753/1753/1753
f 1753/1753/1753 1754/1754/1754 1755/1755/1755
f 1754/1754/1754 1747/1747/1747 1755/1755/1755
f 1755/1755/1755 1747/1747/1747 1746/1746/1746
f 1749/1749/1749 1756/1756/1756 1751/1751/1751
f 1756/1756/1756 1757/1757/1757 1751/1751/1751
f 1751/1751/1751 1757/1757/1757 1752/1752/1752
f 1757/1757/1757 1758/1758/1758 1752/1752/1752
f 1752/1752/1752 1758/1758/1758 1754/1754/1754
f 1758/1758/1758 1759/1759/1759 1754/1754/1754
f 1754/1754/1754 1759/1759/1759 1747/1747/1747
f 1759/1759/1759 1760/1760/1760 1747/1747/1747
f 1760/1760/1760 1756/1756/1756 1747/1747/1747
f 1756/1756/1756 1749/1749/1749 1747/1747/1747
f 1757/1757/1757 1761/1761/1761 1758/1758/1758
f 1761/1761/1761 1762/1762/1762 1758/1758/1758
f 1758/1758/1758 1762/1762/1762 1759/1759/1759
f 1762/1762/1762 1763/1763/1763 1759/1759/1759
f 1759/1759/1759 1763/1763/1763 1760/1760/1760
f 1763/1763/1763 1764/1764/1764 1760/1760/1760
f 1760/1760/1760 1764/1764/1764 1756/1756/1756
f 1764/1764/1764 1765/1765/1765 1756/1756/1756
f 1765/1765/1765 1761/1761/1761 1756/1756/1756
f 1761/1761/1761 1757/1757/1757 1756/1756/1756
f 1766/1766/1766 1762/1762/1762 1767/1767/1767
f 1762/1762/1762 1761/1761/1761 1767/1767/1767
f 1767/1767/1767 1761/1761/1761 1768/1768/1768
f 1768/1768/1768 1761/1761/1761 1769/1769/1769
f 1761/1761/1761 1765/1765/1765 1769/1769/1769
f 1769/1769/1769 1765/1765/1765 1770/1770/1770
f 1765/1765/1765 1764/1764/1764 1770/1770/1770
f 1770/1770/1770 1764/1764/1764 1771/1771/1771
f 1771/1771/1771 1764/1764/1764 1772/1772/1772
f 1764/1764/1764 1763/1763/1763 1772/1772/1772
f 1772/1772/1772 1763/1763/1763 1773/1773/1773
f 1763/1763/1763 1762/1762/1762 1773/1773/1773
f 1773/1773/1773 1762/1762/1762 1766/1766/1766
usemtl homerball_HomerBall_ShoeL
f 1774/1774/1774 1775/1775/1775 1776/1776/1776
f 1775/1775/1775 1777/1777/1777 1778/1778/1778
f 1774/1774/1774 1779/1779/1779 1778/1778/1778
f 1779/1779/1779 1780/1780/1780 1778/1778/1778
f 1774/1774/1774 1781/1781/1781 1782/1782/1782
f 1783/1783/1783 1784/1784/1784 1780/1780/1780
f 1778/1778/1778 1785/1785/1785 1786/1786/1786
f 1785/1785/1785 1784/1784/1784 1786/1786/1786
f 1775/1775/1775 1787/1787/1787 1788/1788/1788
f 1788/1788/1788 1787/1787/1787 1789/1789/1789
f 1787/1787/1787 1786/1786/1786 1789/1789/1789
f 1786/1786/1786 1790/1790/1790 1789/1789/1789
f 1790/1790/1790 1791/1791/1791 1789/1789/1789
f 1792/1792/1792 1793/1793/1793 1786/1786/1786
f 1794/1794/1794 1795/1795/1795 1796/1796/1796
f 1795/1795/1795 1789/1789/1789 1796/1796/1796
f 1796/1796/1796 1797/1797/1797 1798/1798/1798
f 1789/1789/1789 1799/1799/1799 1798/1798/1798
f 1799/1799/1799 1800/1800/1800 1798/1798/1798
f 1800/1800/1800 1801/1801/1801 1798/1798/1798
f 1801/1801/1801 1802/1802/1802 1798/1798/1798
f 1803/1803/1803 1802/1802/1802 1796/1796/1796
f 1804/1804/1804 1805/1805/1805 1801/1801/1801
f 1805/1805/1805 1806/1806/1806 1801/1801/1801
f 1801/1801/1801 1806/1806/1806 1807/1807/1807
f 1802/1802/1802 1808/1808/1808 1809/1809/1809
f 1808/1808/1808 1807/1807/1807 1809/1809/1809
f 1809/1809/1809 1807/1807/1807 1810/1810/1810
f 1811/1811/1811 1804/1804/1804 1808/1808/1808
f 1812/1812/1812 1813/1813/1813 1806/1806/1806
f 1814/1814/1814 1815/1815/1815 1812/1812/1812
f 1816/1816/1816 1815/1815/1815 1817/1817/1817
f 1806/1806/1806 1818/1818/1818 1819/1819/1819
f 1818/1818/1818 1817/1817/1817 1819/1819/1819
f 1814/1814/1814 1820/1820/1820 1818/1818/1818
f 1821/1821/1821 1780/1780/1780 1822/1822/1822
f 1780/1780/1780 1820/1820/1820 1822/1822/1822
f 1822/1822/1822 1820/1820/1820 1806/1806/1806
f 1818/1818/1818 1823/1823/1823 1824/1824/1824
f 1820/1820/1820 1774/1774/1774 1825/1825/1825
f 1774/1774/1774 1823/1823/1823 1825/1825/1825
f 1826/1826/1826 1821/1821/1821 1805/1805/1805
f 1827/1827/1827 1828/1828/1828 1829/1829/1829
f 1830/1830/1830 1831/1831/1831 1832/1832/1832
f 1833/1833/1833 1832/1832/1832 1834/1834/1834
f 1832/1832/1832 1835/1835/1835 1834/1834/1834
f 1836/1836/1836 1837/1837/1837 1838/1838/1838
f 1837/1837/1837 1839/1839/1839 1838/1838/1838
f 1837/1837/1837 1840/1840/1840 1841/1841/1841
f 1840/1840/1840 1842/1842/1842 1841/1841/1841
f 1843/1843/1843 1844/1844/1844 1845/1845/1845
f 1844/1844/1844 1846/1846/1846 1845/1845/1845
f 1847/1847/1847 1848/1848/1848 1849/1849/1849
f 1848/1848/1848 1850/1850/1850 1849/1849/1849
f 1850/1850/1850 1851/1851/1851 1849/1849/1849
f 1851/1851/1851 1852/1852/1852 1849/1849/1849
usemtl homerball_HomerBall_ShoeR
f 1853/1853/1853 1854/1854/1854 1855/1855/1855
f 1856/1856/1856 1853/1853/1853 1857/1857/1857
f 1858/1858/1858 1859/1859/1859 1860/1860/1860
f 1861/1861/1861 1858/1858/1858 1862/1862/1862
f 1863/1863/1863 1861/1861/1861 1864/1864/1864
f 1865/1865/1865 1866/1866/1866 1861/1861/1861
f 1866/1866/1866 1867/1867/1867 1861/1861/1861
f 1868/1868/1868 1869/1869/1869 1870/1870/1870
f 1870/1870/1870 1871/1871/1871 1872/1872/1872
f 1873/1873/1873 1872/1872/1872 1874/1874/1874
f 1875/1875/1875 1873/1873/1873 1876/1876/1876
f 1875/1875/1875 1877/1877/1877 1869/1869/1869
f 1874/1874/1874 1878/1878/1878 1879/1879/1879
f 1878/1878/1878 1880/1880/1880 1881/1881/1881
f 1871/1871/1871 1882/1882/1882 1883/1883/1883
f 1883/1883/1883 1884/1884/1884 1880/1880/1880
f 1884/1884/1884 1885/1885/1885 1880/1880/1880
f 1886/1886/1886 1887/1887/1887 1884/1884/1884
f 1888/1888/1888 1886/1886/1886 1889/1889/1889
f 1890/1890/1890 1891/1891/1891 1888/1888/1888
f 1892/1892/1892 1893/1893/1893 1891/1891/1891
f 1894/1894/1894 1893/1893/1893 1895/1895/1895
f 1896/1896/1896 1895/1895/1895 1897/1897/1897
f 1897/1897/1897 1890/1890/1890 1898/1898/1898
f 1898/1898/1898 1899/1899/1899 1900/1900/1900
f 1891/1891/1891 1901/1901/1901 1902/1902/1902
f 1901/1901/1901 1903/1903/1903 1904/1904/1904
f 1894/1894/1894 1905/1905/1905 1904/1904/1904
f 1906/1906/1906 1901/1901/1901 1907/1907/1907
f 1905/1905/1905 1906/1906/1906 1908/1908/1908
f 1901/1901/1901 1876/1876/1876 1909/1909/1909
f 1893/1893/1893 1909/1909/1909 1910/1910/1910
f 1910/1910/1910 1879/1879/1879 1911/1911/1911
f 1911/1911/1911 1912/1912/1912 1902/1902/1902
f 1913/1913/1913 1910/1910/1910 1914/1914/1914
f 1915/1915/1915 1905/1905/1905 1916/1916/1916
f 1917/1917/1917 1875/1875/1875 1915/1915/1915
f 1912/1912/1912 1918/1918/1918 1919/1919/1919
f 1881/1881/1881 1920/1920/1920 1918/1918/1918
f 1920/1920/1920 1921/1921/1921 1922/1922/1922
f 1923/1923/1923 1924/1924/1924 1921/1921/1921
f 1925/1925/1925 1923/1923/1923 1926/1926/1926
f 1887/1887/1887 1926/1926/1926 1927/1927/1927
f 1928/1928/1928 1887/1887/1887 1929/1929/1929
f 1891/1891/1891 1929/1929/1929 1930/1930/1930
f 1931/1931/1931 1891/1891/1891 1932/1932/1932
f 1933/1933/1933 1932/1932/1932 1934/1934/1934
f 1935/1935/1935 1936/1936/1936 1937/1937/1937
f 1938/1938/1938 1939/1939/1939 1935/1935/1935
f 1940/1940/1940 1939/1939/1939 1941/1941/1941
f 1942/1942/1942 1943/1943/1943 1944/1944/1944
f 1943/1943/1943 1884/1884/1884 1945/1945/1945
f 1946/1946/1946 1947/1947/1947 1948/1948/1948
f 1947/1947/1947 1949/1949/1949 1948/1948/1948
f 1950/1950/1950 1949/1949/1949 1951/1951/1951
f 1949/1949/1949 1952/1952/1952 1951/1951/1951
