<?xml version="1.0" encoding="utf-8"?>
<COLLADA xmlns="http://www.collada.org/2005/11/COLLADASchema" version="1.4.1">
 <asset><contributor><authoring_tool>Asura Explorer</authoring_tool></contributor><up_axis>Y_UP</up_axis></asset>
 <library_images>
  <image id="img0"><init_from>homerball_body.png</init_from></image>
  <image id="img1"><init_from>homerball_HomerBall_Head.png</init_from></image>
  <image id="img2"><init_from>homerball_HomerBall_ArmR.png</init_from></image>
  <image id="img3"><init_from>homerball_HomerBall_ArmL.png</init_from></image>
  <image id="img4"><init_from>homerball_HomerBall_ShoeL.png</init_from></image>
  <image id="img5"><init_from>homerball_HomerBall_ShoeR.png</init_from></image>
 </library_images>
 <library_effects>
  <effect id="eff0"><profile_COMMON>
   <newparam sid="surf0"><surface type="2D"><init_from>img0</init_from></surface></newparam>
   <newparam sid="samp0"><sampler2D><source>surf0</source></sampler2D></newparam>
   <technique sid="common"><lambert><diffuse><texture texture="samp0" texcoord="UVSET0"/></diffuse></lambert></technique>
  </profile_COMMON></effect>
  <effect id="eff1"><profile_COMMON>
   <newparam sid="surf1"><surface type="2D"><init_from>img1</init_from></surface></newparam>
   <newparam sid="samp1"><sampler2D><source>surf1</source></sampler2D></newparam>
   <technique sid="common"><lambert><diffuse><texture texture="samp1" texcoord="UVSET0"/></diffuse></lambert></technique>
  </profile_COMMON></effect>
  <effect id="eff2"><profile_COMMON>
   <newparam sid="surf2"><surface type="2D"><init_from>img2</init_from></surface></newparam>
   <newparam sid="samp2"><sampler2D><source>surf2</source></sampler2D></newparam>
   <technique sid="common"><lambert><diffuse><texture texture="samp2" texcoord="UVSET0"/></diffuse></lambert></technique>
  </profile_COMMON></effect>
  <effect id="eff3"><profile_COMMON>
   <newparam sid="surf3"><surface type="2D"><init_from>img3</init_from></surface></newparam>
   <newparam sid="samp3"><sampler2D><source>surf3</source></sampler2D></newparam>
   <technique sid="common"><lambert><diffuse><texture texture="samp3" texcoord="UVSET0"/></diffuse></lambert></technique>
  </profile_COMMON></effect>
  <effect id="eff4"><profile_COMMON>
   <newparam sid="surf4"><surface type="2D"><init_from>img4</init_from></surface></newparam>
   <newparam sid="samp4"><sampler2D><source>surf4</source></sampler2D></newparam>
   <technique sid="common"><lambert><diffuse><texture texture="samp4" texcoord="UVSET0"/></diffuse></lambert></technique>
  </profile_COMMON></effect>
  <effect id="eff5"><profile_COMMON>
   <newparam sid="surf5"><surface type="2D"><init_from>img5</init_from></surface></newparam>
   <newparam sid="samp5"><sampler2D><source>surf5</source></sampler2D></newparam>
   <technique sid="common"><lambert><diffuse><texture texture="samp5" texcoord="UVSET0"/></diffuse></lambert></technique>
  </profile_COMMON></effect>
 </library_effects>
 <library_materials>
  <material id="mat0" name="body"><instance_effect url="#eff0"/></material>
  <material id="mat1" name="HomerBall_Head"><instance_effect url="#eff1"/></material>
  <material id="mat2" name="HomerBall_ArmR"><instance_effect url="#eff2"/></material>
  <material id="mat3" name="HomerBall_ArmL"><instance_effect url="#eff3"/></material>
  <material id="mat4" name="HomerBall_ShoeL"><instance_effect url="#eff4"/></material>
  <material id="mat5" name="HomerBall_ShoeR"><instance_effect url="#eff5"/></material>
 </library_materials>
 <library_geometries>
  <geometry id="geom" name="homerball"><mesh>
   <source id="geom-pos"><float_array id="geom-pos-a" count="5856">0.000000 0.798828 0.000000 0.109375 0.791016 0.000000 0.033203 0.791016 -0.104492 0.217773 0.768555 0.000000 0.144531 0.778320 -0.104492 0.067383 0.768555 -0.207031 0.217773 0.768555 0.000000 0.322266 0.730469 0.000000 0.253906 0.750000 -0.105469 0.144531 0.778320 -0.104492 0.178711 0.750000 -0.208008 0.067383 0.768555 -0.207031 0.099609 0.730469 -0.305664 0.419922 0.679688 0.000000 0.358398 0.706055 -0.105469 0.289062 0.714844 -0.209961 0.211914 0.706055 -0.308594 0.128906 0.679688 -0.399414 0.509766 0.615234 0.000000 0.457031 0.645508 -0.106445 0.394531 0.661133 -0.210938 0.322266 0.661133 -0.309570 0.242188 0.645508 -0.402344 0.157227 0.615234 -0.484375 0.509766 0.615234 0.000000 0.589844 0.539062 0.000000 0.547852 0.571289 -0.106445 0.547852 0.571289 -0.106445 0.493164 0.590820 -0.210938 0.427734 0.597656 -0.310547 0.353516 0.590820 -0.403320 0.270508 0.571289 -0.487305 0.181641 0.539062 -0.560547 0.658203 0.452148 0.000000 0.626953 0.483398 -0.105469 0.582031 0.504883 -0.209961 0.582031 0.504883 -0.209961 0.525391 0.515625 -0.309570 0.457031 0.515625 -0.403320 0.379883 0.504883 -0.488281 0.294922 0.483398 -0.563477 0.203125 0.452148 -0.625977 0.714844 0.357422 0.000000 0.692383 0.383789 -0.104492 0.657227 0.403320 -0.207031 0.609375 0.416016 -0.305664 0.609375 0.416016 -0.305664 0.549805 0.419922 -0.399414 0.479492 0.416016 -0.484375 0.400391 0.403320 -0.560547 0.313477 0.383789 -0.625977 0.220703 0.357422 -0.679688 -0.088867 0.791016 -0.064453 -0.054688 0.778320 -0.169922 -0.175781 0.768555 -0.127930 -0.021484 0.750000 -0.273438 -0.054688 0.778320 -0.169922 -0.142578 0.750000 -0.234375 -0.175781 0.768555 -0.127930 -0.260742 0.730469 -0.189453 0.009766 0.706055 -0.374023 -0.110352 0.714844 -0.339844 -0.227539 0.706055 -0.296875 -0.339844 0.679688 -0.246094 0.039062 0.645508 -0.467773 -0.078125 0.661133 -0.440430 -0.195312 0.661133 -0.402344 -0.307617 0.645508 -0.355469 -0.412109 0.615234 -0.298828 0.067383 0.571289 -0.553711 -0.047852 0.590820 -0.534180 -0.163086 0.597656 -0.502930 -0.274414 0.590820 -0.460938 -0.379883 0.571289 -0.408203 -0.476562 0.539062 -0.346680 0.091797 0.483398 -0.628906 -0.019531 0.504883 -0.618164 -0.132812 0.515625 -0.594727 -0.242188 0.515625 -0.559570 -0.346680 0.504883 -0.512695 -0.444336 0.483398 -0.454102 -0.532227 0.452148 -0.386719 0.114258 0.383789 -0.690430 0.004883 0.403320 -0.689453 -0.102539 0.416016 -0.673828 -0.209961 0.419922 -0.646484 -0.312500 0.416016 -0.605469 -0.409180 0.403320 -0.553711 -0.498047 0.383789 -0.491211 -0.578125 0.357422 -0.419922 -0.088867 0.791016 0.064453 -0.178711 0.778320 0.000000 -0.175781 0.768555 0.127930 -0.267578 0.750000 -0.063477 -0.175781 0.768555 -0.127930 -0.267578 0.750000 -0.063477 -0.178711 0.778320 0.000000 -0.267578 0.750000 0.063477 -0.175781 0.768555 0.127930 -0.260742 0.730469 0.189453 -0.352539 0.706055 -0.125000 -0.352539 0.706055 -0.125000 -0.357422 0.714844 0.000000 -0.352539 0.706055 0.125000 -0.339844 0.679688 0.246094 -0.432617 0.645508 -0.182617 -0.443359 0.661133 -0.060547 -0.443359 0.661133 -0.060547 -0.443359 0.661133 0.060547 -0.432617 0.645508 0.182617 -0.412109 0.615234 0.298828 -0.505859 0.571289 -0.235352 -0.523438 0.590820 -0.118164 -0.523438 0.590820 -0.118164 -0.529297 0.597656 0.000000 -0.523438 0.590820 0.118164 -0.505859 0.571289 0.235352 -0.476562 0.539062 0.346680 -0.569336 0.483398 -0.282227 -0.594727 0.504883 -0.171875 -0.523438 0.590820 -0.118164 -0.594727 0.504883 -0.171875 -0.607422 0.515625 -0.057617 -0.529297 0.597656 0.000000 -0.607422 0.515625 0.057617 -0.523438 0.590820 0.118164 -0.594727 0.504883 0.171875 -0.505859 0.571289 0.235352 -0.569336 0.483398 0.282227 -0.569336 0.483398 0.282227 -0.532227 0.452148 0.386719 -0.622070 0.383789 -0.322266 -0.653320 0.403320 -0.217773 -0.653320 0.403320 -0.217773 -0.672852 0.416016 -0.109375 -0.679688 0.419922 0.000000 -0.672852 0.416016 0.109375 -0.653320 0.403320 0.217773 -0.622070 0.383789 0.322266 -0.622070 0.383789 0.322266 -0.578125 0.357422 0.419922 0.033203 0.791016 0.104492 -0.054688 0.778320 0.169922 0.067383 0.768555 0.207031 -0.142578 0.750000 0.234375 -0.054688 0.778320 0.169922 -0.021484 0.750000 0.273438 0.067383 0.768555 0.207031 0.099609 0.730469 0.305664 -0.227539 0.706055 0.296875 -0.110352 0.714844 0.339844 0.009766 0.706055 0.374023 0.128906 0.679688 0.399414 -0.307617 0.645508 0.355469 -0.195312 0.661133 0.402344 -0.078125 0.661133 0.440430 0.039062 0.645508 0.467773 0.157227 0.615234 0.484375 -0.379883 0.571289 0.408203 -0.274414 0.590820 0.460938 -0.163086 0.597656 0.502930 -0.047852 0.590820 0.534180 0.067383 0.571289 0.553711 0.181641 0.539062 0.560547 -0.444336 0.483398 0.454102 -0.346680 0.504883 0.512695 -0.242188 0.515625 0.559570 -0.132812 0.515625 0.594727 -0.019531 0.504883 0.618164 0.091797 0.483398 0.628906 0.203125 0.452148 0.625977 -0.498047 0.383789 0.491211 -0.409180 0.403320 0.553711 -0.312500 0.416016 0.605469 -0.209961 0.419922 0.646484 -0.102539 0.416016 0.673828 0.004883 0.403320 0.689453 0.114258 0.383789 0.690430 0.220703 0.357422 0.679688 0.144531 0.778320 0.104492 0.178711 0.750000 0.208008 0.144531 0.778320 0.104492 0.253906 0.750000 0.105469 0.211914 0.706055 0.308594 0.289062 0.714844 0.209961 0.358398 0.706055 0.105469 0.242188 0.645508 0.402344 0.322266 0.661133 0.309570 0.394531 0.661133 0.210938 0.457031 0.645508 0.106445 0.270508 0.571289 0.487305 0.353516 0.590820 0.403320 0.427734 0.597656 0.310547 0.493164 0.590820 0.210938 0.547852 0.571289 0.106445 0.547852 0.571289 0.106445 0.294922 0.483398 0.563477 0.379883 0.504883 0.488281 0.457031 0.515625 0.403320 0.525391 0.515625 0.309570 0.582031 0.504883 0.209961 0.582031 0.504883 0.209961 0.626953 0.483398 0.105469 0.313477 0.383789 0.625977 0.400391 0.403320 0.560547 0.479492 0.416016 0.484375 0.549805 0.419922 0.399414 0.609375 0.416016 0.305664 0.609375 0.416016 0.305664 0.657227 0.403320 0.207031 0.692383 0.383789 0.104492 0.747070 0.273438 0.064453 0.747070 0.273438 -0.064453 0.766602 0.185547 0.127930 0.776367 0.187500 0.000000 0.766602 0.185547 -0.127930 0.766602 0.185547 0.127930 0.770508 0.093750 0.189453 0.790039 0.095703 0.063477 0.776367 0.187500 0.000000 0.790039 0.095703 -0.063477 0.766602 0.185547 -0.127930 0.770508 0.093750 -0.189453 0.770508 0.093750 0.189453 0.759766 0.000000 0.246094 0.789062 0.000000 0.125000 0.790039 0.095703 0.063477 0.798828 0.000000 0.000000 0.790039 0.095703 -0.063477 0.789062 0.000000 -0.125000 0.770508 0.093750 -0.189453 0.770508 0.093750 -0.189453 0.789062 0.000000 -0.125000 0.759766 0.000000 -0.246094 0.734375 -0.093750 0.298828 0.771484 -0.097656 0.182617 0.790039 -0.100586 0.060547 0.790039 -0.100586 -0.060547 0.771484 -0.097656 -0.182617 0.771484 -0.097656 -0.182617 0.734375 -0.093750 -0.298828 0.734375 -0.093750 0.298828 0.695312 -0.185547 0.346680 0.737305 -0.196289 0.235352 0.771484 -0.097656 0.182617 0.762695 -0.203125 0.118164 0.790039 -0.100586 0.060547 0.771484 -0.206055 0.000000 0.790039 -0.100586 -0.060547 0.762695 -0.203125 -0.118164 0.771484 -0.097656 -0.182617 0.737305 -0.196289 -0.235352 0.734375 -0.093750 -0.298828 0.695312 -0.185547 -0.346680 0.642578 -0.273438 0.386719 0.687500 -0.292969 0.282227 0.717773 -0.305664 0.171875 0.732422 -0.312500 0.057617 0.732422 -0.312500 -0.057617 0.717773 -0.305664 -0.171875 0.687500 -0.292969 -0.282227 0.642578 -0.273438 -0.386719 0.578125 -0.357422 0.419922 0.622070 -0.383789 0.322266 0.653320 -0.403320 0.217773 0.672852 -0.416016 0.109375 0.679688 -0.419922 0.000000 0.672852 -0.416016 -0.109375 0.653320 -0.403320 -0.217773 0.622070 -0.383789 -0.322266 0.578125 -0.357422 -0.419922 0.291992 0.273438 -0.690430 0.168945 0.273438 -0.730469 0.358398 0.185547 -0.689453 0.239258 0.187500 -0.738281 0.114258 0.185547 -0.768555 0.417969 0.093750 -0.673828 0.304688 0.095703 -0.732422 0.183594 0.095703 -0.771484 0.057617 0.093750 -0.791016 0.417969 0.093750 -0.673828 0.469727 0.000000 -0.646484 0.362305 0.000000 -0.711914 0.304688 0.095703 -0.732422 0.246094 0.000000 -0.759766 0.183594 0.095703 -0.771484 0.125000 0.000000 -0.789062 0.057617 0.093750 -0.791016 0.000000 0.000000 -0.798828 0.511719 -0.093750 -0.605469 0.412109 -0.097656 -0.676758 0.301758 -0.100586 -0.732422 0.185547 -0.100586 -0.770508 0.064453 -0.097656 -0.790039 -0.057617 -0.093750 -0.791016 0.511719 -0.093750 -0.605469 0.543945 -0.185547 -0.553711 0.451172 -0.196289 -0.628906 0.412109 -0.097656 -0.676758 0.348633 -0.203125 -0.688477 0.301758 -0.100586 -0.732422 0.238281 -0.206055 -0.734375 0.185547 -0.100586 -0.770508 0.122070 -0.203125 -0.762695 0.064453 -0.097656 -0.790039 0.003906 -0.196289 -0.774414 -0.057617 -0.093750 -0.791016 -0.114258 -0.185547 -0.768555 0.566406 -0.273438 -0.491211 0.480469 -0.292969 -0.566406 0.384766 -0.305664 -0.628906 0.281250 -0.312500 -0.678711 0.170898 -0.312500 -0.714844 0.057617 -0.305664 -0.735352 -0.055664 -0.292969 -0.741211 -0.168945 -0.273438 -0.730469 0.498047 -0.383789 -0.491211 0.409180 -0.403320 -0.553711 0.312500 -0.416016 -0.605469 0.209961 -0.419922 -0.646484 0.102539 -0.416016 -0.673828 -0.004883 -0.403320 -0.689453 -0.114258 -0.383789 -0.690430 -0.220703 -0.357422 -0.679688 -0.566406 0.273438 -0.491211 -0.642578 0.273438 -0.386719 -0.543945 0.185547 -0.553711 -0.627930 0.187500 -0.456055 -0.695312 0.185547 -0.346680 -0.511719 0.093750 -0.605469 -0.601562 0.095703 -0.515625 -0.676758 0.095703 -0.413086 -0.734375 0.093750 -0.298828 -0.511719 0.093750 -0.605469 -0.469727 0.000000 -0.646484 -0.564453 0.000000 -0.564453 -0.601562 0.095703 -0.515625 -0.646484 0.000000 -0.469727 -0.676758 0.095703 -0.413086 -0.711914 0.000000 -0.362305 -0.734375 0.093750 -0.298828 -0.759766 0.000000 -0.246094 -0.417969 -0.093750 -0.673828 -0.516602 -0.097656 -0.600586 -0.602539 -0.100586 -0.513672 -0.674805 -0.100586 -0.414062 -0.731445 -0.097656 -0.305664 -0.770508 -0.093750 -0.189453 -0.417969 -0.093750 -0.673828 -0.358398 -0.185547 -0.689453 -0.458008 -0.196289 -0.624023 -0.516602 -0.097656 -0.600586 -0.546875 -0.203125 -0.544922 -0.602539 -0.100586 -0.513672 -0.624023 -0.206055 -0.453125 -0.674805 -0.100586 -0.414062 -0.687500 -0.203125 -0.351562 -0.731445 -0.097656 -0.305664 -0.735352 -0.196289 -0.242188 -0.770508 -0.093750 -0.189453 -0.766602 -0.185547 -0.127930 -0.291992 -0.273438 -0.690430 -0.389648 -0.292969 -0.631836 -0.479492 -0.305664 -0.560547 -0.558594 -0.312500 -0.477539 -0.626953 -0.312500 -0.383789 -0.681641 -0.305664 -0.282227 -0.721680 -0.292969 -0.174805 -0.747070 -0.273438 -0.064453 -0.313477 -0.383789 -0.625977 -0.400391 -0.403320 -0.560547 -0.479492 -0.416016 -0.484375 -0.549805 -0.419922 -0.399414 -0.609375 -0.416016 -0.305664 -0.657227 -0.403320 -0.207031 -0.692383 -0.383789 -0.104492 -0.747070 -0.273438 -0.064453 -0.692383 -0.383789 -0.104492 -0.714844 -0.357422 0.000000 -0.642578 0.273438 0.386719 -0.566406 0.273438 0.491211 -0.695312 0.185547 0.346680 -0.627930 0.187500 0.456055 -0.543945 0.185547 0.553711 -0.734375 0.093750 0.298828 -0.676758 0.095703 0.413086 -0.601562 0.095703 0.515625 -0.511719 0.093750 0.605469 -0.734375 0.093750 0.298828 -0.759766 0.000000 0.246094 -0.711914 0.000000 0.362305 -0.676758 0.095703 0.413086 -0.646484 0.000000 0.469727 -0.601562 0.095703 0.515625 -0.564453 0.000000 0.564453 -0.511719 0.093750 0.605469 -0.469727 0.000000 0.646484 -0.770508 -0.093750 0.189453 -0.731445 -0.097656 0.305664 -0.674805 -0.100586 0.414062 -0.602539 -0.100586 0.513672 -0.516602 -0.097656 0.600586 -0.417969 -0.093750 0.673828 -0.770508 -0.093750 0.189453 -0.766602 -0.185547 0.127930 -0.735352 -0.196289 0.242188 -0.731445 -0.097656 0.305664 -0.687500 -0.203125 0.351562 -0.674805 -0.100586 0.414062 -0.624023 -0.206055 0.453125 -0.602539 -0.100586 0.513672 -0.546875 -0.203125 0.544922 -0.516602 -0.097656 0.600586 -0.458008 -0.196289 0.624023 -0.417969 -0.093750 0.673828 -0.358398 -0.185547 0.689453 -0.747070 -0.273438 0.064453 -0.721680 -0.292969 0.174805 -0.681641 -0.305664 0.282227 -0.626953 -0.312500 0.383789 -0.558594 -0.312500 0.477539 -0.479492 -0.305664 0.560547 -0.389648 -0.292969 0.631836 -0.291992 -0.273438 0.690430 -0.692383 -0.383789 0.104492 -0.657227 -0.403320 0.207031 -0.609375 -0.416016 0.305664 -0.549805 -0.419922 0.399414 -0.479492 -0.416016 0.484375 -0.400391 -0.403320 0.560547 -0.313477 -0.383789 0.625977 -0.220703 -0.357422 0.679688 0.168945 0.273438 0.730469 0.291992 0.273438 0.690430 0.114258 0.185547 0.768555 0.239258 0.187500 0.738281 0.358398 0.185547 0.689453 0.057617 0.093750 0.791016 0.183594 0.095703 0.771484 0.304688 0.095703 0.732422 0.417969 0.093750 0.673828 0.057617 0.093750 0.791016 0.000000 0.000000 0.798828 0.125000 0.000000 0.789062 0.183594 0.095703 0.771484 0.246094 0.000000 0.759766 0.304688 0.095703 0.732422 0.362305 0.000000 0.711914 0.417969 0.093750 0.673828 0.469727 0.000000 0.646484 -0.057617 -0.093750 0.791016 0.064453 -0.097656 0.790039 0.185547 -0.100586 0.770508 0.301758 -0.100586 0.732422 0.412109 -0.097656 0.676758 0.511719 -0.093750 0.605469 -0.057617 -0.093750 0.791016 -0.114258 -0.185547 0.768555 0.003906 -0.196289 0.774414 0.064453 -0.097656 0.790039 0.122070 -0.203125 0.762695 0.185547 -0.100586 0.770508 0.238281 -0.206055 0.734375 0.301758 -0.100586 0.732422 0.348633 -0.203125 0.688477 0.412109 -0.097656 0.676758 0.451172 -0.196289 0.628906 0.511719 -0.093750 0.605469 0.543945 -0.185547 0.553711 -0.168945 -0.273438 0.730469 -0.055664 -0.292969 0.741211 0.057617 -0.305664 0.735352 0.170898 -0.312500 0.714844 0.281250 -0.312500 0.678711 0.384766 -0.305664 0.628906 0.480469 -0.292969 0.566406 0.566406 -0.273438 0.491211 -0.114258 -0.383789 0.690430 -0.004883 -0.403320 0.689453 0.102539 -0.416016 0.673828 0.209961 -0.419922 0.646484 0.312500 -0.416016 0.605469 0.409180 -0.403320 0.553711 0.498047 -0.383789 0.491211 0.627930 -0.187500 -0.456055 0.601562 -0.095703 -0.515625 0.676758 -0.095703 -0.413086 0.564453 0.000000 -0.564453 0.601562 -0.095703 -0.515625 0.646484 0.000000 -0.469727 0.676758 -0.095703 -0.413086 0.711914 0.000000 -0.362305 0.516602 0.097656 -0.600586 0.602539 0.100586 -0.513672 0.674805 0.100586 -0.414062 0.731445 0.097656 -0.305664 0.458008 0.196289 -0.624023 0.516602 0.097656 -0.600586 0.546875 0.203125 -0.544922 0.602539 0.100586 -0.513672 0.624023 0.206055 -0.453125 0.674805 0.100586 -0.414062 0.687500 0.203125 -0.351562 0.731445 0.097656 -0.305664 0.735352 0.196289 -0.242188 0.389648 0.292969 -0.631836 0.479492 0.305664 -0.560547 0.558594 0.312500 -0.477539 0.626953 0.312500 -0.383789 0.681641 0.305664 -0.282227 0.735352 0.196289 -0.242188 0.681641 0.305664 -0.282227 0.721680 0.292969 -0.174805 -0.239258 -0.187500 -0.738281 -0.304688 -0.095703 -0.732422 -0.183594 -0.095703 -0.771484 -0.362305 0.000000 -0.711914 -0.304688 -0.095703 -0.732422 -0.246094 0.000000 -0.759766 -0.183594 -0.095703 -0.771484 -0.125000 0.000000 -0.789062 -0.412109 0.097656 -0.676758 -0.301758 0.100586 -0.732422 -0.185547 0.100586 -0.770508 -0.064453 0.097656 -0.790039 -0.451172 0.196289 -0.628906 -0.412109 0.097656 -0.676758 -0.348633 0.203125 -0.688477 -0.301758 0.100586 -0.732422 -0.238281 0.206055 -0.734375 -0.185547 0.100586 -0.770508 -0.122070 0.203125 -0.762695 -0.064453 0.097656 -0.790039 -0.003906 0.196289 -0.774414 -0.480469 0.292969 -0.566406 -0.384766 0.305664 -0.628906 -0.281250 0.312500 -0.678711 -0.170898 0.312500 -0.714844 -0.057617 0.305664 -0.735352 0.055664 0.292969 -0.741211 -0.776367 -0.187500 0.000000 -0.766602 -0.185547 -0.127930 -0.790039 -0.095703 0.063477 -0.790039 -0.095703 -0.063477 -0.790039 -0.095703 -0.063477 -0.789062 0.000000 0.125000 -0.790039 -0.095703 0.063477 -0.798828 0.000000 0.000000 -0.790039 -0.095703 -0.063477 -0.789062 0.000000 -0.125000 -0.770508 -0.093750 -0.189453 -0.789062 0.000000 -0.125000 -0.771484 0.097656 0.182617 -0.790039 0.100586 0.060547 -0.790039 0.100586 -0.060547 -0.771484 0.097656 -0.182617 -0.771484 0.097656 -0.182617 -0.737305 0.196289 0.235352 -0.771484 0.097656 0.182617 -0.762695 0.203125 0.118164 -0.790039 0.100586 0.060547 -0.771484 0.206055 0.000000 -0.790039 0.100586 -0.060547 -0.762695 0.203125 -0.118164 -0.790039 0.100586 -0.060547 -0.762695 0.203125 -0.118164 -0.771484 0.097656 -0.182617 -0.737305 0.196289 -0.235352 -0.687500 0.292969 0.282227 -0.737305 0.196289 0.235352 -0.687500 0.292969 0.282227 -0.717773 0.305664 0.171875 -0.762695 0.203125 0.118164 -0.732422 0.312500 0.057617 -0.771484 0.206055 0.000000 -0.732422 0.312500 -0.057617 -0.762695 0.203125 -0.118164 -0.717773 0.305664 -0.171875 -0.717773 0.305664 -0.171875 -0.687500 0.292969 -0.282227 -0.239258 -0.187500 0.738281 -0.183594 -0.095703 0.771484 -0.304688 -0.095703 0.732422 -0.125000 0.000000 0.789062 -0.183594 -0.095703 0.771484 -0.246094 0.000000 0.759766 -0.304688 -0.095703 0.732422 -0.362305 0.000000 0.711914 -0.064453 0.097656 0.790039 -0.185547 0.100586 0.770508 -0.301758 0.100586 0.732422 -0.412109 0.097656 0.676758 -0.003906 0.196289 0.774414 -0.064453 0.097656 0.790039 -0.122070 0.203125 0.762695 -0.185547 0.100586 0.770508 -0.238281 0.206055 0.734375 -0.301758 0.100586 0.732422 -0.348633 0.203125 0.688477 -0.412109 0.097656 0.676758 -0.451172 0.196289 0.628906 0.055664 0.292969 0.741211 -0.057617 0.305664 0.735352 -0.170898 0.312500 0.714844 -0.281250 0.312500 0.678711 -0.384766 0.305664 0.628906 -0.480469 0.292969 0.566406 0.627930 -0.187500 0.456055 0.676758 -0.095703 0.413086 0.601562 -0.095703 0.515625 0.711914 0.000000 0.362305 0.676758 -0.095703 0.413086 0.646484 0.000000 0.469727 0.601562 -0.095703 0.515625 0.564453 0.000000 0.564453 0.731445 0.097656 0.305664 0.674805 0.100586 0.414062 0.602539 0.100586 0.513672 0.516602 0.097656 0.600586 0.735352 0.196289 0.242188 0.731445 0.097656 0.305664 0.687500 0.203125 0.351562 0.674805 0.100586 0.414062 0.624023 0.206055 0.453125 0.602539 0.100586 0.513672 0.546875 0.203125 0.544922 0.516602 0.097656 0.600586 0.458008 0.196289 0.624023 0.721680 0.292969 0.174805 0.735352 0.196289 0.242188 0.681641 0.305664 0.282227 0.681641 0.305664 0.282227 0.626953 0.312500 0.383789 0.558594 0.312500 0.477539 0.479492 0.305664 0.560547 0.389648 0.292969 0.631836 0.000000 -0.798828 0.000000 -0.033203 -0.791016 -0.104492 0.088867 -0.791016 -0.064453 -0.067383 -0.768555 -0.207031 0.054688 -0.778320 -0.169922 0.175781 -0.768555 -0.127930 -0.099609 -0.730469 -0.305664 0.021484 -0.750000 -0.273438 0.142578 -0.750000 -0.234375 0.260742 -0.730469 -0.189453 -0.128906 -0.679688 -0.399414 -0.009766 -0.706055 -0.374023 0.110352 -0.714844 -0.339844 0.227539 -0.706055 -0.296875 0.339844 -0.679688 -0.246094 -0.157227 -0.615234 -0.484375 -0.039062 -0.645508 -0.467773 0.078125 -0.661133 -0.440430 0.195312 -0.661133 -0.402344 0.307617 -0.645508 -0.355469 0.412109 -0.615234 -0.298828 -0.181641 -0.539062 -0.560547 -0.067383 -0.571289 -0.553711 0.047852 -0.590820 -0.534180 0.163086 -0.597656 -0.502930 0.274414 -0.590820 -0.460938 0.379883 -0.571289 -0.408203 0.476562 -0.539062 -0.346680 -0.203125 -0.452148 -0.625977 -0.091797 -0.483398 -0.628906 0.019531 -0.504883 -0.618164 0.132812 -0.515625 -0.594727 0.242188 -0.515625 -0.559570 0.346680 -0.504883 -0.512695 0.444336 -0.483398 -0.454102 0.532227 -0.452148 -0.386719 0.000000 -0.798828 0.000000 -0.109375 -0.791016 0.000000 -0.033203 -0.791016 -0.104492 -0.217773 -0.768555 0.000000 -0.144531 -0.778320 -0.104492 -0.144531 -0.778320 -0.104492 -0.322266 -0.730469 0.000000 -0.253906 -0.750000 -0.105469 -0.253906 -0.750000 -0.105469 -0.178711 -0.750000 -0.208008 -0.419922 -0.679688 0.000000 -0.358398 -0.706055 -0.105469 -0.358398 -0.706055 -0.105469 -0.289062 -0.714844 -0.209961 -0.211914 -0.706055 -0.308594 -0.509766 -0.615234 0.000000 -0.457031 -0.645508 -0.106445 -0.457031 -0.645508 -0.106445 -0.394531 -0.661133 -0.210938 -0.322266 -0.661133 -0.309570 -0.242188 -0.645508 -0.402344 -0.589844 -0.539062 0.000000 -0.547852 -0.571289 -0.106445 -0.547852 -0.571289 -0.106445 -0.493164 -0.590820 -0.210938 -0.427734 -0.597656 -0.310547 -0.353516 -0.590820 -0.403320 -0.270508 -0.571289 -0.487305 -0.658203 -0.452148 0.000000 -0.626953 -0.483398 -0.105469 -0.626953 -0.483398 -0.105469 -0.582031 -0.504883 -0.209961 -0.525391 -0.515625 -0.309570 -0.457031 -0.515625 -0.403320 -0.379883 -0.504883 -0.488281 -0.294922 -0.483398 -0.563477 0.000000 -0.798828 0.000000 -0.033203 -0.791016 0.104492 -0.067383 -0.768555 0.207031 -0.144531 -0.778320 0.104492 -0.099609 -0.730469 0.305664 -0.178711 -0.750000 0.208008 -0.253906 -0.750000 0.105469 -0.128906 -0.679688 0.399414 -0.211914 -0.706055 0.308594 -0.289062 -0.714844 0.209961 -0.358398 -0.706055 0.105469 -0.157227 -0.615234 0.484375 -0.242188 -0.645508 0.402344 -0.322266 -0.661133 0.309570 -0.394531 -0.661133 0.210938 -0.457031 -0.645508 0.106445 -0.181641 -0.539062 0.560547 -0.270508 -0.571289 0.487305 -0.353516 -0.590820 0.403320 -0.427734 -0.597656 0.310547 -0.493164 -0.590820 0.210938 -0.547852 -0.571289 0.106445 -0.203125 -0.452148 0.625977 -0.294922 -0.483398 0.563477 -0.379883 -0.504883 0.488281 -0.457031 -0.515625 0.403320 -0.525391 -0.515625 0.309570 -0.582031 -0.504883 0.209961 -0.626953 -0.483398 0.105469 0.000000 -0.798828 0.000000 0.088867 -0.791016 0.064453 0.175781 -0.768555 0.127930 0.054688 -0.778320 0.169922 0.260742 -0.730469 0.189453 0.142578 -0.750000 0.234375 0.021484 -0.750000 0.273438 0.339844 -0.679688 0.246094 0.227539 -0.706055 0.296875 0.110352 -0.714844 0.339844 -0.009766 -0.706055 0.374023 0.412109 -0.615234 0.298828 0.307617 -0.645508 0.355469 0.195312 -0.661133 0.402344 0.078125 -0.661133 0.440430 -0.039062 -0.645508 0.467773 0.476562 -0.539062 0.346680 0.379883 -0.571289 0.408203 0.274414 -0.590820 0.460938 0.163086 -0.597656 0.502930 0.047852 -0.590820 0.534180 -0.067383 -0.571289 0.553711 0.532227 -0.452148 0.386719 0.444336 -0.483398 0.454102 0.346680 -0.504883 0.512695 0.242188 -0.515625 0.559570 0.132812 -0.515625 0.594727 0.019531 -0.504883 0.618164 -0.091797 -0.483398 0.628906 0.000000 -0.798828 0.000000 0.178711 -0.778320 0.000000 0.267578 -0.750000 -0.063477 0.267578 -0.750000 0.063477 0.352539 -0.706055 -0.125000 0.357422 -0.714844 0.000000 0.352539 -0.706055 0.125000 0.432617 -0.645508 -0.182617 0.443359 -0.661133 -0.060547 0.443359 -0.661133 0.060547 0.432617 -0.645508 0.182617 0.505859 -0.571289 -0.235352 0.523438 -0.590820 -0.118164 0.529297 -0.597656 0.000000 0.523438 -0.590820 0.118164 0.505859 -0.571289 0.235352 0.569336 -0.483398 -0.282227 0.594727 -0.504883 -0.171875 0.607422 -0.515625 -0.057617 0.607422 -0.515625 0.057617 0.594727 -0.504883 0.171875 0.569336 -0.483398 0.282227 0.118164 0.815625 -0.135742 0.125977 0.815625 -0.130859 0.117188 0.814648 -0.132812 0.116211 0.810742 -0.129883 0.117188 0.814648 -0.132812 0.096680 0.817578 -0.153320 0.100586 0.802930 -0.146484 0.030273 0.814648 -0.214844 0.033203 0.791211 -0.200195 -0.005859 0.811719 -0.226562 -0.005859 0.790234 -0.209961 -0.045898 0.791211 -0.200195 -0.041992 0.814648 -0.214844 -0.108398 0.816602 -0.153320 -0.105469 0.801953 -0.146484 -0.128906 0.813672 -0.132812 -0.127930 0.809766 -0.129883 -0.137695 0.814648 -0.129883 -0.130859 0.814648 -0.134766 -0.137695 0.814648 -0.129883 -0.136719 0.814648 -0.136719 -0.130859 0.814648 -0.134766 -0.119141 0.817578 -0.196289 -0.107422 0.815625 -0.179688 -0.083984 0.813672 -0.210938 -0.088867 0.813672 -0.234375 -0.043945 0.820508 -0.233398 -0.052734 0.814648 -0.256836 -0.005859 0.820508 -0.243164 -0.005859 0.815625 -0.267578 0.041016 0.814648 -0.256836 0.032227 0.820508 -0.233398 0.077148 0.813672 -0.233398 0.072266 0.813672 -0.210938 0.107422 0.817578 -0.195312 0.095703 0.815625 -0.178711 0.118164 0.815625 -0.135742 0.125000 0.816602 -0.136719 0.125977 0.815625 -0.130859 -0.075195 1.017773 -0.080078 -0.029297 1.066602 -0.189453 -0.018555 1.028516 -0.190430 -0.143555 1.022656 -0.121094 -0.132812 1.074414 -0.145508 -0.075195 1.017773 -0.080078 -0.110352 1.089062 -0.171875 -0.059570 1.088086 -0.193359 -0.032227 0.982617 -0.197266 -0.075195 1.017773 -0.080078 -0.091797 0.959180 -0.181641 -0.131836 0.970898 -0.145508 0.017578 1.066602 -0.189453 0.063477 1.017773 -0.080078 0.006836 1.028516 -0.190430 0.047852 1.088086 -0.193359 0.063477 1.017773 -0.080078 0.098633 1.089062 -0.171875 0.121094 1.074414 -0.144531 0.131836 1.022656 -0.121094 0.120117 0.970898 -0.144531 0.063477 1.017773 -0.080078 0.080078 0.960156 -0.180664 0.020508 0.982617 -0.196289 0.135742 0.753125 0.014648 0.143555 0.785352 -0.071289 0.164062 0.823438 -0.003906 0.122070 0.736523 -0.014648 0.075195 0.719922 -0.044922 0.098633 0.750195 -0.089844 0.033203 0.731641 -0.115234 0.030273 0.708203 -0.065430 -0.005859 0.703320 -0.075195 -0.005859 0.725781 -0.134766 -0.044922 0.731641 -0.115234 -0.041992 0.708203 -0.065430 -0.086914 0.719922 -0.044922 -0.110352 0.750195 -0.090820 -0.155273 0.785352 -0.071289 -0.134766 0.736523 -0.014648 -0.175781 0.823438 -0.002930 -0.147461 0.753125 0.014648 -0.067383 0.698438 0.029297 -0.054688 0.689648 0.000000 -0.005859 0.694531 0.071289 0.013672 0.686719 -0.019531 -0.005859 0.686719 -0.033203 -0.025391 0.686719 -0.019531 -0.005859 0.694531 0.071289 0.055664 0.698438 0.029297 0.042969 0.689648 0.000000 0.108398 0.841016 -0.099609 0.109375 0.828320 -0.100586 0.085938 0.839062 -0.148438 0.087891 0.820508 -0.148438 0.089844 1.035352 -0.209961 0.092773 1.030469 -0.208984 0.083984 1.038281 -0.210938 0.089844 1.024609 -0.209961 0.089844 1.024609 -0.209961 0.084961 1.021680 -0.210938 0.079102 1.024609 -0.212891 0.076172 1.029492 -0.212891 0.079102 1.035352 -0.212891 -0.100586 1.035352 -0.209961 -0.095703 1.038281 -0.210938 -0.103516 1.030469 -0.208984 -0.100586 1.024609 -0.209961 -0.089844 1.035352 -0.212891 -0.087891 1.029492 -0.212891 -0.089844 1.024609 -0.212891 -0.095703 1.021680 -0.210938 -0.100586 1.024609 -0.209961 0.049805 1.280469 0.091796 0.055664 1.233594 0.075194 0.048828 1.283398 0.086913 0.054688 1.236523 0.070311 -0.032227 1.312695 0.096679 -0.030273 1.310742 0.102538 0.020508 1.312695 0.096679 0.021484 1.310742 0.102538 -0.059570 1.283398 0.085937 -0.058594 1.280469 0.091796 -0.032227 1.312695 0.096679 -0.030273 1.310742 0.102538 -0.065430 1.236523 0.069335 -0.065430 1.234570 0.075194 -0.059570 1.283398 0.085937 -0.058594 1.280469 0.091796 0.085938 0.839062 -0.148438 0.087891 0.820508 -0.148438 0.045898 0.835156 -0.186523 0.046875 0.812695 -0.185547 -0.099609 0.820508 -0.148438 -0.121094 0.828320 -0.100586 -0.097656 0.839062 -0.148438 -0.120117 0.841016 -0.099609 -0.058594 0.812695 -0.185547 -0.099609 0.820508 -0.148438 -0.057617 0.835156 -0.186523 -0.097656 0.839062 -0.148438 0.049805 1.280469 0.091796 0.048828 1.283398 0.086913 0.021484 1.310742 0.102538 0.020508 1.312695 0.096679 0.139648 0.981641 -0.111328 0.145508 0.904492 -0.109375 0.120117 0.970898 -0.144531 0.108398 0.932812 -0.159180 0.151367 0.871289 -0.087891 0.164062 0.823438 -0.003906 0.145508 0.912305 -0.032227 0.144531 0.932812 -0.045898 0.149414 0.968945 -0.030273 0.138672 1.011914 -0.008789 0.134766 1.021680 -0.106445 0.140625 0.912305 -0.015625 0.157227 0.838086 0.031250 0.136719 0.776562 0.055664 0.135742 0.753125 0.014648 0.060547 0.717969 0.075195 0.055664 0.698438 0.029297 -0.005859 0.694531 0.071289 0.047852 0.747266 0.119141 0.125000 0.800977 0.102539 0.135742 0.862500 0.079102 0.104492 0.928906 0.054688 0.145508 0.954297 -0.000977 0.096680 1.013867 0.076172 0.065430 0.887891 0.138672 0.073242 0.833203 0.159180 0.029297 0.774609 0.154297 -0.041016 0.775586 0.155273 -0.059570 0.748242 0.120117 -0.136719 0.800977 0.102539 -0.084961 0.833203 0.159180 -0.005859 0.798047 0.171875 -0.005859 0.841016 0.172852 -0.005859 0.891797 0.148438 -0.077148 0.887891 0.138672 0.040039 1.016797 0.118164 0.039062 0.942578 0.098633 -0.005859 0.944531 0.106445 -0.005859 1.014844 0.125977 -0.005859 1.157422 0.156250 -0.055664 1.151562 0.144531 -0.051758 1.016797 0.117188 -0.050781 0.942578 0.098633 -0.116211 0.928906 0.054688 -0.147461 0.862500 0.079102 -0.168945 0.838086 0.031250 -0.148438 0.776562 0.055664 -0.072266 0.717969 0.075195 -0.067383 0.698438 0.029297 -0.147461 0.753125 0.014648 -0.175781 0.823438 -0.002930 -0.157227 0.912305 -0.032227 -0.152344 0.912305 -0.015625 -0.157227 0.954297 -0.000977 -0.109375 1.013867 0.076172 -0.100586 1.144727 0.111328 -0.083984 1.197461 0.117188 -0.041992 1.227734 0.120116 -0.005859 1.237500 0.120116 0.030273 1.227734 0.120116 -0.005859 1.285352 0.039061 -0.057617 1.276562 0.039061 -0.130859 1.221875 0.037109 -0.149414 1.146680 0.021484 -0.150391 1.011914 -0.009766 -0.161133 0.968945 -0.031250 -0.151367 0.981641 -0.111328 -0.146484 1.021680 -0.105469 -0.150391 1.011914 -0.009766 -0.154297 1.159375 -0.033203 -0.149414 1.146680 0.021484 -0.138672 1.232617 -0.049805 -0.069336 1.273633 -0.072267 -0.005859 1.284375 -0.078126 0.057617 1.273633 -0.072267 0.057617 1.237500 -0.121094 0.126953 1.232617 -0.048828 0.122070 1.196484 -0.105469 0.106445 1.100781 -0.164062 0.042969 1.105664 -0.198242 -0.005859 1.246289 -0.131836 -0.005859 1.106641 -0.198242 -0.150391 1.082227 -0.129883 -0.133789 1.196484 -0.105469 -0.125000 1.100781 -0.164062 -0.069336 1.237500 -0.121094 -0.054688 1.105664 -0.198242 -0.005859 1.080273 -0.195312 -0.059570 1.088086 -0.193359 -0.029297 1.066602 -0.189453 -0.005859 1.029492 -0.194336 -0.018555 1.028516 -0.190430 -0.005859 1.005078 -0.208008 -0.032227 0.982617 -0.197266 0.020508 0.982617 -0.196289 -0.005859 1.005078 -0.208008 0.006836 1.028516 -0.190430 0.017578 1.066602 -0.189453 0.047852 1.088086 -0.193359 0.042969 1.105664 -0.198242 0.106445 1.100781 -0.164062 0.098633 1.089062 -0.171875 0.137695 1.082227 -0.129883 0.121094 1.074414 -0.144531 0.134766 1.021680 -0.106445 0.131836 1.022656 -0.121094 0.139648 0.981641 -0.111328 0.018555 0.956250 -0.233398 0.020508 0.982617 -0.196289 0.074219 0.947461 -0.195312 0.080078 0.960156 -0.180664 0.108398 0.932812 -0.159180 0.118164 1.221875 0.037109 0.137695 1.082227 -0.129883 0.142578 1.159375 -0.032227 0.138672 1.011914 -0.008789 0.138672 1.146680 0.021484 0.043945 1.151562 0.145508 0.072266 1.197461 0.117188 0.045898 1.276562 0.039061 0.138672 1.146680 0.021484 0.088867 1.144727 0.111328 0.099609 1.046094 -0.204102 0.106445 1.030469 -0.202148 0.089844 1.035352 -0.209961 0.092773 1.030469 -0.208984 0.126953 1.030469 -0.180664 0.120117 1.054883 -0.182617 0.102539 1.072461 -0.186523 0.130859 1.030469 -0.135742 0.123047 0.997266 -0.137695 0.120117 1.006055 -0.181641 0.099609 1.013867 -0.204102 0.089844 1.024609 -0.209961 0.122070 1.063672 -0.137695 0.098633 1.088086 -0.144531 0.079102 1.078320 -0.193359 0.066406 1.096875 -0.153320 0.055664 1.071484 -0.199219 0.034180 1.087109 -0.161133 0.039062 1.053906 -0.204102 0.010742 1.062695 -0.167969 0.032227 1.029492 -0.205078 0.001953 1.029492 -0.169922 0.039062 1.005078 -0.204102 0.010742 0.996289 -0.167969 0.056641 0.987500 -0.199219 0.035156 0.971875 -0.161133 0.080078 0.981641 -0.193359 0.067383 0.963086 -0.152344 0.060547 1.029492 -0.213867 0.067383 1.046094 -0.211914 0.068359 1.013867 -0.211914 0.079102 1.024609 -0.212891 0.076172 1.029492 -0.212891 0.079102 1.035352 -0.212891 0.099609 0.972852 -0.144531 0.103516 0.988477 -0.186523 0.083984 1.006055 -0.208008 0.068359 1.013867 -0.211914 0.123047 0.997266 -0.137695 0.120117 1.006055 -0.181641 0.099609 1.013867 -0.204102 0.089844 1.024609 -0.209961 0.084961 1.021680 -0.210938 0.079102 1.024609 -0.212891 0.033203 0.791211 -0.200195 -0.005859 0.748242 -0.174805 -0.005859 0.790234 -0.209961 -0.045898 0.791211 -0.200195 -0.137695 0.814648 -0.129883 -0.127930 0.809766 -0.129883 -0.151367 0.803906 -0.111328 -0.105469 0.801953 -0.146484 -0.120117 0.775586 -0.127930 -0.155273 0.785352 -0.071289 -0.110352 0.750195 -0.090820 -0.054688 0.753125 -0.155273 -0.044922 0.731641 -0.115234 -0.005859 0.725781 -0.134766 0.100586 0.802930 -0.146484 0.108398 0.775586 -0.127930 0.041992 0.753125 -0.155273 0.033203 0.731641 -0.115234 0.098633 0.750195 -0.089844 0.143555 0.785352 -0.071289 0.139648 0.803906 -0.111328 0.116211 0.810742 -0.129883 0.125977 0.815625 -0.130859 -0.110352 1.046094 -0.204102 -0.100586 1.035352 -0.209961 -0.118164 1.030469 -0.202148 -0.103516 1.030469 -0.208984 -0.114258 1.072461 -0.186523 -0.130859 1.054883 -0.182617 -0.137695 1.030469 -0.180664 -0.109375 1.088086 -0.144531 -0.133789 1.063672 -0.137695 -0.142578 1.030469 -0.135742 -0.133789 0.997266 -0.137695 -0.131836 1.006055 -0.181641 -0.110352 1.013867 -0.204102 -0.100586 1.024609 -0.209961 -0.090820 1.078320 -0.193359 -0.077148 1.096875 -0.153320 -0.067383 1.071484 -0.199219 -0.044922 1.087109 -0.161133 -0.049805 1.053906 -0.204102 -0.021484 1.062695 -0.167969 -0.043945 1.029492 -0.205078 -0.013672 1.029492 -0.169922 -0.049805 1.005078 -0.204102 -0.022461 0.996289 -0.167969 -0.067383 0.987500 -0.199219 -0.045898 0.971875 -0.161133 -0.090820 0.981641 -0.193359 -0.078125 0.963086 -0.152344 -0.114258 0.988477 -0.186523 -0.110352 0.972852 -0.144531 -0.131836 1.006055 -0.181641 -0.133789 0.997266 -0.137695 -0.079102 1.013867 -0.211914 -0.094727 1.006055 -0.208008 -0.089844 1.024609 -0.212891 -0.095703 1.021680 -0.210938 -0.100586 1.024609 -0.209961 -0.110352 1.013867 -0.204102 -0.071289 1.029492 -0.213867 -0.079102 1.046094 -0.211914 -0.079102 1.013867 -0.211914 -0.089844 1.024609 -0.212891 -0.087891 1.029492 -0.212891 -0.089844 1.035352 -0.212891 -0.100586 1.035352 -0.209961 -0.110352 1.046094 -0.204102 -0.095703 1.038281 -0.210938 -0.094727 1.053906 -0.208008 -0.089844 1.035352 -0.212891 -0.079102 1.046094 -0.211914 -0.107422 0.815625 -0.179688 -0.110352 0.831250 -0.130859 -0.130859 0.814648 -0.134766 -0.128906 0.813672 -0.132812 -0.137695 0.814648 -0.129883 -0.043945 0.820508 -0.233398 -0.005859 0.820508 -0.243164 -0.083984 0.813672 -0.210938 -0.005859 0.852734 -0.121094 -0.110352 0.831250 -0.130859 0.095703 0.815625 -0.178711 0.098633 0.831250 -0.132812 0.072266 0.813672 -0.210938 0.032227 0.820508 -0.233398 0.118164 0.815625 -0.135742 0.098633 0.831250 -0.132812 0.117188 0.814648 -0.132812 -0.005859 0.813672 -0.114258 -0.005859 0.763867 -0.127930 -0.110352 0.831250 -0.130859 -0.005859 0.852734 -0.121094 -0.108398 0.816602 -0.153320 -0.005859 0.763867 -0.127930 -0.041992 0.814648 -0.214844 -0.005859 0.811719 -0.226562 0.030273 0.814648 -0.214844 0.096680 0.817578 -0.153320 0.074219 1.007031 -0.079102 0.086914 0.978711 -0.102539 0.107422 1.000195 -0.096680 0.099609 0.972852 -0.144531 0.123047 0.997266 -0.137695 0.067383 0.963086 -0.152344 0.057617 0.970898 -0.110352 0.035156 0.971875 -0.161133 0.029297 0.978711 -0.118164 0.010742 0.996289 -0.167969 0.007812 1.000195 -0.124023 0.001953 1.029492 -0.169922 -0.000000 1.029492 -0.125977 0.010742 1.062695 -0.167969 0.007812 1.059766 -0.124023 0.034180 1.087109 -0.161133 0.028320 1.081250 -0.118164 0.066406 1.096875 -0.153320 0.057617 1.089062 -0.110352 0.098633 1.088086 -0.144531 0.085938 1.081250 -0.102539 0.122070 1.063672 -0.137695 0.107422 1.059766 -0.096680 0.028320 1.052930 -0.091797 0.017578 1.029492 -0.093750 0.048828 1.030469 -0.075195 0.028320 1.006055 -0.090820 0.073242 1.053906 -0.079102 0.050781 1.064648 -0.084961 0.028320 1.052930 -0.091797 0.130859 1.030469 -0.135742 0.115234 1.030469 -0.094727 0.123047 0.997266 -0.137695 0.107422 1.000195 -0.096680 0.083984 1.030469 -0.076172 0.074219 1.007031 -0.079102 0.073242 1.053906 -0.079102 0.028320 1.006055 -0.090820 0.050781 0.995312 -0.084961 0.074219 1.007031 -0.079102 -0.133789 0.997266 -0.137695 -0.110352 0.972852 -0.144531 -0.119141 1.000195 -0.096680 -0.097656 0.978711 -0.102539 -0.084961 1.007031 -0.079102 -0.078125 0.963086 -0.152344 -0.069336 0.970898 -0.110352 -0.045898 0.971875 -0.161133 -0.040039 0.978711 -0.118164 -0.022461 0.996289 -0.167969 -0.019531 1.000195 -0.124023 -0.013672 1.029492 -0.169922 -0.010742 1.029492 -0.125977 -0.021484 1.062695 -0.167969 -0.018555 1.059766 -0.124023 -0.044922 1.087109 -0.161133 -0.040039 1.081250 -0.118164 -0.077148 1.096875 -0.153320 -0.068359 1.089062 -0.110352 -0.109375 1.088086 -0.144531 -0.096680 1.081250 -0.102539 -0.133789 1.063672 -0.137695 -0.118164 1.059766 -0.096680 -0.084961 1.053906 -0.079102 -0.061523 1.064648 -0.084961 -0.039062 1.052930 -0.091797 -0.059570 1.030469 -0.075195 -0.039062 1.052930 -0.091797 -0.028320 1.029492 -0.093750 -0.039062 1.006055 -0.090820 -0.142578 1.030469 -0.135742 -0.125977 1.030469 -0.094727 -0.133789 0.997266 -0.137695 -0.119141 1.000195 -0.096680 -0.095703 1.030469 -0.076172 -0.084961 1.007031 -0.079102 -0.084961 1.053906 -0.079102 -0.039062 1.006055 -0.090820 -0.062500 0.995312 -0.084961 -0.084961 1.007031 -0.079102 -0.030273 0.957227 -0.234375 -0.085938 0.946484 -0.195312 -0.032227 0.982617 -0.197266 -0.091797 0.959180 -0.181641 -0.120117 0.932812 -0.160156 -0.131836 0.970898 -0.145508 -0.054688 1.105664 -0.198242 -0.125000 1.100781 -0.164062 -0.110352 1.089062 -0.171875 -0.150391 1.082227 -0.129883 -0.132812 1.074414 -0.145508 -0.146484 1.021680 -0.105469 -0.143555 1.022656 -0.121094 -0.151367 0.981641 -0.111328 -0.120117 0.932812 -0.160156 -0.157227 0.904492 -0.109375 -0.161133 0.968945 -0.031250 -0.156250 0.931836 -0.045898 -0.163086 0.871289 -0.087891 -0.155273 0.785352 -0.071289 0.149414 0.968945 -0.030273 0.166992 0.959180 0.000977 0.144531 0.932812 -0.045898 0.170898 0.934766 0.008789 0.145508 0.912305 -0.032227 0.158203 0.909375 -0.003906 0.045898 0.835156 -0.186523 0.046875 0.812695 -0.185547 -0.004883 0.833203 -0.202148 -0.005859 0.810742 -0.203125 -0.058594 0.812695 -0.185547 -0.057617 0.835156 -0.186523 -0.161133 0.968945 -0.031250 -0.156250 0.931836 -0.045898 -0.178711 0.958203 0.000977 -0.182617 0.934766 0.008789 -0.157227 0.912305 -0.032227 -0.169922 0.909375 -0.003906 0.083008 1.053906 -0.208008 0.099609 1.046094 -0.204102 0.067383 1.046094 -0.211914 0.079102 1.035352 -0.212891 0.083984 1.038281 -0.210938 0.089844 1.035352 -0.209961 0.145508 0.912305 -0.032227 0.158203 0.909375 -0.003906 0.140625 0.912305 -0.015625 0.170898 0.934766 0.008789 0.145508 0.954297 -0.000977 0.166992 0.959180 0.000977 0.149414 0.968945 -0.030273 -0.161133 0.968945 -0.031250 -0.179688 0.959180 -0.000000 -0.157227 0.954297 -0.000977 -0.182617 0.934766 0.008789 -0.152344 0.912305 -0.015625 -0.169922 0.909375 -0.003906 -0.157227 0.912305 -0.032227 -0.032227 0.982617 -0.197266 -0.034180 0.975781 -0.274414 -0.030273 0.957227 -0.234375 -0.005859 0.953320 -0.280273 -0.005859 0.947461 -0.252930 0.018555 0.956250 -0.233398 0.021484 0.975781 -0.274414 0.020508 0.982617 -0.196289 -0.005859 1.005078 -0.208008 0.020508 0.982617 -0.196289 -0.005859 1.003125 -0.264648 -0.005859 0.980664 -0.287109 -0.032227 0.982617 -0.197266 0.048828 1.283398 0.086913 0.047852 1.278516 0.088866 0.020508 1.312695 0.096679 0.020508 1.307812 0.099608 -0.030273 1.307812 0.099608 -0.032227 1.312695 0.096679 -0.057617 1.278516 0.088866 -0.059570 1.283398 0.085937 -0.065430 1.236523 0.069335 -0.063477 1.233594 0.072265 -0.065430 1.234570 0.075194 -0.058594 1.280469 0.091796 -0.030273 1.310742 0.102538 0.021484 1.310742 0.102538 0.049805 1.280469 0.091796 0.055664 1.233594 0.075194 0.053711 1.233594 0.072265 0.054688 1.236523 0.070311 -0.119141 0.817578 -0.196289 -0.136719 0.814648 -0.136719 -0.153320 0.841016 -0.126953 -0.155273 0.840039 -0.115234 -0.157227 0.904492 -0.109375 -0.163086 0.871289 -0.087891 -0.155273 0.785352 -0.071289 -0.151367 0.803906 -0.111328 -0.137695 0.814648 -0.129883 -0.052734 0.814648 -0.256836 -0.068359 0.854688 -0.266602 -0.088867 0.813672 -0.234375 -0.101562 0.856641 -0.245117 -0.134766 0.854688 -0.193359 -0.120117 0.932812 -0.160156 -0.085938 0.946484 -0.195312 -0.030273 0.957227 -0.234375 -0.005859 0.947461 -0.252930 -0.005859 0.853711 -0.286133 -0.005859 0.815625 -0.267578 0.041016 0.814648 -0.256836 0.145508 0.904492 -0.109375 0.122070 0.854688 -0.193359 0.108398 0.932812 -0.159180 0.089844 0.856641 -0.245117 0.074219 0.947461 -0.195312 0.018555 0.956250 -0.233398 0.056641 0.854688 -0.266602 0.077148 0.813672 -0.233398 0.107422 0.817578 -0.195312 0.143555 0.785352 -0.071289 0.139648 0.803906 -0.111328 0.143555 0.841016 -0.115234 0.125977 0.815625 -0.130859 0.125000 0.816602 -0.136719 0.141602 0.841992 -0.128906 0.151367 0.871289 -0.087891 0.066406 1.258984 -0.003907 0.065430 1.261914 -0.009767 0.055664 1.313672 0.013671 0.054688 1.316602 0.008788 0.011719 1.340039 0.021483 0.009766 1.341992 0.015624 -0.019531 1.340039 0.021483 -0.021484 1.341992 0.015624 -0.064453 1.313672 0.013671 -0.065430 1.316602 0.007811 -0.075195 1.258008 -0.003907 -0.076172 1.261914 -0.009767 -0.065430 1.316602 0.007811 -0.063477 1.311719 0.010741 -0.020508 1.337109 0.018554 0.010742 1.337109 0.018554 0.054688 1.316602 0.008788 0.053711 1.311719 0.010741 0.065430 1.261914 -0.009767 0.063477 1.258984 -0.006837 -0.076172 1.261914 -0.009767 -0.073242 1.258984 -0.006837 -0.075195 1.258008 -0.003907 -0.064453 1.313672 0.013671 -0.019531 1.340039 0.021483 0.011719 1.340039 0.021483 0.055664 1.313672 0.013671 0.066406 1.258984 -0.003907 0.158203 0.968945 -0.089844 0.152344 1.045117 -0.041016 0.152344 1.034375 -0.041992 0.154297 0.967969 -0.022461 0.153320 0.973828 -0.018555 0.146484 1.019727 0.022461 0.146484 1.032422 0.024414 0.121094 0.940625 0.039062 0.121094 0.949414 0.040039 0.098633 1.013867 0.081055 0.096680 1.006055 0.078125 0.076172 0.941602 0.089844 0.074219 0.930859 0.089844 0.038086 0.988477 0.122070 0.038086 0.995312 0.126953 -0.004883 0.927930 0.130859 -0.004883 0.920117 0.129883 -0.004883 0.920117 0.129883 -0.004883 0.927930 0.130859 -0.048828 0.988477 0.122070 -0.049805 0.995312 0.126953 -0.087891 0.931836 0.088867 -0.087891 0.941602 0.089844 -0.107422 1.006055 0.078125 -0.109375 1.013867 0.081055 -0.131836 0.940625 0.040039 -0.132812 0.949414 0.040039 -0.157227 1.019727 0.022461 -0.157227 1.031445 0.024414 -0.164062 0.973828 -0.018555 -0.165039 0.966992 -0.019531 -0.163086 1.034375 -0.041992 -0.163086 1.045117 -0.039062 -0.168945 0.968945 -0.089844 0.872967 0.390204 -0.005859 0.871014 0.391180 -0.010742 0.890545 0.495672 -0.004883 0.889569 0.498602 -0.015625 0.890545 0.495672 -0.004883 0.879803 0.503485 -0.000977 0.879803 0.502508 -0.012695 0.870038 0.490789 -0.092773 0.819256 0.534735 -0.007812 0.792889 0.492743 -0.127930 0.822186 0.455633 -0.150391 0.865155 0.461493 -0.105469 0.881756 0.487860 -0.090820 0.845623 0.371649 -0.087891 0.860272 0.386297 -0.083008 0.849530 0.371649 -0.079102 0.871014 0.391180 -0.010742 0.859295 0.383368 -0.009766 0.831952 0.355047 -0.044922 0.794842 0.349188 -0.007812 0.776288 0.375555 -0.125977 0.802655 0.373602 -0.137695 0.746991 0.564032 0.005859 0.746014 0.511297 -0.096680 0.743084 0.385321 -0.096680 0.742108 0.357977 0.013672 0.742108 0.363837 0.077148 0.796795 0.361884 0.069336 0.794842 0.349188 -0.007812 0.866131 0.384345 0.069336 0.859295 0.383368 -0.009766 0.872967 0.390204 -0.005859 0.877850 0.392158 0.064453 0.878827 0.391181 0.070312 0.888592 0.466376 0.143555 0.878827 0.471259 0.142578 0.884686 0.428290 0.145508 0.855389 0.432197 0.151367 0.816327 0.487861 0.143555 0.807538 0.432197 0.153320 0.745038 0.492744 0.153320 0.743084 0.411689 0.136719 0.800702 0.381415 0.143555 0.796795 0.361884 0.069336 0.860272 0.398017 0.145508 0.866131 0.384345 0.069336 0.879803 0.398017 0.139648 0.893475 0.494697 0.063477 0.893475 0.493720 0.074219 0.877850 0.392158 0.064453 0.878827 0.391181 0.070312 0.816327 0.487861 0.143555 0.881756 0.498603 0.077148 0.823163 0.533759 0.069336 0.881756 0.500556 0.068359 0.879803 0.503485 -0.000977 0.890545 0.495672 -0.004883 0.893475 0.493720 0.074219 0.745038 0.492744 0.153320 0.816327 0.487861 0.143555 0.746014 0.554267 0.068359 0.819256 0.534735 -0.007812 0.888592 0.466376 0.143555 0.893475 0.493720 0.074219 0.878827 0.471259 0.142578 0.888592 0.466376 0.143555 0.913006 0.456611 0.144531 0.893475 0.493720 0.074219 0.911053 0.481025 0.076172 0.878827 0.391181 0.070312 0.903241 0.395087 0.073242 0.879803 0.398017 0.139648 0.903241 0.396064 0.138672 0.884686 0.428290 0.145508 0.930584 0.396064 0.140625 0.938397 0.449775 0.142578 0.938397 0.466376 0.078125 0.926678 0.396064 0.076172 0.961834 0.398017 0.139648 0.970623 0.440986 0.136719 0.973553 0.444892 0.085938 0.964764 0.398017 0.084961 0.981366 0.399969 0.044922 0.985272 0.435125 0.044922 0.948163 0.459540 0.053711 0.948163 0.459539 -0.002930 0.984295 0.435125 -0.000000 0.941327 0.392157 -0.003906 0.980389 0.399969 -0.000977 0.877850 0.392158 0.064453 0.918866 0.393134 0.058594 0.893475 0.494697 0.063477 0.921795 0.475165 0.058594 0.890545 0.495672 -0.004883 0.921795 0.475164 -0.006836 0.872967 0.390204 -0.005859 0.918866 0.393133 -0.003906 0.941327 0.393134 0.053711 0.888592 0.425360 -0.162109 0.871014 0.419500 -0.193359 0.865155 0.429266 -0.193359 0.849530 0.367743 -0.178711 0.858319 0.369696 -0.182617 0.873944 0.367743 -0.137695 0.876873 0.370672 -0.152344 0.822186 0.455633 -0.150391 0.846600 0.440985 -0.166016 0.802655 0.373602 -0.137695 0.828045 0.371649 -0.149414 0.845623 0.371649 -0.087891 0.865155 0.367743 -0.107422 0.865155 0.461493 -0.105469 0.875897 0.449774 -0.119141 0.888592 0.435125 -0.150391 0.972577 0.397039 -0.037109 0.983319 0.440008 -0.037109 0.942303 0.462469 -0.027344 0.942303 0.457586 -0.088867 0.974530 0.438055 -0.087891 0.965741 0.394110 -0.090820 0.938397 0.387274 -0.089844 0.871014 0.391180 -0.010742 0.904217 0.386297 -0.018555 0.889569 0.498602 -0.015625 0.916913 0.480047 -0.020508 0.881756 0.487860 -0.090820 0.913983 0.476141 -0.089844 0.860272 0.386297 -0.083008 0.903241 0.385321 -0.088867 0.935467 0.389227 -0.025391 0.345623 0.634344 0.038085 0.523358 0.634344 0.049804 0.342694 0.594305 -0.082032 0.523358 0.581610 -0.099609 0.338788 0.484930 -0.082031 0.520428 0.438055 -0.098633 0.338788 0.444891 0.041992 0.517499 0.389227 0.053711 0.519452 0.523994 0.156250 0.342694 0.552314 0.125977 0.549725 0.517158 0.160156 0.551678 0.630438 0.051757 0.550702 0.576727 -0.102539 0.546795 0.429266 -0.102539 0.546795 0.382391 0.055664 0.577069 0.376532 0.054688 0.574139 0.420477 -0.102539 0.577069 0.568914 -0.102539 0.581952 0.622625 0.050780 0.579999 0.507392 0.159180 0.742108 0.363837 0.077148 0.742108 0.357977 0.013672 0.743084 0.385321 -0.096680 0.746014 0.511297 -0.096680 0.746991 0.564032 0.005859 0.746014 0.554267 0.068359 0.745038 0.492744 0.153320 0.743084 0.411689 0.136719 -0.959345 0.387275 -0.006836 -0.976923 0.493720 -0.005859 -0.957392 0.388251 -0.012695 -0.975947 0.495673 -0.017578 -0.976923 0.493720 -0.005859 -0.966181 0.500556 -0.002930 -0.965205 0.499579 -0.014648 -0.955439 0.487860 -0.094727 -0.968134 0.484930 -0.092773 -0.973994 0.464423 0.141602 -0.964228 0.468329 0.140625 -0.978877 0.490790 0.072266 -0.968134 0.496650 0.076172 -0.902705 0.484931 0.141602 -0.909541 0.530829 0.067383 -0.967158 0.498603 0.066406 -0.979853 0.491767 0.061523 -0.905634 0.531806 -0.009766 -0.879267 0.489813 -0.128906 -0.908564 0.452704 -0.152344 -0.951533 0.458563 -0.107422 -0.932002 0.368719 -0.089844 -0.830439 0.489814 0.151367 -0.832392 0.552314 0.066406 -0.833369 0.561103 0.003906 -0.831416 0.508368 -0.098633 -0.862666 0.372625 -0.127930 -0.829463 0.382391 -0.098633 -0.881220 0.347236 -0.009766 -0.828486 0.355048 0.012695 -0.882197 0.358955 0.067383 -0.828486 0.360908 0.075195 -0.886103 0.378486 0.141602 -0.829463 0.408759 0.134766 -0.893916 0.430244 0.151367 -0.830439 0.489814 0.151367 -0.902705 0.484931 0.141602 -0.941767 0.430244 0.149414 -0.945673 0.381415 -0.011719 -0.951533 0.382392 0.067383 -0.946650 0.395087 0.143555 -0.970087 0.425361 0.144531 -0.966181 0.396064 0.137695 -0.964228 0.389228 0.069336 -0.964228 0.389228 0.062500 -0.959345 0.387275 -0.006836 -0.957392 0.388251 -0.012695 -0.935908 0.368719 -0.081055 -0.946650 0.383368 -0.083984 -0.964228 0.468329 0.140625 -0.973994 0.464423 0.141602 -0.889033 0.370672 -0.139648 -0.918330 0.352118 -0.046875 -0.964228 0.389228 0.062500 -0.978877 0.490790 0.072266 -0.964228 0.389228 0.069336 -0.973994 0.464423 0.141602 -0.999384 0.453681 0.142578 -0.970087 0.425361 0.144531 -0.989619 0.393134 0.137695 -0.966181 0.396064 0.137695 -0.989619 0.392158 0.071289 -0.964228 0.389228 0.069336 -0.997431 0.478095 0.075195 -0.978877 0.490790 0.072266 -1.013056 0.393134 0.074219 -1.024775 0.463447 0.077148 -1.024775 0.446845 0.140625 -1.016963 0.394111 0.138672 -1.048213 0.396064 0.138672 -1.057002 0.439033 0.135742 -1.059931 0.441962 0.083984 -1.050166 0.396064 0.083008 -1.067744 0.397040 0.042969 -1.034541 0.456611 0.051758 -1.071650 0.433173 0.042969 -1.034541 0.456611 -0.004883 -1.070673 0.433173 -0.001953 -1.027705 0.390205 -0.004883 -1.066767 0.397040 -0.001953 -0.964228 0.389228 0.062500 -0.979853 0.491767 0.061523 -1.005244 0.391181 0.056641 -1.007197 0.472236 0.056641 -0.976923 0.493720 -0.005859 -1.007197 0.472236 -0.007812 -0.959345 0.387275 -0.006836 -1.005244 0.390205 -0.005859 -1.027705 0.390205 0.051758 -0.974970 0.423407 -0.164062 -0.963252 0.368719 -0.154297 -0.960322 0.365789 -0.139648 -0.944697 0.366766 -0.184570 -0.956416 0.416571 -0.195312 -0.951533 0.427313 -0.194336 -0.935908 0.364813 -0.180664 -0.908564 0.452704 -0.152344 -0.962275 0.446844 -0.121094 -0.951533 0.458563 -0.107422 -0.950556 0.365789 -0.109375 -0.932002 0.368719 -0.089844 -0.914423 0.368719 -0.150391 -0.889033 0.370672 -0.139648 -0.932978 0.439032 -0.166992 -0.974970 0.432196 -0.152344 -1.027705 0.459539 -0.029297 -1.057978 0.394110 -0.038086 -1.021845 0.387274 -0.027344 -1.024775 0.385321 -0.091797 -1.051142 0.392157 -0.092773 -1.028681 0.454657 -0.090820 -1.060908 0.435125 -0.089844 -1.069697 0.437078 -0.039062 -0.975947 0.495673 -0.017578 -0.990595 0.383369 -0.019531 -0.957392 0.388251 -0.012695 -0.989619 0.382391 -0.089844 -0.946650 0.383368 -0.083984 -0.999384 0.473211 -0.091797 -0.968134 0.484930 -0.092773 -1.003291 0.477119 -0.022461 -0.431025 0.631415 0.036133 -0.608759 0.632392 0.047852 -0.429072 0.549384 0.125000 -0.605830 0.522040 0.154297 -0.425166 0.441962 0.040039 -0.603877 0.387275 0.051758 -0.606806 0.435125 -0.100586 -0.425166 0.482000 -0.083984 -0.609736 0.578680 -0.100586 -0.429072 0.591375 -0.083984 -0.635127 0.514228 0.158203 -0.633173 0.380439 0.053711 -0.633173 0.426336 -0.104492 -0.637080 0.573797 -0.104492 -0.638056 0.627509 0.049805 -0.662470 0.373603 0.052734 -0.660517 0.417547 -0.104492 -0.663447 0.565985 -0.104492 -0.668330 0.619697 0.049805 -0.666377 0.504462 0.157227 -0.829463 0.382391 -0.098633 -0.828486 0.355048 0.012695 -0.828486 0.360908 0.075195 -0.829463 0.408759 0.134766 -0.830439 0.489814 0.151367 -0.832392 0.552314 0.066406 -0.833369 0.561103 0.003906 -0.831416 0.508368 -0.098633 -0.351816 -0.657694 -0.202872 -0.339121 -0.764140 -0.147208 -0.380137 -0.761211 -0.338614 -0.351816 -0.657694 -0.202872 -0.339121 -0.644022 -0.146232 -0.434824 -0.612772 -0.162833 -0.428965 -0.595194 -0.125724 -0.380137 -0.761211 -0.338614 -0.485606 -0.752422 -0.384513 -0.506113 -0.504374 -0.079825 -0.419199 -0.511210 -0.109122 -0.428965 -0.595194 -0.125724 -0.334238 -0.618632 -0.101310 -0.339121 -0.644022 -0.146232 -0.330332 -0.740702 -0.070060 -0.318613 -0.633280 0.027597 -0.330332 -0.519999 -0.066153 -0.325449 -0.519999 0.015878 -0.419199 -0.511210 -0.109122 -0.330332 -0.519999 -0.066153 -0.336191 -0.766093 -0.068107 -0.330332 -0.740702 -0.070060 -0.339121 -0.766093 0.033456 -0.318613 -0.633280 0.027597 -0.436777 -0.622538 0.087167 -0.325449 -0.519999 0.015878 -0.429941 -0.511210 0.077401 -0.559824 -0.614726 0.031503 -0.454356 -0.755351 0.099862 -0.436777 -0.622538 0.087167 -0.516856 -0.503397 0.024667 -0.548106 -0.597147 -0.096427 -0.556895 -0.623515 -0.139396 -0.594980 -0.718241 -0.049552 -0.559824 -0.614726 0.031503 -0.567637 -0.748515 0.036386 -0.592051 -0.743632 -0.048575 -0.429941 -0.511210 0.077401 -0.610606 -0.740702 -0.156974 -0.594980 -0.718241 -0.049552 -0.556895 -0.623515 -0.139396 -0.555918 -0.645976 -0.199943 -0.610606 -0.740702 -0.156974 -0.573496 -0.745586 -0.335685 -0.448496 -0.632304 -0.222403 -0.555918 -0.645976 -0.199943 -0.434824 -0.612772 -0.162833 -0.506113 -0.504374 -0.079825 -0.548106 -0.597147 -0.096427 -0.485606 -0.752422 -0.384513 -0.573496 -0.745586 -0.335685 -0.448496 -0.632304 -0.222403 -0.516856 -0.503397 0.024667 -0.573496 -0.745586 -0.335685 -0.485606 -0.752422 -0.384513 -0.610606 -0.740702 -0.156974 -0.454356 -0.755351 0.099862 -0.567637 -0.748515 0.036386 -0.339121 -0.766093 0.033456 -0.336191 -0.766093 -0.068107 -0.592051 -0.743632 -0.048575 -0.567637 -0.748515 0.036386 -0.516856 -0.503397 0.024667 -0.429941 -0.511210 0.077401 -0.506113 -0.504374 -0.079825 -0.419199 -0.511210 -0.109122 -0.325449 -0.519999 0.015878 -0.419199 -0.511210 -0.109122 -0.330332 -0.519999 -0.066153 -0.592051 -0.743632 -0.048575 -0.594980 -0.718241 -0.049552 -0.336191 -0.766093 -0.068107 -0.330332 -0.740702 -0.070060 -0.485606 -0.752422 -0.384513 -0.380137 -0.761211 -0.338614 -0.610606 -0.740702 -0.156974 -0.339121 -0.764140 -0.147208 -0.330332 -0.740702 -0.070060 -0.594980 -0.718241 -0.049552 0.337069 -0.766093 -0.068107 0.595858 -0.718241 -0.049552 0.592929 -0.743632 -0.048575 0.595858 -0.718241 -0.049552 0.331210 -0.740702 -0.070060 0.331210 -0.740702 -0.070060 0.611484 -0.740702 -0.156974 0.595858 -0.718241 -0.049552 0.611484 -0.740702 -0.156974 0.339999 -0.764141 -0.147208 0.574374 -0.745586 -0.335685 0.486484 -0.752422 -0.384513 0.339999 -0.764141 -0.147208 0.381015 -0.761211 -0.338614 0.486484 -0.752422 -0.384513 0.352694 -0.657695 -0.202873 0.381015 -0.761211 -0.338614 0.339999 -0.764141 -0.147208 0.339999 -0.644023 -0.146233 0.352694 -0.657695 -0.202873 0.435702 -0.612773 -0.162834 0.339999 -0.644023 -0.146233 0.352694 -0.657695 -0.202873 0.449374 -0.632305 -0.222404 0.486484 -0.752422 -0.384513 0.429843 -0.595194 -0.125725 0.435702 -0.612773 -0.162834 0.339999 -0.644023 -0.146233 0.335116 -0.618633 -0.101311 0.339999 -0.764141 -0.147208 0.331210 -0.740702 -0.070060 0.319491 -0.633280 0.027596 0.335116 -0.618633 -0.101311 0.339999 -0.766093 0.033456 0.437655 -0.622538 0.087166 0.437655 -0.622538 0.087166 0.455234 -0.755351 0.099862 0.455234 -0.755351 0.099862 0.560702 -0.614726 0.031502 0.595858 -0.718241 -0.049552 0.557773 -0.623515 -0.139397 0.611484 -0.740702 -0.156974 0.595858 -0.718241 -0.049552 0.568515 -0.748515 0.036386 0.560702 -0.614726 0.031502 0.568515 -0.748515 0.036386 0.592929 -0.743632 -0.048575 0.595858 -0.718241 -0.049552 0.557773 -0.623515 -0.139397 0.548984 -0.597147 -0.096428 0.611484 -0.740702 -0.156974 0.556796 -0.645977 -0.199944 0.574374 -0.745586 -0.335685 0.449374 -0.632305 -0.222404 0.556796 -0.645977 -0.199944 0.556796 -0.645977 -0.199944 0.435702 -0.612773 -0.162834 0.548984 -0.597147 -0.096428 0.429843 -0.595194 -0.125725 0.506991 -0.504374 -0.079826 0.517734 -0.503397 0.024666 0.506991 -0.504374 -0.079826 0.449374 -0.632305 -0.222404 0.486484 -0.752422 -0.384513 0.486484 -0.752422 -0.384513 0.429843 -0.595194 -0.125725 0.420077 -0.511210 -0.109123 0.420077 -0.511210 -0.109123 0.335116 -0.618633 -0.101311 0.331210 -0.519999 -0.066154 0.319491 -0.633280 0.027596 0.331210 -0.519999 -0.066154 0.331210 -0.519999 -0.066154 0.326327 -0.519999 0.015877 0.319491 -0.633280 0.027596 0.326327 -0.519999 0.015877 0.430818 -0.511210 0.077400 0.437655 -0.622538 0.087166 0.430818 -0.511210 0.077400 0.517734 -0.503397 0.024666 0.548984 -0.597147 -0.096428 0.560702 -0.614726 0.031502 0.592929 -0.743632 -0.048575 0.339999 -0.766093 0.033456 0.337069 -0.766093 -0.068107 0.568515 -0.748515 0.036386 0.339999 -0.766093 0.033456 0.455234 -0.755351 0.099862 0.568515 -0.748515 0.036386 0.337069 -0.766093 -0.068107 0.339999 -0.766093 0.033456 0.331210 -0.740702 -0.070060 0.331210 -0.740702 -0.070060 0.517734 -0.503397 0.024666 0.506991 -0.504374 -0.079826 0.430818 -0.511210 0.077400 0.420077 -0.511210 -0.109123 0.430818 -0.511210 0.077400 0.326327 -0.519999 0.015877 0.331210 -0.519999 -0.066154</float_array>
    <technique_common><accessor source="#geom-pos-a" count="1952" stride="3"><param name="X" type="float"/><param name="Y" type="float"/><param name="Z" type="float"/></accessor></technique_common></source>
   <source id="geom-nrm"><float_array id="geom-nrm-a" count="5856">0.000000 1.000000 0.000000 0.129465 0.991584 0.000000 0.040313 0.991546 -0.123336 0.265805 0.964027 0.000000 0.180877 0.974653 -0.131664 0.083121 0.963691 -0.253752 0.265805 0.964027 0.000000 0.397443 0.917627 0.000000 0.317459 0.939067 -0.131807 0.180877 0.974653 -0.131664 0.222514 0.939321 -0.261083 0.083121 0.963691 -0.253752 0.122561 0.918094 -0.376938 0.523405 0.852084 0.000000 0.452764 0.881395 -0.134710 0.365271 0.892430 -0.264851 0.266998 0.882072 -0.388150 0.160823 0.852069 -0.498111 0.635910 0.771763 0.000000 0.574321 0.806662 -0.139471 0.499169 0.824210 -0.267409 0.409549 0.823559 -0.392454 0.310496 0.805359 -0.504964 0.196805 0.770348 -0.606492 0.635910 0.771763 0.000000 0.740884 0.671633 0.000000 0.684645 0.715436 -0.139329 0.684645 0.715436 -0.139329 0.617160 0.740291 -0.266612 0.536662 0.748024 -0.390453 0.444359 0.740138 -0.504718 0.342962 0.715343 -0.608820 0.228380 0.673018 -0.703484 0.828081 0.560609 0.000000 0.786544 0.602283 -0.136393 0.729214 0.631033 -0.264659 0.729214 0.631033 -0.264659 0.656638 0.646455 -0.388488 0.572268 0.646298 -0.504785 0.477553 0.631694 -0.610660 0.372027 0.603816 -0.704984 0.254237 0.561094 -0.787742 0.895570 0.444920 0.000000 0.868668 0.478515 -0.128218 0.824809 0.504341 -0.255599 0.764448 0.520642 -0.380198 0.764448 0.520642 -0.380198 0.687463 0.526496 -0.500197 0.597929 0.520835 -0.609272 0.499246 0.503607 -0.705077 0.390771 0.477429 -0.786994 0.276071 0.444926 -0.851954 -0.105224 0.991507 -0.076434 -0.069531 0.974425 -0.213686 -0.215020 0.963888 -0.157119 -0.026398 0.939181 -0.342407 -0.069531 0.974425 -0.213686 -0.178705 0.939359 -0.292693 -0.215020 0.963888 -0.157119 -0.320477 0.917976 -0.233699 0.012437 0.882299 -0.470525 -0.139077 0.892835 -0.428373 -0.286292 0.882196 -0.373855 -0.424229 0.851702 -0.307627 0.045956 0.805708 -0.590527 -0.100747 0.823727 -0.557965 -0.245479 0.823968 -0.510702 -0.384761 0.805837 -0.450095 -0.515956 0.770383 -0.374565 0.080441 0.715053 -0.694427 -0.063199 0.739138 -0.670582 -0.204242 0.747716 -0.631827 -0.342256 0.739649 -0.579466 -0.474445 0.714240 -0.514551 -0.598568 0.672151 -0.435808 0.114162 0.603042 -0.789498 -0.028277 0.632082 -0.774386 -0.164803 0.646327 -0.745051 -0.302457 0.645981 -0.700877 -0.435122 0.630078 -0.643173 -0.556891 0.601543 -0.572729 -0.668175 0.561628 -0.487971 0.148463 0.479821 -0.864714 0.010884 0.505878 -0.862536 -0.126393 0.521662 -0.843738 -0.262997 0.526159 -0.808696 -0.396160 0.519050 -0.757393 -0.516961 0.504106 -0.691830 -0.626493 0.480051 -0.614050 -0.721914 0.446168 -0.528936 -0.105224 0.991507 0.076434 -0.223759 0.974645 0.000000 -0.215020 0.963888 0.157119 -0.333629 0.939244 -0.080696 -0.215020 0.963888 -0.157119 -0.333629 0.939244 -0.080696 -0.223759 0.974645 0.000000 -0.333629 0.939244 0.080696 -0.215020 0.963888 0.157119 -0.320477 0.917976 0.233699 -0.445236 0.881503 -0.157220 -0.445236 0.881503 -0.157220 -0.451238 0.892403 0.000000 -0.445236 0.881503 0.157220 -0.424229 0.851702 0.307627 -0.546944 0.806064 -0.226082 -0.560627 0.824414 -0.077704 -0.560627 0.824414 -0.077704 -0.560627 0.824414 0.077704 -0.546944 0.806064 0.226082 -0.515956 0.770383 0.374565 -0.635128 0.715042 -0.292107 -0.655652 0.740411 -0.148028 -0.655652 0.740411 -0.148028 -0.663504 0.748172 0.000000 -0.655652 0.740411 0.148028 -0.635128 0.715042 0.292107 -0.598568 0.672151 0.435808 -0.715663 0.602925 -0.352573 -0.746099 0.629947 -0.215645 -0.655652 0.740411 -0.148028 -0.746099 0.629947 -0.215645 -0.760486 0.645289 -0.072549 -0.663504 0.748172 0.000000 -0.760486 0.645289 0.072549 -0.655652 0.740411 0.148028 -0.746099 0.629947 0.215645 -0.635128 0.715042 0.292107 -0.715663 0.602925 0.352573 -0.715663 0.602925 0.352573 -0.668175 0.561628 0.487971 -0.776745 0.480961 -0.406624 -0.817206 0.505808 -0.276282 -0.817206 0.505808 -0.276282 -0.842681 0.519483 -0.141513 -0.851658 0.524097 0.000000 -0.842681 0.519483 0.141513 -0.817206 0.505808 0.276282 -0.776745 0.480961 0.406624 -0.776745 0.480961 0.406624 -0.721914 0.446168 0.528936 0.040313 0.991546 0.123336 -0.069531 0.974425 0.213686 0.083121 0.963691 0.253752 -0.178705 0.939359 0.292693 -0.069531 0.974425 0.213686 -0.026398 0.939181 0.342407 0.083121 0.963691 0.253752 0.122561 0.918094 0.376938 -0.286292 0.882196 0.373855 -0.139077 0.892835 0.428373 0.012437 0.882299 0.470525 0.160823 0.852069 0.498111 -0.384761 0.805837 0.450095 -0.245479 0.823968 0.510702 -0.100747 0.823727 0.557965 0.045956 0.805708 0.590527 0.196805 0.770348 0.606492 -0.474445 0.714240 0.514551 -0.342256 0.739649 0.579466 -0.204242 0.747716 0.631827 -0.063199 0.739138 0.670582 0.080441 0.715053 0.694427 0.228380 0.673018 0.703484 -0.556891 0.601543 0.572729 -0.435122 0.630078 0.643173 -0.302457 0.645981 0.700877 -0.164803 0.646327 0.745051 -0.028277 0.632082 0.774386 0.114162 0.603042 0.789498 0.254237 0.561094 0.787742 -0.626493 0.480051 0.614050 -0.516961 0.504106 0.691830 -0.396160 0.519050 0.757393 -0.262997 0.526159 0.808696 -0.126393 0.521662 0.843738 0.010884 0.505878 0.862536 0.148463 0.479821 0.864714 0.276071 0.444926 0.851954 0.180877 0.974653 0.131664 0.222514 0.939321 0.261083 0.180877 0.974653 0.131664 0.317459 0.939067 0.131807 0.266998 0.882072 0.388150 0.365271 0.892430 0.264851 0.452764 0.881395 0.134710 0.310496 0.805359 0.504964 0.409549 0.823559 0.392454 0.499169 0.824210 0.267409 0.574321 0.806662 0.139471 0.342962 0.715343 0.608820 0.444359 0.740138 0.504718 0.536662 0.748024 0.390453 0.617160 0.740291 0.266612 0.684645 0.715436 0.139329 0.684645 0.715436 0.139329 0.372027 0.603816 0.704984 0.477553 0.631694 0.610660 0.572268 0.646298 0.504785 0.656638 0.646455 0.388488 0.729214 0.631033 0.264659 0.729214 0.631033 0.264659 0.786544 0.602283 0.136393 0.390771 0.477429 0.786994 0.499246 0.503607 0.705077 0.597929 0.520835 0.609272 0.687463 0.526496 0.500197 0.764448 0.520642 0.380198 0.764448 0.520642 0.380198 0.824809 0.504341 0.255599 0.868668 0.478515 0.128218 0.933635 0.349577 0.078241 0.933635 0.349577 -0.078241 0.958148 0.239178 0.157312 0.972009 0.234943 0.000000 0.958148 0.239178 -0.157312 0.958148 0.239178 0.157312 0.964419 0.119164 0.235998 0.989940 0.118506 0.077297 0.972009 0.234943 0.000000 0.989940 0.118506 -0.077297 0.958148 0.239178 -0.157312 0.964419 0.119164 -0.235998 0.964419 0.119164 0.235998 0.950758 -0.001381 0.309931 0.987914 -0.001497 0.154993 0.989940 0.118506 0.077297 1.000000 -0.000078 0.000000 0.989940 0.118506 -0.077297 0.987914 -0.001497 -0.154993 0.964419 0.119164 -0.235998 0.964419 0.119164 -0.235998 0.987914 -0.001497 -0.154993 0.950758 -0.001381 -0.309931 0.919133 -0.120061 0.375207 0.965266 -0.128109 0.227706 0.988383 -0.131040 0.076989 0.988383 -0.131040 -0.076989 0.965266 -0.128109 -0.227706 0.965266 -0.128109 -0.227706 0.919133 -0.120061 -0.375207 0.919133 -0.120061 0.375207 0.868776 -0.236654 0.434998 0.923804 -0.247843 0.291821 0.965266 -0.128109 0.227706 0.954799 -0.257896 0.147810 0.988383 -0.131040 0.076989 0.964979 -0.262327 0.000000 0.988383 -0.131040 -0.076989 0.954799 -0.257896 -0.147810 0.965266 -0.128109 -0.227706 0.923804 -0.247843 -0.291821 0.919133 -0.120061 -0.375207 0.868776 -0.236654 -0.434998 0.800572 -0.348081 0.487775 0.859718 -0.369946 0.352173 0.898078 -0.384846 0.212953 0.917319 -0.391637 0.071738 0.917319 -0.391637 -0.071738 0.898078 -0.384846 -0.212953 0.859718 -0.369946 -0.352173 0.800572 -0.348081 -0.487775 0.721914 -0.446168 0.528936 0.776745 -0.480961 0.406624 0.817206 -0.505808 0.276282 0.842681 -0.519483 0.141513 0.851658 -0.524097 0.000000 0.842681 -0.519483 -0.141513 0.817206 -0.505808 -0.276282 0.776745 -0.480961 -0.406624 0.721914 -0.446168 -0.528936 0.362954 0.349376 -0.863829 0.215897 0.349660 -0.911661 0.446690 0.240787 -0.861679 0.299313 0.238684 -0.923819 0.146876 0.238004 -0.960094 0.524536 0.120776 -0.842778 0.381142 0.118887 -0.916840 0.229754 0.119439 -0.965892 0.072769 0.119438 -0.990171 0.524536 0.120776 -0.842778 0.589262 -0.000067 -0.807942 0.452809 -0.003609 -0.891600 0.381142 0.118887 -0.916840 0.309191 -0.003220 -0.950994 0.229754 0.119439 -0.965892 0.156680 -0.001525 -0.987648 0.072769 0.119438 -0.990171 0.000000 0.000000 -1.000000 0.642952 -0.121977 -0.756131 0.514130 -0.128684 -0.848004 0.380587 -0.129284 -0.915663 0.232521 -0.128096 -0.964119 0.081311 -0.125605 -0.988743 -0.072769 -0.119438 -0.990171 0.642952 -0.121977 -0.756131 0.682534 -0.236848 -0.691412 0.563850 -0.249239 -0.787371 0.514130 -0.128684 -0.848004 0.437856 -0.258062 -0.861212 0.380587 -0.129284 -0.915663 0.300468 -0.261577 -0.917222 0.232521 -0.128096 -0.964119 0.152187 -0.258390 -0.953978 0.081311 -0.125605 -0.988743 0.007274 -0.248629 -0.968571 -0.072769 -0.119438 -0.990171 -0.146876 -0.238004 -0.960094 0.708677 -0.348726 -0.613325 0.601149 -0.370788 -0.707909 0.480648 -0.385848 -0.787463 0.355204 -0.393053 -0.848139 0.213088 -0.393997 -0.894069 0.075091 -0.385503 -0.919646 -0.071583 -0.370975 -0.925880 -0.215897 -0.349660 -0.911661 0.626493 -0.480051 -0.614050 0.516961 -0.504106 -0.691830 0.396160 -0.519050 -0.757393 0.262997 -0.526159 -0.808696 0.126393 -0.521662 -0.843738 -0.010884 -0.505878 -0.862536 -0.148463 -0.479821 -0.864714 -0.276071 -0.444926 -0.851954 -0.708677 0.348726 -0.613325 -0.800572 0.348081 -0.487775 -0.682534 0.236848 -0.691412 -0.784655 0.234933 -0.573693 -0.868776 0.236654 -0.434998 -0.642952 0.121977 -0.756131 -0.752199 0.121054 -0.647721 -0.846960 0.120386 -0.517848 -0.919133 0.120061 -0.375207 -0.642952 0.121977 -0.756131 -0.589262 0.000067 -0.807942 -0.707795 -0.001799 -0.706416 -0.752199 0.121054 -0.647721 -0.807899 -0.003534 -0.589311 -0.846960 0.120386 -0.517848 -0.891229 -0.002187 -0.453549 -0.919133 0.120061 -0.375207 -0.950758 0.001381 -0.309931 -0.524536 -0.120776 -0.842778 -0.648937 -0.126570 -0.750240 -0.754480 -0.130688 -0.643180 -0.843787 -0.131489 -0.520322 -0.914162 -0.125989 -0.385271 -0.964419 -0.119164 -0.235998 -0.524536 -0.120776 -0.842778 -0.446690 -0.240787 -0.861679 -0.574818 -0.249309 -0.779377 -0.648937 -0.126570 -0.750240 -0.686050 -0.255901 -0.681065 -0.754480 -0.130688 -0.643180 -0.781310 -0.258181 -0.568241 -0.843787 -0.131489 -0.520322 -0.859406 -0.256388 -0.442364 -0.914162 -0.125989 -0.385271 -0.918498 -0.251023 -0.305529 -0.964419 -0.119164 -0.235998 -0.958148 -0.239178 -0.157312 -0.362954 -0.349376 -0.863829 -0.487347 -0.370897 -0.790524 -0.598900 -0.385402 -0.701986 -0.698953 -0.391795 -0.598298 -0.784530 -0.391956 -0.480502 -0.852933 -0.385168 -0.352350 -0.902485 -0.370872 -0.219033 -0.933635 -0.349577 -0.078241 -0.390771 -0.477429 -0.786994 -0.499246 -0.503607 -0.705077 -0.597929 -0.520835 -0.609272 -0.687463 -0.526496 -0.500197 -0.764448 -0.520642 -0.380198 -0.824809 -0.504341 -0.255599 -0.868668 -0.478515 -0.128218 -0.933635 -0.349577 -0.078241 -0.868668 -0.478515 -0.128218 -0.895570 -0.444920 0.000000 -0.800572 0.348081 0.487775 -0.708677 0.348726 0.613325 -0.868776 0.236654 0.434998 -0.784655 0.234933 0.573693 -0.682534 0.236848 0.691412 -0.919133 0.120061 0.375207 -0.846960 0.120386 0.517848 -0.752199 0.121054 0.647721 -0.642952 0.121977 0.756131 -0.919133 0.120061 0.375207 -0.950758 0.001381 0.309931 -0.891229 -0.002187 0.453549 -0.846960 0.120386 0.517848 -0.807899 -0.003534 0.589311 -0.752199 0.121054 0.647721 -0.707795 -0.001799 0.706416 -0.642952 0.121977 0.756131 -0.589262 0.000067 0.807942 -0.964419 -0.119164 0.235998 -0.914162 -0.125989 0.385271 -0.843787 -0.131489 0.520322 -0.754480 -0.130688 0.643180 -0.648937 -0.126570 0.750240 -0.524536 -0.120776 0.842778 -0.964419 -0.119164 0.235998 -0.958148 -0.239178 0.157312 -0.918498 -0.251023 0.305529 -0.914162 -0.125989 0.385271 -0.859406 -0.256388 0.442364 -0.843787 -0.131489 0.520322 -0.781310 -0.258181 0.568241 -0.754480 -0.130688 0.643180 -0.686050 -0.255901 0.681065 -0.648937 -0.126570 0.750240 -0.574818 -0.249309 0.779377 -0.524536 -0.120776 0.842778 -0.446690 -0.240787 0.861679 -0.933635 -0.349577 0.078241 -0.902485 -0.370872 0.219033 -0.852933 -0.385168 0.352350 -0.784530 -0.391956 0.480502 -0.698953 -0.391795 0.598298 -0.598900 -0.385402 0.701986 -0.487347 -0.370897 0.790524 -0.362954 -0.349376 0.863829 -0.868668 -0.478515 0.128218 -0.824809 -0.504341 0.255599 -0.764448 -0.520642 0.380198 -0.687463 -0.526496 0.500197 -0.597929 -0.520835 0.609272 -0.499246 -0.503607 0.705077 -0.390771 -0.477429 0.786994 -0.276071 -0.444926 0.851954 0.215897 0.349660 0.911661 0.362954 0.349376 0.863829 0.146876 0.238004 0.960094 0.299313 0.238684 0.923819 0.446690 0.240787 0.861679 0.072769 0.119438 0.990171 0.229754 0.119439 0.965892 0.381142 0.118887 0.916840 0.524536 0.120776 0.842778 0.072769 0.119438 0.990171 0.000000 0.000000 1.000000 0.156680 -0.001525 0.987648 0.229754 0.119439 0.965892 0.309191 -0.003220 0.950994 0.381142 0.118887 0.916840 0.452809 -0.003609 0.891600 0.524536 0.120776 0.842778 0.589262 -0.000067 0.807942 -0.072769 -0.119438 0.990171 0.081311 -0.125605 0.988743 0.232521 -0.128096 0.964119 0.380587 -0.129284 0.915663 0.514130 -0.128684 0.848004 0.642952 -0.121977 0.756131 -0.072769 -0.119438 0.990171 -0.146876 -0.238004 0.960094 0.007274 -0.248629 0.968571 0.081311 -0.125605 0.988743 0.152187 -0.258390 0.953978 0.232521 -0.128096 0.964119 0.300468 -0.261577 0.917222 0.380587 -0.129284 0.915663 0.437856 -0.258062 0.861212 0.514130 -0.128684 0.848004 0.563850 -0.249239 0.787371 0.642952 -0.121977 0.756131 0.682534 -0.236848 0.691412 -0.215897 -0.349660 0.911661 -0.071583 -0.370975 0.925880 0.075091 -0.385503 0.919646 0.213088 -0.393997 0.894069 0.355204 -0.393053 0.848139 0.480648 -0.385848 0.787463 0.601149 -0.370788 0.707909 0.708677 -0.348726 0.613325 -0.148463 -0.479821 0.864714 -0.010884 -0.505878 0.862536 0.126393 -0.521662 0.843738 0.262997 -0.526159 0.808696 0.396160 -0.519050 0.757393 0.516961 -0.504106 0.691830 0.626493 -0.480051 0.614050 0.784655 -0.234933 -0.573693 0.752199 -0.121054 -0.647721 0.846960 -0.120386 -0.517848 0.707795 0.001799 -0.706416 0.752199 -0.121054 -0.647721 0.807899 0.003534 -0.589311 0.846960 -0.120386 -0.517848 0.891229 0.002187 -0.453549 0.648937 0.126570 -0.750240 0.754480 0.130688 -0.643180 0.843787 0.131489 -0.520322 0.914162 0.125989 -0.385271 0.574818 0.249309 -0.779377 0.648937 0.126570 -0.750240 0.686050 0.255901 -0.681065 0.754480 0.130688 -0.643180 0.781310 0.258181 -0.568241 0.843787 0.131489 -0.520322 0.859406 0.256388 -0.442364 0.914162 0.125989 -0.385271 0.918498 0.251023 -0.305529 0.487347 0.370897 -0.790524 0.598900 0.385402 -0.701986 0.698953 0.391795 -0.598298 0.784530 0.391956 -0.480502 0.852933 0.385168 -0.352350 0.918498 0.251023 -0.305529 0.852933 0.385168 -0.352350 0.902485 0.370872 -0.219033 -0.299313 -0.238684 -0.923819 -0.381142 -0.118887 -0.916840 -0.229754 -0.119439 -0.965892 -0.452809 0.003609 -0.891600 -0.381142 -0.118887 -0.916840 -0.309191 0.003220 -0.950994 -0.229754 -0.119439 -0.965892 -0.156680 0.001525 -0.987648 -0.514130 0.128684 -0.848004 -0.380587 0.129284 -0.915663 -0.232521 0.128096 -0.964119 -0.081311 0.125605 -0.988743 -0.563850 0.249239 -0.787371 -0.514130 0.128684 -0.848004 -0.437856 0.258062 -0.861212 -0.380587 0.129284 -0.915663 -0.300468 0.261577 -0.917222 -0.232521 0.128096 -0.964119 -0.152187 0.258390 -0.953978 -0.081311 0.125605 -0.988743 -0.007274 0.248629 -0.968571 -0.601149 0.370788 -0.707909 -0.480648 0.385848 -0.787463 -0.355204 0.393053 -0.848139 -0.213088 0.393997 -0.894069 -0.075091 0.385503 -0.919646 0.071583 0.370975 -0.925880 -0.972009 -0.234943 0.000000 -0.958148 -0.239178 -0.157312 -0.989940 -0.118506 0.077297 -0.989940 -0.118506 -0.077297 -0.989940 -0.118506 -0.077297 -0.987914 0.001497 0.154993 -0.989940 -0.118506 0.077297 -1.000000 0.000078 0.000000 -0.989940 -0.118506 -0.077297 -0.987914 0.001497 -0.154993 -0.964419 -0.119164 -0.235998 -0.987914 0.001497 -0.154993 -0.965266 0.128109 0.227706 -0.988383 0.131040 0.076989 -0.988383 0.131040 -0.076989 -0.965266 0.128109 -0.227706 -0.965266 0.128109 -0.227706 -0.923804 0.247843 0.291821 -0.965266 0.128109 0.227706 -0.954799 0.257896 0.147810 -0.988383 0.131040 0.076989 -0.964979 0.262327 0.000000 -0.988383 0.131040 -0.076989 -0.954799 0.257896 -0.147810 -0.988383 0.131040 -0.076989 -0.954799 0.257896 -0.147810 -0.965266 0.128109 -0.227706 -0.923804 0.247843 -0.291821 -0.859718 0.369946 0.352173 -0.923804 0.247843 0.291821 -0.859718 0.369946 0.352173 -0.898078 0.384846 0.212953 -0.954799 0.257896 0.147810 -0.917319 0.391637 0.071738 -0.964979 0.262327 0.000000 -0.917319 0.391637 -0.071738 -0.954799 0.257896 -0.147810 -0.898078 0.384846 -0.212953 -0.898078 0.384846 -0.212953 -0.859718 0.369946 -0.352173 -0.299313 -0.238684 0.923819 -0.229754 -0.119439 0.965892 -0.381142 -0.118887 0.916840 -0.156680 0.001525 0.987648 -0.229754 -0.119439 0.965892 -0.309191 0.003220 0.950994 -0.381142 -0.118887 0.916840 -0.452809 0.003609 0.891600 -0.081311 0.125605 0.988743 -0.232521 0.128096 0.964119 -0.380587 0.129284 0.915663 -0.514130 0.128684 0.848004 -0.007274 0.248629 0.968571 -0.081311 0.125605 0.988743 -0.152187 0.258390 0.953978 -0.232521 0.128096 0.964119 -0.300468 0.261577 0.917222 -0.380587 0.129284 0.915663 -0.437856 0.258062 0.861212 -0.514130 0.128684 0.848004 -0.563850 0.249239 0.787371 0.071583 0.370975 0.925880 -0.075091 0.385503 0.919646 -0.213088 0.393997 0.894069 -0.355204 0.393053 0.848139 -0.480648 0.385848 0.787463 -0.601149 0.370788 0.707909 0.784655 -0.234933 0.573693 0.846960 -0.120386 0.517848 0.752199 -0.121054 0.647721 0.891229 0.002187 0.453549 0.846960 -0.120386 0.517848 0.807899 0.003534 0.589311 0.752199 -0.121054 0.647721 0.707795 0.001799 0.706416 0.914162 0.125989 0.385271 0.843787 0.131489 0.520322 0.754480 0.130688 0.643180 0.648937 0.126570 0.750240 0.918498 0.251023 0.305529 0.914162 0.125989 0.385271 0.859406 0.256388 0.442364 0.843787 0.131489 0.520322 0.781310 0.258181 0.568241 0.754480 0.130688 0.643180 0.686050 0.255901 0.681065 0.648937 0.126570 0.750240 0.574818 0.249309 0.779377 0.902485 0.370872 0.219033 0.918498 0.251023 0.305529 0.852933 0.385168 0.352350 0.852933 0.385168 0.352350 0.784530 0.391956 0.480502 0.698953 0.391795 0.598298 0.598900 0.385402 0.701986 0.487347 0.370897 0.790524 0.000000 -1.000000 0.000000 -0.040313 -0.991546 -0.123336 0.105224 -0.991507 -0.076434 -0.083121 -0.963691 -0.253752 0.069531 -0.974425 -0.213686 0.215020 -0.963888 -0.157119 -0.122561 -0.918094 -0.376938 0.026398 -0.939181 -0.342407 0.178705 -0.939359 -0.292693 0.320477 -0.917976 -0.233699 -0.160823 -0.852069 -0.498111 -0.012437 -0.882299 -0.470525 0.139077 -0.892835 -0.428373 0.286292 -0.882196 -0.373855 0.424229 -0.851702 -0.307627 -0.196805 -0.770348 -0.606492 -0.045956 -0.805708 -0.590527 0.100747 -0.823727 -0.557965 0.245479 -0.823968 -0.510702 0.384761 -0.805837 -0.450095 0.515956 -0.770383 -0.374565 -0.228380 -0.673018 -0.703484 -0.080441 -0.715053 -0.694427 0.063199 -0.739138 -0.670582 0.204242 -0.747716 -0.631827 0.342256 -0.739649 -0.579466 0.474445 -0.714240 -0.514551 0.598568 -0.672151 -0.435808 -0.254237 -0.561094 -0.787742 -0.114162 -0.603042 -0.789498 0.028277 -0.632082 -0.774386 0.164803 -0.646327 -0.745051 0.302457 -0.645981 -0.700877 0.435122 -0.630078 -0.643173 0.556891 -0.601543 -0.572729 0.668175 -0.561628 -0.487971 0.000000 -1.000000 0.000000 -0.129465 -0.991584 0.000000 -0.040313 -0.991546 -0.123336 -0.265805 -0.964027 0.000000 -0.180877 -0.974653 -0.131664 -0.180877 -0.974653 -0.131664 -0.397443 -0.917627 0.000000 -0.317459 -0.939067 -0.131807 -0.317459 -0.939067 -0.131807 -0.222514 -0.939321 -0.261083 -0.523405 -0.852084 0.000000 -0.452764 -0.881395 -0.134710 -0.452764 -0.881395 -0.134710 -0.365271 -0.892430 -0.264851 -0.266998 -0.882072 -0.388150 -0.635910 -0.771763 0.000000 -0.574321 -0.806662 -0.139471 -0.574321 -0.806662 -0.139471 -0.499169 -0.824210 -0.267409 -0.409549 -0.823559 -0.392454 -0.310496 -0.805359 -0.504964 -0.740884 -0.671633 0.000000 -0.684645 -0.715436 -0.139329 -0.684645 -0.715436 -0.139329 -0.617160 -0.740291 -0.266612 -0.536662 -0.748024 -0.390453 -0.444359 -0.740138 -0.504718 -0.342962 -0.715343 -0.608820 -0.828081 -0.560609 0.000000 -0.786544 -0.602283 -0.136393 -0.786544 -0.602283 -0.136393 -0.729214 -0.631033 -0.264659 -0.656638 -0.646455 -0.388488 -0.572268 -0.646298 -0.504785 -0.477553 -0.631694 -0.610660 -0.372027 -0.603816 -0.704984 0.000000 -1.000000 0.000000 -0.040313 -0.991546 0.123336 -0.083121 -0.963691 0.253752 -0.180877 -0.974653 0.131664 -0.122561 -0.918094 0.376938 -0.222514 -0.939321 0.261083 -0.317459 -0.939067 0.131807 -0.160823 -0.852069 0.498111 -0.266998 -0.882072 0.388150 -0.365271 -0.892430 0.264851 -0.452764 -0.881395 0.134710 -0.196805 -0.770348 0.606492 -0.310496 -0.805359 0.504964 -0.409549 -0.823559 0.392454 -0.499169 -0.824210 0.267409 -0.574321 -0.806662 0.139471 -0.228380 -0.673018 0.703484 -0.342962 -0.715343 0.608820 -0.444359 -0.740138 0.504718 -0.536662 -0.748024 0.390453 -0.617160 -0.740291 0.266612 -0.684645 -0.715436 0.139329 -0.254237 -0.561094 0.787742 -0.372027 -0.603816 0.704984 -0.477553 -0.631694 0.610660 -0.572268 -0.646298 0.504785 -0.656638 -0.646455 0.388488 -0.729214 -0.631033 0.264659 -0.786544 -0.602283 0.136393 0.000000 -1.000000 0.000000 0.105224 -0.991507 0.076434 0.215020 -0.963888 0.157119 0.069531 -0.974425 0.213686 0.320477 -0.917976 0.233699 0.178705 -0.939359 0.292693 0.026398 -0.939181 0.342407 0.424229 -0.851702 0.307627 0.286292 -0.882196 0.373855 0.139077 -0.892835 0.428373 -0.012437 -0.882299 0.470525 0.515956 -0.770383 0.374565 0.384761 -0.805837 0.450095 0.245479 -0.823968 0.510702 0.100747 -0.823727 0.557965 -0.045956 -0.805708 0.590527 0.598568 -0.672151 0.435808 0.474445 -0.714240 0.514551 0.342256 -0.739649 0.579466 0.204242 -0.747716 0.631827 0.063199 -0.739138 0.670582 -0.080441 -0.715053 0.694427 0.668175 -0.561628 0.487971 0.556891 -0.601543 0.572729 0.435122 -0.630078 0.643173 0.302457 -0.645981 0.700877 0.164803 -0.646327 0.745051 0.028277 -0.632082 0.774386 -0.114162 -0.603042 0.789498 0.000000 -1.000000 0.000000 0.223759 -0.974645 0.000000 0.333629 -0.939244 -0.080696 0.333629 -0.939244 0.080696 0.445236 -0.881503 -0.157220 0.451238 -0.892403 0.000000 0.445236 -0.881503 0.157220 0.546944 -0.806064 -0.226082 0.560627 -0.824414 -0.077704 0.560627 -0.824414 0.077704 0.546944 -0.806064 0.226082 0.635128 -0.715042 -0.292107 0.655652 -0.740411 -0.148028 0.663504 -0.748172 0.000000 0.655652 -0.740411 0.148028 0.635128 -0.715042 0.292107 0.715663 -0.602925 -0.352573 0.746099 -0.629947 -0.215645 0.760486 -0.645289 -0.072549 0.760486 -0.645289 0.072549 0.746099 -0.629947 0.215645 0.715663 -0.602925 0.352573 -0.237360 -0.966542 0.097247 0.697110 -0.381188 -0.607234 -0.272044 0.459221 -0.845640 0.631893 -0.223194 -0.742224 -0.272044 0.459221 -0.845640 -0.276985 0.913826 0.296987 0.647342 -0.263355 -0.715257 -0.152014 0.976876 0.150346 0.440184 -0.550225 -0.709570 0.000000 0.999957 0.009271 -0.000000 -0.631931 -0.775025 -0.467321 -0.522831 -0.712923 0.215648 0.946826 0.238782 0.178213 0.961829 0.207667 -0.647630 -0.244644 -0.721613 0.223167 0.449020 -0.865204 -0.538968 -0.395948 -0.743464 -0.702499 -0.390191 -0.595186 0.283405 -0.954448 0.093331 -0.702499 -0.390191 -0.595186 -0.785012 -0.573574 -0.234027 0.283405 -0.954448 0.093331 -0.730495 -0.575475 -0.367702 0.249602 -0.954044 0.165826 0.160295 -0.963464 0.214576 -0.453746 -0.707643 -0.541623 0.085945 -0.995600 0.037347 -0.228503 -0.724356 -0.650458 -0.000000 -0.975928 0.218094 -0.000000 -0.791289 -0.611443 0.232038 -0.725091 -0.648384 -0.086420 -0.995546 0.037671 0.457566 -0.706962 -0.539294 -0.159639 -0.962985 0.217200 0.730230 -0.577482 -0.365073 -0.244834 -0.953785 0.174214 -0.237360 -0.966542 0.097247 0.772939 -0.593573 -0.224136 0.697110 -0.381188 -0.607234 -0.470266 -0.003941 -0.882516 -0.613806 -0.440964 -0.654823 -0.842791 0.101642 -0.528557 0.158956 0.036784 -0.986600 -0.095909 -0.605412 -0.790112 -0.470266 -0.003941 -0.882516 -0.284847 -0.736269 -0.613816 -0.328985 -0.660101 -0.675304 -0.682343 0.624865 -0.379410 -0.470266 -0.003941 -0.882516 -0.406912 0.749763 -0.521803 -0.219434 0.599473 -0.769728 0.613803 -0.440972 -0.654821 0.471562 -0.010419 -0.881771 0.843550 0.096045 -0.528392 0.333502 -0.656497 -0.676601 0.471562 -0.010419 -0.881771 0.297660 -0.722506 -0.624006 0.090610 -0.604324 -0.791570 -0.174103 0.033949 -0.984142 0.424042 0.471784 -0.773051 0.471562 -0.010419 -0.881771 0.408305 0.751512 -0.518187 0.682067 0.623382 -0.382335 0.784389 -0.602238 0.148471 0.862202 -0.455784 -0.221062 0.996664 -0.081596 -0.001898 0.599834 -0.785999 -0.149679 0.460063 -0.826285 -0.324955 0.497592 -0.801614 -0.331388 0.346827 -0.860753 -0.372580 0.306433 -0.884683 -0.351333 -0.000000 -0.926161 -0.377127 -0.000000 -0.909382 -0.415961 -0.343997 -0.862917 -0.370189 -0.306429 -0.884684 -0.351334 -0.458337 -0.826766 -0.326168 -0.498307 -0.802025 -0.329312 -0.859639 -0.458074 -0.226250 -0.704336 -0.697954 -0.129505 -0.990061 -0.138715 -0.023190 -0.731209 -0.648007 0.213120 -0.461661 -0.858082 0.224866 -0.325940 -0.943509 -0.059613 -0.000697 -0.890133 0.455701 0.164136 -0.980473 -0.108318 -0.000000 -0.943683 -0.330851 -0.164136 -0.980473 -0.108319 -0.000697 -0.890133 0.455701 0.462395 -0.858572 0.221461 0.327600 -0.943011 -0.058384 0.902240 0.101679 -0.419075 0.902260 0.097725 -0.419972 0.832786 0.089389 -0.546331 0.757402 0.051017 -0.650953 0.395613 0.111743 -0.911594 0.407024 -0.040133 -0.912536 0.274519 0.117976 -0.954317 0.319188 -0.120660 -0.939979 0.319188 -0.120660 -0.939979 0.208316 -0.143522 -0.967474 0.120245 -0.076401 -0.989800 0.069414 0.056652 -0.995978 0.132204 0.158677 -0.978439 -0.395613 0.111743 -0.911594 -0.281756 0.110294 -0.953126 -0.399489 -0.050127 -0.915366 -0.323382 -0.125468 -0.937914 -0.132204 0.158677 -0.978439 -0.068794 0.054336 -0.996150 -0.120361 -0.084607 -0.989118 -0.208178 -0.148045 -0.966822 -0.323382 -0.125468 -0.937914 0.543954 -0.119622 0.830545 0.921927 -0.027569 0.386381 0.736289 0.543978 -0.402451 0.796809 0.287784 -0.531297 -0.264582 0.700829 -0.662446 -0.174727 0.462742 0.869103 -0.077136 0.527575 -0.845999 0.470271 0.574902 0.669577 -0.705417 0.434830 -0.559742 -0.687587 0.150986 0.710231 -0.264582 0.700829 -0.662446 -0.174727 0.462742 0.869103 -0.742705 0.304136 -0.596566 -0.871078 -0.059158 0.487569 -0.705417 0.434830 -0.559742 -0.687587 0.150986 0.710231 0.832786 0.089389 -0.546331 0.757402 0.051017 -0.650953 0.558597 0.010670 -0.829371 0.438336 -0.001025 -0.898810 -0.757405 0.051017 -0.650949 -0.902253 0.097725 -0.419987 -0.832783 0.089389 -0.546335 -0.902233 0.101680 -0.419090 -0.433188 0.007833 -0.901269 -0.757405 0.051017 -0.650949 -0.552682 0.010003 -0.833332 -0.832783 0.089389 -0.546335 0.543954 -0.119622 0.830545 0.736289 0.543978 -0.402451 0.470271 0.574902 0.669577 -0.077136 0.527575 -0.845999 0.981287 0.096907 -0.166387 0.951120 0.113175 -0.287336 0.424042 0.471784 -0.773051 0.792683 0.296942 -0.532428 0.990994 0.021811 -0.132115 0.996664 -0.081596 -0.001898 0.993963 0.094533 -0.055679 0.984795 0.002087 -0.173709 0.979265 0.187041 -0.077813 0.986192 0.017764 0.164649 0.997181 -0.022422 -0.071611 0.887876 0.253166 0.384166 0.958745 0.080266 0.272702 0.761764 -0.503944 0.407130 0.784389 -0.602238 0.148471 0.500159 -0.745925 0.439814 0.462395 -0.858572 0.221461 -0.000697 -0.890133 0.455701 0.446421 -0.663265 0.600656 0.727493 -0.319990 0.606927 0.803821 0.340421 0.487838 0.748420 0.250920 0.613928 0.803356 0.017458 0.595243 0.763777 -0.108967 0.636216 0.441113 0.517957 0.732898 0.518765 0.018245 0.854722 0.260106 -0.595017 0.760460 -0.259130 -0.594531 0.761174 -0.445820 -0.663216 0.601156 -0.728563 -0.318362 0.606499 -0.518904 0.023254 0.854516 0.003528 -0.213201 0.977002 0.000000 0.287896 0.957662 0.000000 0.567202 0.823579 -0.441111 0.517957 0.732899 0.351636 -0.213800 0.911395 0.435714 0.221525 0.872399 -0.003948 0.014199 0.999891 -0.060258 -0.221476 0.973302 0.026717 0.032649 0.999110 -0.356116 -0.047326 0.933242 -0.430110 -0.205566 0.879061 -0.432160 0.222575 0.873898 -0.749149 0.248132 0.614172 -0.803821 0.340420 0.487837 -0.956572 0.097462 0.274721 -0.759775 -0.505162 0.409332 -0.499644 -0.745022 0.441925 -0.461661 -0.858082 0.224866 -0.731209 -0.648007 0.213120 -0.990061 -0.138715 -0.023190 -0.991214 0.129181 -0.028403 -0.855324 0.254930 0.451034 -0.807317 0.021898 0.589712 -0.785852 -0.096435 0.610849 -0.744208 -0.065673 0.664711 -0.724797 0.290322 0.624806 -0.353826 0.650580 0.671977 0.000000 0.675471 0.737386 0.283471 0.632370 0.720939 0.000000 0.978510 0.206199 -0.445730 0.861394 0.243569 -0.780593 0.507587 0.364734 -0.920277 0.013306 0.391041 -0.983085 0.012019 0.182756 -0.983446 0.169436 -0.064228 -0.962535 0.044379 -0.267502 -0.997498 0.010087 -0.069965 -0.983085 0.012019 0.182756 -0.997164 0.071971 -0.022001 -0.920277 0.013306 0.391041 -0.736755 0.667826 -0.105831 -0.348361 0.924494 -0.154772 0.000000 0.946129 -0.323791 0.407382 0.908758 -0.090548 0.394344 0.565371 -0.724464 0.780143 0.605170 -0.158577 0.801731 0.345726 -0.487545 0.538361 0.344725 -0.768981 0.251490 0.387270 -0.887003 -0.000000 0.540470 -0.841363 -0.000000 0.357133 -0.934054 -0.963764 0.062241 -0.259393 -0.811891 0.352401 -0.465454 -0.536308 0.345808 -0.769929 -0.386485 0.568568 -0.726195 -0.242764 0.389434 -0.888486 -0.000000 -0.155178 -0.987886 -0.328985 -0.660101 -0.675304 -0.613806 -0.440964 -0.654823 -0.000000 0.060637 -0.998160 -0.842791 0.101642 -0.528557 0.005264 0.843736 -0.536732 -0.682343 0.624865 -0.379410 0.682067 0.623382 -0.382335 0.005264 0.843736 -0.536732 0.843550 0.096045 -0.528392 0.613803 -0.440972 -0.654821 0.333502 -0.656497 -0.676601 0.251490 0.387270 -0.887003 0.538361 0.344725 -0.768981 0.297660 -0.722506 -0.624006 0.954679 0.080048 -0.286672 0.090610 -0.604324 -0.791570 0.997181 -0.022422 -0.071611 -0.174103 0.033949 -0.984142 0.981287 0.096907 -0.166387 0.634581 0.354772 -0.686618 0.682067 0.623382 -0.382335 0.603928 0.503071 -0.618215 0.408305 0.751512 -0.518187 0.792683 0.296942 -0.532428 0.763204 0.583265 0.278066 0.954679 0.080048 -0.286672 0.996903 0.073744 -0.027329 0.986192 0.017764 0.164649 0.918539 0.014441 0.395068 0.455023 -0.049337 0.889112 0.683776 0.411326 0.602711 0.457368 0.835618 0.304233 0.918539 0.014441 0.395068 0.793779 -0.030154 0.607459 0.509058 0.324226 -0.797331 0.665985 -0.006197 -0.745939 0.395613 0.111743 -0.911594 0.407024 -0.040133 -0.912536 0.958402 -0.073404 -0.275821 0.868458 0.365075 -0.335411 0.588502 0.686993 -0.426269 0.986133 0.090590 0.139050 0.899244 -0.422250 0.114301 0.805274 -0.466977 -0.365330 0.544682 -0.303612 -0.781755 0.319188 -0.120660 -0.939979 0.818146 0.566799 0.096827 0.441197 0.897410 -0.001064 0.201455 0.839691 -0.504316 -0.055804 0.989194 -0.135577 -0.193705 0.732326 -0.652822 -0.517996 0.813865 -0.263258 -0.489889 0.453774 -0.744378 -0.834773 0.429351 -0.344689 -0.649494 0.072764 -0.756877 -0.926590 -0.077864 -0.367924 -0.544086 -0.339729 -0.767173 -0.753999 -0.574105 -0.319202 -0.282848 -0.672927 -0.683496 -0.378000 -0.899867 -0.217611 0.079951 -0.841452 -0.534384 0.114787 -0.989243 -0.090681 -0.201644 -0.003711 -0.979452 -0.071140 0.298614 -0.951719 -0.055177 -0.308999 -0.949460 0.120245 -0.076401 -0.989800 0.069414 0.056652 -0.995978 0.132204 0.158677 -0.978439 0.581266 -0.813248 0.027520 0.493414 -0.742834 -0.452482 0.233881 -0.444664 -0.864624 -0.055177 -0.308999 -0.949460 0.899244 -0.422250 0.114301 0.805274 -0.466977 -0.365330 0.544682 -0.303612 -0.781755 0.319188 -0.120660 -0.939979 0.208316 -0.143522 -0.967474 0.120245 -0.076401 -0.989800 0.440184 -0.550225 -0.709570 -0.000000 -0.754644 -0.656134 -0.000000 -0.631931 -0.775025 -0.467321 -0.522831 -0.712923 -0.702499 -0.390191 -0.595186 -0.538968 -0.395948 -0.743464 -0.783496 -0.335399 -0.523108 -0.647630 -0.244644 -0.721613 -0.600809 -0.581237 -0.548810 -0.859639 -0.458074 -0.226250 -0.498307 -0.802025 -0.329312 -0.391045 -0.770476 -0.503439 -0.343997 -0.862917 -0.370189 -0.000000 -0.909382 -0.415961 0.647342 -0.263355 -0.715257 0.585672 -0.609083 -0.534796 0.392297 -0.769812 -0.503480 0.346827 -0.860753 -0.372580 0.497592 -0.801614 -0.331388 0.862202 -0.455784 -0.221062 0.800482 -0.336735 -0.495821 0.631893 -0.223194 -0.742224 0.697110 -0.381188 -0.607234 -0.516383 0.318871 -0.794777 -0.395613 0.111743 -0.911594 -0.663396 0.001241 -0.748268 -0.399489 -0.050127 -0.915366 -0.592618 0.685305 -0.423275 -0.869097 0.356203 -0.343206 -0.959953 -0.069448 -0.271416 -0.436146 0.899872 0.002567 -0.815209 0.570491 0.099869 -0.986924 0.080328 0.139742 -0.899247 -0.422245 0.114299 -0.804564 -0.470765 -0.362018 -0.530535 -0.312804 -0.787836 -0.323382 -0.125468 -0.937914 -0.200895 0.841582 -0.501379 0.055988 0.989025 -0.136729 0.190328 0.731656 -0.654565 0.513843 0.816946 -0.261850 0.485947 0.453544 -0.747097 0.838772 0.417672 -0.349301 0.655237 0.066458 -0.752494 0.924565 -0.088162 -0.370683 0.551297 -0.335094 -0.764057 0.762501 -0.564546 -0.316039 0.285423 -0.671466 -0.683862 0.380168 -0.899364 -0.215909 -0.079951 -0.841453 -0.534382 -0.115581 -0.989016 -0.092134 -0.487909 -0.745110 -0.454703 -0.576509 -0.816673 0.026123 -0.804564 -0.470765 -0.362018 -0.899247 -0.422245 0.114299 0.055177 -0.308999 -0.949460 -0.233880 -0.444667 -0.864622 -0.120361 -0.084607 -0.989118 -0.208178 -0.148045 -0.966822 -0.323382 -0.125468 -0.937914 -0.530535 -0.312804 -0.787836 0.201826 -0.000620 -0.979421 0.069833 0.300619 -0.951184 0.055177 -0.308999 -0.949460 -0.120361 -0.084607 -0.989118 -0.068794 0.054336 -0.996150 -0.132204 0.158677 -0.978439 -0.395613 0.111743 -0.911594 -0.516383 0.318871 -0.794777 -0.281756 0.110294 -0.953126 -0.220454 0.445284 -0.867826 -0.132204 0.158677 -0.978439 0.069833 0.300619 -0.951184 0.249602 -0.954044 0.165826 0.286743 -0.923914 -0.253300 0.283405 -0.954448 0.093331 0.223167 0.449020 -0.865204 -0.702499 -0.390191 -0.595186 0.085945 -0.995600 0.037347 -0.000000 -0.975928 0.218094 0.160295 -0.963464 0.214576 -0.000000 -0.999005 0.044596 0.286743 -0.923914 -0.253300 -0.244834 -0.953785 0.174214 -0.284161 -0.926341 -0.247275 -0.159639 -0.962985 0.217200 -0.086420 -0.995546 0.037671 -0.237360 -0.966542 0.097247 -0.284161 -0.926341 -0.247275 -0.272044 0.459221 -0.845640 -0.002897 0.060259 -0.998179 -0.003724 0.999841 0.017428 0.286743 -0.923914 -0.253300 -0.000000 -0.999005 0.044596 0.178213 0.961829 0.207667 -0.003724 0.999841 0.017428 0.215648 0.946826 0.238782 0.000000 0.999957 0.009271 -0.152014 0.976876 0.150346 -0.276985 0.913826 0.296987 0.166676 -0.389925 0.905637 0.282379 -0.819822 0.498150 0.641952 -0.496460 0.584316 0.581266 -0.813248 0.027520 0.899244 -0.422250 0.114301 0.114787 -0.989243 -0.090681 -0.156652 -0.928341 0.337111 -0.378000 -0.899867 -0.217611 -0.580956 -0.761456 0.287531 -0.753999 -0.574105 -0.319202 -0.889138 -0.402093 0.218528 -0.926590 -0.077864 -0.367924 -0.987847 0.064507 0.141410 -0.834773 0.429351 -0.344689 -0.843385 0.486027 0.229083 -0.517996 0.813865 -0.263258 -0.497317 0.809281 0.312635 -0.055804 0.989194 -0.135577 -0.032105 0.931947 0.361170 0.441197 0.897410 -0.001064 0.373530 0.771910 0.514422 0.818146 0.566799 0.096827 0.693013 0.410256 0.592809 -0.600370 0.390246 0.698043 -0.769860 0.007085 0.638174 -0.257801 0.003681 0.966191 -0.594110 -0.399930 0.697918 0.166983 0.399580 0.901361 -0.223211 0.582689 0.781441 -0.600370 0.390246 0.698043 0.986133 0.090590 0.139050 0.825573 -0.059067 0.561195 0.899244 -0.422250 0.114301 0.641952 -0.496460 0.584316 0.348121 0.003772 0.937442 0.166676 -0.389925 0.905637 0.166983 0.399580 0.901361 -0.594110 -0.399930 0.697918 -0.200350 -0.582786 0.787541 0.166676 -0.389925 0.905637 -0.899247 -0.422245 0.114299 -0.576509 -0.816673 0.026123 -0.642489 -0.499121 0.581452 -0.284152 -0.820256 0.496424 -0.165436 -0.391331 0.905257 -0.115581 -0.989016 -0.092134 0.157022 -0.927988 0.337908 0.380168 -0.899364 -0.215909 0.581625 -0.759724 0.290745 0.762501 -0.564546 -0.316039 0.890876 -0.404248 0.207181 0.924565 -0.088162 -0.370683 0.990255 0.045316 0.131686 0.838772 0.417672 -0.349301 0.838457 0.492874 0.232520 0.513843 0.816946 -0.261850 0.497322 0.809279 0.312633 0.055988 0.989025 -0.136729 0.032500 0.932250 0.360351 -0.436146 0.899872 0.002567 -0.370454 0.773998 0.513509 -0.815209 0.570491 0.099869 -0.692472 0.409803 0.593754 -0.165733 0.401184 0.900880 0.222561 0.582537 0.781740 0.598864 0.397470 0.695255 0.254756 0.003202 0.967000 0.598864 0.397470 0.695255 0.771871 0.001021 0.635778 0.593091 -0.403160 0.696926 -0.986924 0.080328 0.139742 -0.828040 -0.055861 0.557879 -0.899247 -0.422245 0.114299 -0.642489 -0.499121 0.581452 -0.348454 0.002746 0.937322 -0.165436 -0.391331 0.905257 -0.165733 0.401184 0.900880 0.593091 -0.403160 0.696926 0.200034 -0.584570 0.786298 -0.165436 -0.391331 0.905257 -0.638906 0.349712 -0.685202 -0.608361 0.502237 -0.614536 -0.682343 0.624865 -0.379410 -0.406912 0.749763 -0.521803 -0.801458 0.269455 -0.533908 -0.219434 0.599473 -0.769728 -0.242764 0.389434 -0.888486 -0.536308 0.345808 -0.769929 -0.284847 -0.736269 -0.613816 -0.963764 0.062241 -0.259393 -0.095909 -0.605412 -0.790112 -0.997498 0.010087 -0.069965 0.158956 0.036784 -0.986600 -0.962535 0.044379 -0.267502 -0.801458 0.269455 -0.533908 -0.954281 0.120920 -0.273359 -0.983446 0.169436 -0.064228 -0.984924 0.000146 -0.172985 -0.991152 0.021534 -0.130974 -0.859639 -0.458074 -0.226250 0.979265 0.187041 -0.077813 0.914465 0.356959 -0.190617 0.984795 0.002087 -0.173709 0.910295 -0.313432 0.270414 0.993963 0.094533 -0.055679 0.508522 -0.847959 0.149568 0.558597 0.010670 -0.829371 0.438336 -0.001025 -0.898810 -0.000000 0.006926 -0.999976 -0.000000 0.043455 -0.999055 -0.433188 0.007833 -0.901269 -0.552682 0.010003 -0.833332 -0.983446 0.169436 -0.064228 -0.984924 0.000146 -0.172985 -0.893135 0.036206 -0.448328 -0.901916 -0.305599 0.305216 -0.991214 0.129181 -0.028403 -0.508522 -0.847959 0.149568 0.218080 0.448479 -0.866780 0.509058 0.324226 -0.797331 -0.071140 0.298614 -0.951719 0.132204 0.158677 -0.978439 0.274519 0.117976 -0.954317 0.395613 0.111743 -0.911594 0.993963 0.094533 -0.055679 0.508522 -0.847959 0.149568 0.887876 0.253166 0.384166 0.910295 -0.313432 0.270414 0.803356 0.017458 0.595243 0.914465 0.356959 -0.190617 0.979265 0.187041 -0.077813 -0.983446 0.169436 -0.064228 0.181802 0.697594 0.693045 -0.807317 0.021898 0.589712 -0.901916 -0.305599 0.305216 -0.855324 0.254930 0.451034 -0.508522 -0.847959 0.149568 -0.991214 0.129181 -0.028403 -0.682343 0.624865 -0.379410 -0.922654 0.207392 -0.325112 -0.638906 0.349712 -0.685202 0.001379 -0.828215 -0.560409 0.004453 0.314540 -0.949234 0.634581 0.354772 -0.686618 0.925227 0.201906 -0.321230 0.682067 0.623382 -0.382335 0.005264 0.843736 -0.536732 0.682067 0.623382 -0.382335 0.003294 0.981714 -0.190331 -0.000000 0.299337 -0.954147 -0.682343 0.624865 -0.379410 0.736289 0.543978 -0.402451 -0.907949 -0.409084 -0.090987 -0.077136 0.527575 -0.845999 -0.332821 -0.925328 0.181655 0.315060 -0.828577 -0.462814 -0.264582 0.700829 -0.662446 0.894994 -0.324153 -0.306449 -0.705417 0.434830 -0.559742 -0.742705 0.304136 -0.596566 0.968123 -0.035928 -0.247885 -0.871078 -0.059158 0.487569 -0.687587 0.150986 0.710231 -0.174727 0.462742 0.869103 0.470271 0.574902 0.669577 0.543954 -0.119622 0.830545 0.921927 -0.027569 0.386381 -0.990160 -0.090016 -0.107147 0.796809 0.287784 -0.531297 -0.730495 -0.575475 -0.367702 -0.785012 -0.573574 -0.234027 -0.942148 -0.187741 -0.277688 -0.965855 -0.118018 -0.230644 -0.954281 0.120920 -0.273359 -0.991152 0.021534 -0.130974 -0.859639 -0.458074 -0.226250 -0.783496 -0.335399 -0.523108 -0.702499 -0.390191 -0.595186 -0.228503 -0.724356 -0.650458 -0.415323 0.163445 -0.894870 -0.453746 -0.707643 -0.541623 -0.699694 0.270927 -0.661080 -0.898828 0.110896 -0.424041 -0.801458 0.269455 -0.533908 -0.608361 0.502237 -0.614536 -0.638906 0.349712 -0.685202 0.004453 0.314540 -0.949234 -0.000000 0.028597 -0.999591 -0.000000 -0.791289 -0.611443 0.232038 -0.725091 -0.648384 0.951120 0.113175 -0.287336 0.896038 0.116519 -0.428415 0.792683 0.296942 -0.532428 0.701012 0.268904 -0.660509 0.603928 0.503071 -0.618215 0.634581 0.354772 -0.686618 0.422080 0.165988 -0.891233 0.457566 -0.706962 -0.539294 0.730230 -0.577482 -0.365073 0.862202 -0.455784 -0.221062 0.800482 -0.336735 -0.495821 0.966082 -0.118329 -0.229528 0.697110 -0.381188 -0.607234 0.772939 -0.593573 -0.224136 0.941227 -0.183781 -0.283403 0.990994 0.021811 -0.132115 0.837215 -0.011291 0.546757 0.670929 0.355256 -0.650882 0.718939 0.118662 0.684870 0.406331 0.590262 -0.697485 0.290151 0.453192 0.842870 0.115457 0.682737 -0.721484 -0.180129 0.479385 0.858920 -0.242604 0.745729 -0.620509 -0.557857 0.277841 0.782049 -0.709114 0.481154 -0.515410 -0.799347 -0.034316 0.599889 -0.835530 0.309941 -0.453682 -0.709114 0.481154 -0.515410 0.808599 -0.461786 -0.364583 0.310840 -0.894489 -0.321354 -0.345770 -0.871746 -0.347134 0.406331 0.590262 -0.697485 -0.866017 -0.494492 -0.074106 0.670929 0.355256 -0.650882 -0.920981 -0.265422 0.285210 -0.835530 0.309941 -0.453682 0.927353 -0.055297 -0.370080 -0.799347 -0.034316 0.599889 -0.557857 0.277841 0.782049 -0.180129 0.479385 0.858920 0.290151 0.453192 0.842870 0.718939 0.118662 0.684870 0.837215 -0.011291 0.546757 0.990289 -0.012579 0.138451 0.995491 0.019250 0.092887 0.998315 -0.005251 0.057793 0.997188 0.054873 0.051030 0.986777 0.028196 0.159612 0.903230 -0.052220 0.425967 0.846450 -0.073192 0.527414 0.674351 -0.165537 0.719616 0.773211 -0.070061 0.630267 0.752267 -0.275006 0.598720 0.710879 -0.346978 0.611766 0.613338 -0.292518 0.733655 0.617538 -0.112263 0.778488 0.485665 -0.296147 0.822451 0.454177 -0.517891 0.724922 0.000000 -0.392347 0.919817 0.000000 -0.123955 0.992288 0.000000 -0.123955 0.992288 0.000000 -0.392347 0.919817 -0.388043 -0.437588 0.811135 -0.504924 -0.396355 0.766781 -0.426564 -0.272355 0.862476 -0.785455 -0.139550 0.602982 -0.691171 -0.300573 0.657220 -0.744668 -0.265334 0.612427 -0.632135 -0.206810 0.746749 -0.771080 -0.094215 0.629730 -0.908869 -0.036202 0.415508 -0.892427 -0.074175 0.445053 -0.994644 0.036479 0.096708 -0.985271 0.124004 0.117746 -0.994161 0.009773 0.107462 -0.997393 -0.018989 0.069618 -0.980126 -0.052202 0.191385 0.137090 -0.497025 -0.856839 0.427190 -0.839005 0.337016 0.608536 0.638180 -0.471604 0.554544 0.469643 0.686961 0.608536 0.638180 -0.471604 0.485211 0.874396 0.001282 0.435635 0.884186 -0.168631 0.344736 0.840710 -0.417568 0.300737 0.917685 -0.259638 -0.123214 0.656833 -0.743901 -0.016092 0.479231 -0.877542 0.990040 0.133865 -0.043601 0.521359 0.454082 -0.722492 0.505109 -0.862544 -0.029699 0.127796 -0.467186 -0.874874 0.477618 -0.863584 -0.161566 0.427190 -0.839005 0.337016 0.527519 -0.847294 0.061777 0.248287 -0.962113 -0.112661 0.047091 -0.998421 -0.030636 -0.435180 -0.601179 -0.670225 -0.497852 -0.285767 -0.818829 0.294815 0.921232 -0.253803 0.046215 0.402678 -0.914174 -0.227961 -0.647489 -0.727181 -0.162099 -0.973578 -0.160839 -0.145093 -0.913001 0.381283 0.151266 -0.970977 0.185264 0.047091 -0.998421 -0.030636 0.383762 -0.918901 0.091369 0.527519 -0.847294 0.061777 0.137090 -0.497025 -0.856839 0.363596 -0.803851 0.470768 0.331681 -0.701313 -0.630990 0.259687 0.695297 0.670168 0.236251 0.652317 0.720186 0.127581 -0.064016 0.989760 0.085056 0.072588 0.993729 0.211181 0.684723 0.697536 -0.041745 -0.067965 0.996814 0.117618 0.521762 0.844944 -0.190230 -0.529867 0.826470 -0.088181 -0.760567 0.643243 0.151266 -0.970977 0.185264 0.242638 -0.810659 0.532878 0.383762 -0.918901 0.091369 0.069856 -0.945958 0.316677 0.485285 0.329557 0.809871 0.697666 0.714267 -0.055540 0.363596 -0.803851 0.470768 0.331681 -0.701313 -0.630990 0.211181 0.684723 0.697536 0.346015 0.831389 0.434818 0.370902 0.900615 0.226551 0.498883 0.865916 0.036135 0.485211 0.874396 0.001282 0.608536 0.638180 -0.471604 0.697666 0.714267 -0.055540 0.117618 0.521762 0.844944 0.211181 0.684723 0.697536 0.265287 0.860179 0.435562 0.300737 0.917685 -0.259638 0.259687 0.695297 0.670168 0.697666 0.714267 -0.055540 0.236251 0.652317 0.720186 0.259687 0.695297 0.670168 0.343722 0.659426 0.668590 0.697666 0.714267 -0.055540 0.324394 0.390906 -0.861372 0.331681 -0.701313 -0.630990 0.089650 -0.853168 -0.513875 0.069856 -0.945958 0.316677 0.013432 -0.588767 0.808191 0.127581 -0.064016 0.989760 0.022088 -0.864294 0.502501 0.178548 0.430569 0.884721 0.439454 0.831501 -0.339833 0.164454 -0.539151 -0.825997 0.657075 -0.628941 0.415554 0.706971 0.591427 0.387823 0.853713 0.103509 -0.510353 0.705615 -0.602939 -0.372251 0.625964 -0.587040 0.513375 0.757877 0.609442 0.232814 0.417746 0.371300 0.829232 0.507856 0.722837 -0.468604 0.735465 0.208912 -0.644552 0.137419 -0.573843 -0.807354 0.655051 -0.615169 -0.438720 0.363596 -0.803851 0.470768 0.159546 -0.364503 0.917433 0.485285 0.329557 0.809871 0.535110 0.713288 0.452634 0.608536 0.638180 -0.471604 0.218414 0.302127 -0.927909 0.137090 -0.497025 -0.856839 0.036234 -0.844087 -0.534980 0.187140 -0.760775 0.621450 0.931347 -0.161963 -0.326130 0.625580 -0.207410 -0.752084 -0.546922 0.380511 -0.745712 -0.491036 -0.730457 -0.474675 0.733862 -0.441715 -0.516075 0.891466 -0.368892 0.263072 0.876695 -0.358701 -0.320531 -0.016092 0.479231 -0.877542 -0.343317 0.503193 -0.793051 -0.497852 -0.285767 -0.818829 -0.620781 -0.589962 -0.516310 0.505109 -0.862544 -0.029699 0.634642 -0.618100 0.463876 0.990040 0.133865 -0.043601 0.891059 0.436227 0.125377 0.842589 0.538430 0.011735 0.572075 -0.579174 0.580764 0.915961 0.383548 0.117930 0.432876 0.355118 0.828559 0.430423 0.703961 -0.564956 0.793661 0.309173 -0.523941 0.722726 -0.345561 -0.598543 0.102506 -0.655222 -0.748449 0.427190 -0.839005 0.337016 0.192257 -0.364672 0.911072 0.554544 0.469643 0.686961 0.532192 0.732805 0.423991 0.521359 0.454082 -0.722492 0.115633 0.288170 -0.950572 0.127796 -0.467186 -0.874874 -0.054515 -0.828052 -0.557995 0.250178 -0.773610 0.582185 -0.013047 0.980142 0.197867 0.019341 0.977123 0.211794 -0.007982 0.798622 -0.601780 -0.052897 0.430845 -0.900874 -0.183906 -0.383566 -0.905017 -0.252475 -0.742941 -0.619916 -0.298977 -0.906842 0.297069 -0.291046 -0.891304 0.347662 -0.193838 -0.190828 0.962295 -0.120744 0.346670 0.930183 -0.032012 0.013007 0.999403 0.210982 0.972111 0.102409 0.098954 0.603174 -0.791447 -0.232747 -0.626216 -0.744099 -0.239749 -0.951707 0.191767 -0.212678 -0.917889 0.335034 -0.097805 -0.584116 -0.805756 0.216816 0.698037 -0.682448 0.243646 0.917494 0.314390 -0.069438 -0.030218 0.997129 -0.145093 -0.913001 0.381283 -0.162099 -0.973578 -0.160839 -0.227961 -0.647489 -0.727181 0.046215 0.402678 -0.914174 0.294815 0.921232 -0.253803 0.265287 0.860179 0.435562 0.117618 0.521762 0.844944 -0.190230 -0.529867 0.826470 -0.132278 -0.499932 -0.855904 -0.635668 0.619494 -0.460601 -0.423848 -0.838179 0.343234 -0.549958 0.489029 0.677050 -0.635668 0.619494 -0.460601 -0.477363 0.878693 -0.004862 -0.434887 0.883691 -0.173100 -0.341949 0.842179 -0.416900 -0.532457 0.450094 -0.716872 -0.255139 0.701123 0.665831 -0.238867 0.647829 0.723367 -0.719045 0.694251 -0.031478 -0.349274 0.827851 0.438942 -0.209453 0.684178 0.698592 -0.370626 0.901646 0.222869 -0.493770 0.869103 0.029187 -0.490906 0.325309 0.808199 -0.301492 0.916806 -0.261857 0.123031 0.654962 -0.745579 0.021022 0.483705 -0.874978 -0.988293 0.138371 -0.064275 -0.524554 -0.850139 -0.045899 -0.116982 0.518977 0.846746 -0.265909 0.859287 0.436942 -0.294673 0.920444 -0.256809 -0.048199 0.402192 -0.914286 0.432412 -0.601103 -0.672083 0.226016 -0.651616 -0.724095 -0.052177 -0.998238 -0.028240 0.159606 -0.973737 -0.162364 -0.159936 -0.970777 0.178922 0.145826 -0.911844 0.383765 0.088672 -0.756561 0.647884 0.189959 -0.529521 0.826754 0.041567 -0.067420 0.996858 -0.116982 0.518977 0.846746 -0.209453 0.684178 0.698592 -0.079144 0.075318 0.994014 -0.520965 -0.850388 0.073725 -0.382172 -0.919958 0.087310 -0.247033 -0.810726 0.530753 -0.117547 -0.057882 0.991379 -0.049466 -0.951015 0.305160 -0.340600 -0.698550 -0.629300 -0.365161 -0.791439 0.490186 -0.132278 -0.499932 -0.855904 -0.423848 -0.838179 0.343234 -0.474258 -0.866106 -0.157924 -0.137093 -0.474001 -0.869786 -0.238867 0.647829 0.723367 -0.255139 0.701123 0.665831 0.493803 -0.282844 -0.822288 -0.245329 -0.964025 -0.102323 -0.365161 -0.791439 0.490186 -0.719045 0.694251 -0.031478 -0.340600 -0.698550 -0.629300 -0.255139 0.701123 0.665831 -0.342572 0.658348 0.670240 -0.117547 -0.057882 0.991379 -0.021516 -0.592109 0.805571 -0.049466 -0.951015 0.305160 -0.068777 -0.852023 -0.518967 -0.340600 -0.698550 -0.629300 -0.314376 0.393120 -0.864074 -0.719045 0.694251 -0.031478 -0.168302 -0.537463 -0.826322 -0.427997 0.835587 -0.344403 -0.164595 0.432938 0.886269 -0.032498 -0.865756 0.499410 -0.657073 -0.632575 0.410005 -0.703834 0.596719 0.385414 -0.855189 0.103166 -0.507946 -0.708192 -0.608141 -0.358649 -0.629709 -0.580721 0.515974 -0.409339 0.375123 0.831699 -0.753389 0.612373 0.239590 -0.488849 0.733367 -0.472440 -0.736598 0.198232 -0.646627 -0.133641 -0.567465 -0.812480 -0.645804 -0.614947 -0.452523 -0.365161 -0.791439 0.490186 -0.490906 0.325309 0.808199 -0.160044 -0.364788 0.917233 -0.540105 0.710962 0.450355 -0.635668 0.619494 -0.460601 -0.214190 0.302266 -0.928848 -0.132278 -0.499932 -0.855904 -0.043180 -0.841945 -0.537833 -0.186789 -0.759537 0.623068 -0.928591 -0.160761 -0.334477 -0.879941 -0.356678 -0.313822 -0.885792 -0.376354 0.271531 -0.737058 -0.434972 -0.517248 -0.614354 -0.192775 -0.765119 0.567948 0.380671 -0.729743 0.510281 -0.723552 -0.464850 0.021022 0.483705 -0.874978 -0.891447 0.430274 0.142078 -0.988293 0.138371 -0.064275 -0.640403 -0.615665 0.459174 -0.524554 -0.850139 -0.045899 0.622013 -0.577798 -0.528440 0.493803 -0.282844 -0.822288 0.335706 0.498013 -0.799553 -0.841703 0.539667 0.017187 -0.437408 0.362098 0.823140 -0.571454 -0.580031 0.580521 -0.259642 -0.775518 0.575463 -0.094717 -0.653482 -0.750993 -0.724195 -0.360284 -0.587994 -0.430825 0.709226 -0.558022 -0.794421 0.301962 -0.526986 -0.916788 0.378240 0.128198 -0.549958 0.489029 0.677050 -0.199167 -0.362953 0.910273 -0.423848 -0.838179 0.343234 0.050419 -0.829373 -0.556416 -0.137093 -0.474001 -0.869786 -0.109040 0.282611 -0.953017 -0.532457 0.450094 -0.716872 -0.537391 0.733511 0.416141 0.018375 0.980239 0.196962 -0.020568 0.977673 0.209123 0.119522 0.346210 0.930512 0.190897 -0.194523 0.962143 0.294322 -0.907847 0.298644 0.289387 -0.891356 0.348911 0.251112 -0.743604 -0.619674 0.181607 -0.381230 -0.906467 0.053057 0.429612 -0.901454 0.007786 0.796222 -0.604955 0.035842 0.018954 0.999178 0.254379 -0.948230 0.190134 0.247550 -0.620877 -0.743795 -0.095789 0.605375 -0.790156 -0.217692 0.970431 0.104274 0.214952 -0.916869 0.336372 0.097620 -0.586852 -0.803788 -0.217758 0.699397 -0.680754 -0.241963 0.917656 0.315215 0.069659 -0.034898 0.996960 0.226016 -0.651616 -0.724095 0.159606 -0.973737 -0.162364 0.145826 -0.911844 0.383765 0.189959 -0.529521 0.826754 -0.116982 0.518977 0.846746 -0.265909 0.859287 0.436942 -0.294673 0.920444 -0.256809 -0.048199 0.402192 -0.914286 0.645060 0.578425 -0.499321 0.380738 -0.924680 -0.002232 0.264680 -0.941223 -0.209864 0.645060 0.578425 -0.499321 0.928632 0.279592 -0.243867 0.074628 0.920465 -0.383635 -0.003204 0.488210 -0.872720 0.264680 -0.941223 -0.209864 0.119768 0.011427 -0.992736 -0.301059 0.835306 -0.460029 0.152547 0.881644 -0.446580 -0.003204 0.488210 -0.872720 0.743821 0.246167 -0.621396 0.928632 0.279592 -0.243867 0.588992 -0.806258 0.055103 0.944695 -0.002883 0.327936 0.876517 0.333883 -0.346757 0.558499 0.631821 0.537477 0.152547 0.881644 -0.446580 0.876517 0.333883 -0.346757 -0.025908 -0.898539 -0.438128 0.588992 -0.806258 0.055103 0.370285 -0.829628 0.417859 0.944695 -0.002883 0.327936 0.195584 0.070905 0.978120 0.558499 0.631821 0.537477 -0.020033 0.811032 0.584659 -0.767125 0.228550 0.599403 -0.160272 -0.221275 0.961951 0.195584 0.070905 0.978120 -0.767440 0.600391 0.224870 -0.725904 0.557978 -0.402149 -0.758972 0.630811 -0.161364 -0.935183 -0.350530 -0.050614 -0.767125 0.228550 0.599403 -0.543070 -0.721626 0.429338 -0.137834 -0.980460 -0.140358 -0.020033 0.811032 0.584659 -0.350727 -0.934235 0.064772 -0.935183 -0.350530 -0.050614 -0.758972 0.630811 -0.161364 -0.615190 0.691759 -0.378168 -0.350727 -0.934235 0.064772 -0.605002 0.567959 -0.558028 -0.037863 0.848809 -0.527341 -0.615190 0.691759 -0.378168 0.074628 0.920465 -0.383635 -0.301059 0.835306 -0.460029 -0.725904 0.557978 -0.402149 0.119768 0.011427 -0.992736 -0.605002 0.567959 -0.558028 -0.037863 0.848809 -0.527341 -0.767440 0.600391 0.224870 -0.605002 0.567959 -0.558028 0.119768 0.011427 -0.992736 -0.350727 -0.934235 0.064772 -0.160272 -0.221275 0.961951 -0.543070 -0.721626 0.429338 0.370285 -0.829628 0.417859 -0.025908 -0.898539 -0.438128 -0.137834 -0.980460 -0.140358 -0.543070 -0.721626 0.429338 -0.767440 0.600391 0.224870 -0.020033 0.811032 0.584659 -0.301059 0.835306 -0.460029 0.152547 0.881644 -0.446580 0.558499 0.631821 0.537477 0.152547 0.881644 -0.446580 0.876517 0.333883 -0.346757 -0.137834 -0.980460 -0.140358 -0.935183 -0.350530 -0.050614 -0.025908 -0.898539 -0.438128 0.588992 -0.806258 0.055103 0.119768 0.011427 -0.992736 0.264680 -0.941223 -0.209864 -0.350727 -0.934235 0.064772 0.380738 -0.924680 -0.002232 0.588992 -0.806258 0.055103 -0.935183 -0.350530 -0.050614 0.025908 -0.898539 -0.438128 0.935183 -0.350530 -0.050614 0.137834 -0.980460 -0.140358 0.935183 -0.350530 -0.050614 -0.588992 -0.806258 0.055104 -0.588992 -0.806258 0.055104 0.350727 -0.934235 0.064772 0.935183 -0.350530 -0.050614 0.350727 -0.934235 0.064772 -0.380738 -0.924680 -0.002232 0.605002 0.567959 -0.558029 -0.119768 0.011427 -0.992736 -0.380738 -0.924680 -0.002232 -0.264680 -0.941224 -0.209864 -0.119768 0.011427 -0.992736 -0.645061 0.578425 -0.499321 -0.264680 -0.941224 -0.209864 -0.380738 -0.924680 -0.002232 -0.928632 0.279592 -0.243867 -0.645061 0.578425 -0.499321 -0.074628 0.920464 -0.383635 -0.928632 0.279592 -0.243867 -0.645061 0.578425 -0.499321 0.037863 0.848809 -0.527342 -0.119768 0.011427 -0.992736 0.003204 0.488210 -0.872721 -0.074628 0.920464 -0.383635 -0.928632 0.279592 -0.243867 -0.743821 0.246166 -0.621396 -0.380738 -0.924680 -0.002232 -0.588992 -0.806258 0.055104 -0.944695 -0.002883 0.327937 -0.743821 0.246166 -0.621396 -0.370284 -0.829628 0.417859 -0.195584 0.070905 0.978120 -0.195584 0.070905 0.978120 0.160272 -0.221274 0.961951 0.160272 -0.221274 0.961951 0.767125 0.228550 0.599403 0.935183 -0.350530 -0.050614 0.758972 0.630811 -0.161365 0.350727 -0.934235 0.064772 0.935183 -0.350530 -0.050614 0.543070 -0.721626 0.429338 0.767125 0.228550 0.599403 0.543070 -0.721626 0.429338 0.137834 -0.980460 -0.140358 0.935183 -0.350530 -0.050614 0.758972 0.630811 -0.161365 0.725904 0.557978 -0.402149 0.350727 -0.934235 0.064772 0.615190 0.691759 -0.378169 0.605002 0.567959 -0.558029 0.037863 0.848809 -0.527342 0.615190 0.691759 -0.378169 0.615190 0.691759 -0.378169 -0.074628 0.920464 -0.383635 0.725904 0.557978 -0.402149 0.003204 0.488210 -0.872721 0.301059 0.835306 -0.460030 0.767440 0.600392 0.224870 0.301059 0.835306 -0.460030 0.037863 0.848809 -0.527342 -0.119768 0.011427 -0.992736 -0.119768 0.011427 -0.992736 0.003204 0.488210 -0.872721 -0.152547 0.881644 -0.446580 -0.152547 0.881644 -0.446580 -0.743821 0.246166 -0.621396 -0.876517 0.333883 -0.346757 -0.944695 -0.002883 0.327937 -0.876517 0.333883 -0.346757 -0.876517 0.333883 -0.346757 -0.558499 0.631821 0.537477 -0.944695 -0.002883 0.327937 -0.558499 0.631821 0.537477 0.020033 0.811032 0.584659 -0.195584 0.070905 0.978120 0.020033 0.811032 0.584659 0.767440 0.600392 0.224870 0.725904 0.557978 -0.402149 0.767125 0.228550 0.599403 0.137834 -0.980460 -0.140358 -0.370284 -0.829628 0.417859 0.025908 -0.898539 -0.438128 0.543070 -0.721626 0.429338 -0.370284 -0.829628 0.417859 0.160272 -0.221274 0.961951 0.543070 -0.721626 0.429338 0.025908 -0.898539 -0.438128 -0.370284 -0.829628 0.417859 -0.588992 -0.806258 0.055104 -0.588992 -0.806258 0.055104 0.767440 0.600392 0.224870 0.301059 0.835306 -0.460030 0.020033 0.811032 0.584659 -0.152547 0.881644 -0.446580 0.020033 0.811032 0.584659 -0.558499 0.631821 0.537477 -0.876517 0.333883 -0.346757</float_array>
    <technique_common><accessor source="#geom-nrm-a" count="1952" stride="3"><param name="X" type="float"/><param name="Y" type="float"/><param name="Z" type="float"/></accessor></technique_common></source>
   <source id="geom-uv"><float_array id="geom-uv-a" count="3904">0.391602 0.632812 0.446289 0.601562 0.436523 0.672852 0.500000 0.553711 0.499023 0.646484 0.490234 0.718750 0.748047 0.870117 0.748047 0.863281 0.754883 0.866211 0.758789 0.873047 0.763672 0.866211 0.770508 0.870117 0.770508 0.863281 0.748047 0.856445 0.752930 0.859375 0.758789 0.861328 0.764648 0.859375 0.770508 0.856445 0.748047 0.849609 0.751953 0.852539 0.756836 0.854492 0.761719 0.854492 0.765625 0.852539 0.770508 0.849609 0.493164 0.738281 0.459961 0.699219 0.507812 0.689453 0.751953 0.844727 0.754883 0.846680 0.758789 0.847656 0.762695 0.846680 0.766602 0.844727 0.770508 0.841797 0.425781 0.659180 0.471680 0.646484 0.515625 0.634766 0.753906 0.839844 0.757812 0.839844 0.760742 0.839844 0.763672 0.839844 0.767578 0.837891 0.770508 0.834961 0.390625 0.618164 0.433594 0.603516 0.475586 0.588867 0.535156 0.566406 0.755859 0.832031 0.758789 0.833008 0.761719 0.832031 0.764648 0.831055 0.767578 0.830078 0.770508 0.828125 0.355469 0.694336 0.410156 0.729492 0.328125 0.736328 0.777344 0.866211 0.781250 0.873047 0.785156 0.866211 0.791992 0.870117 0.791992 0.863281 0.775391 0.859375 0.781250 0.861328 0.787109 0.859375 0.791992 0.856445 0.774414 0.852539 0.778320 0.854492 0.783203 0.854492 0.788086 0.852539 0.791992 0.849609 0.773438 0.844727 0.777344 0.846680 0.781250 0.847656 0.785156 0.846680 0.788086 0.844727 0.791992 0.841797 0.772461 0.837891 0.776367 0.839844 0.779297 0.839844 0.782227 0.839844 0.786133 0.839844 0.789062 0.837891 0.791992 0.834961 0.772461 0.830078 0.775391 0.831055 0.778320 0.832031 0.781250 0.833008 0.784180 0.832031 0.786133 0.831055 0.789062 0.830078 0.791992 0.828125 0.320312 0.653320 0.285156 0.716797 0.266602 0.635742 0.798828 0.866211 0.682617 0.870117 0.689453 0.866211 0.694336 0.873047 0.698242 0.866211 0.705078 0.870117 0.705078 0.863281 0.796875 0.859375 0.688477 0.859375 0.694336 0.861328 0.700195 0.859375 0.705078 0.856445 0.795898 0.852539 0.799805 0.854492 0.691406 0.854492 0.696289 0.854492 0.701172 0.852539 0.705078 0.849609 0.794922 0.844727 0.798828 0.846680 0.690430 0.846680 0.694336 0.847656 0.698242 0.846680 0.701172 0.844727 0.705078 0.841797 0.794922 0.837891 0.797852 0.839844 0.305664 0.533203 0.361328 0.516602 0.350586 0.572266 0.293945 0.591797 0.339844 0.628906 0.285156 0.650391 0.332031 0.685547 0.279297 0.708008 0.325195 0.740234 0.702148 0.837891 0.705078 0.834961 0.793945 0.830078 0.796875 0.831055 0.416016 0.528320 0.410156 0.556641 0.400391 0.610352 0.391602 0.665039 0.382812 0.717773 0.373047 0.736328 0.702148 0.830078 0.705078 0.828125 0.373047 0.584961 0.292969 0.569336 0.351562 0.527344 0.711914 0.866211 0.715820 0.873047 0.719727 0.866211 0.726562 0.870117 0.726562 0.863281 0.709961 0.859375 0.715820 0.861328 0.721680 0.859375 0.726562 0.856445 0.708984 0.852539 0.712891 0.854492 0.717773 0.854492 0.722656 0.852539 0.726562 0.849609 0.708008 0.844727 0.711914 0.846680 0.715820 0.847656 0.719727 0.846680 0.723633 0.844727 0.726562 0.841797 0.708008 0.837891 0.710938 0.839844 0.713867 0.839844 0.716797 0.839844 0.720703 0.839844 0.723633 0.837891 0.726562 0.834961 0.707031 0.830078 0.709961 0.831055 0.712891 0.832031 0.715820 0.833008 0.718750 0.832031 0.721680 0.831055 0.723633 0.830078 0.726562 0.828125 0.434570 0.541992 0.733398 0.866211 0.737305 0.873047 0.741211 0.866211 0.731445 0.859375 0.737305 0.861328 0.743164 0.859375 0.730469 0.852539 0.735352 0.854492 0.740234 0.854492 0.744141 0.852539 0.729492 0.844727 0.733398 0.846680 0.737305 0.847656 0.741211 0.846680 0.745117 0.844727 0.443359 0.745117 0.729492 0.837891 0.732422 0.839844 0.735352 0.839844 0.739258 0.839844 0.742188 0.839844 0.387695 0.744141 0.406250 0.702148 0.729492 0.830078 0.731445 0.831055 0.734375 0.832031 0.737305 0.833008 0.740234 0.832031 0.296875 0.742188 0.339844 0.696289 0.369141 0.658203 0.342773 0.601562 0.381836 0.567383 0.295898 0.585938 0.338867 0.534180 0.375000 0.529297 0.745117 0.816406 0.744141 0.810547 0.747070 0.810547 0.748047 0.816406 0.750000 0.810547 0.750977 0.816406 0.752930 0.810547 0.528320 0.029297 0.743164 0.029297 0.743164 0.028320 0.522461 0.028320 0.743164 0.028320 0.522461 0.028320 0.743164 0.028320 0.528320 0.029297 0.540039 0.114258 0.742188 0.022461 0.742188 0.159180 0.958008 0.030273 0.968750 0.029297 0.973633 0.028320 0.973633 0.028320 0.968750 0.029297 0.945312 0.104492 0.935547 0.237305 0.113281 0.405273 0.111328 0.396484 0.114258 0.395508 0.115234 0.405273 0.116211 0.394531 0.118164 0.405273 0.119141 0.394531 0.120117 0.405273 0.121094 0.394531 0.123047 0.405273 0.124023 0.395508 0.125000 0.405273 0.125977 0.396484 0.110352 0.387695 0.113281 0.385742 0.115234 0.384766 0.118164 0.383789 0.120117 0.383789 0.123047 0.384766 0.125000 0.385742 0.126953 0.387695 0.109375 0.379883 0.111328 0.376953 0.114258 0.374023 0.116211 0.373047 0.119141 0.373047 0.121094 0.373047 0.124023 0.374023 0.125977 0.376953 0.128906 0.379883 0.768555 0.822266 0.771484 0.822266 0.767578 0.816406 0.770508 0.816406 0.772461 0.816406 0.765625 0.810547 0.768555 0.810547 0.771484 0.810547 0.774414 0.810547 0.548828 0.794922 0.742188 0.753906 0.742188 0.851562 0.548828 0.881836 0.742188 0.922852 0.548828 0.940430 0.742188 0.966797 0.548828 0.969727 0.742188 0.981445 0.935547 0.694336 0.935547 0.799805 0.935547 0.881836 0.935547 0.938477 0.935547 0.967773 0.935547 0.969727 0.132812 0.405273 0.130859 0.396484 0.133789 0.395508 0.134766 0.405273 0.135742 0.394531 0.137695 0.405273 0.138672 0.394531 0.139648 0.405273 0.140625 0.394531 0.142578 0.405273 0.143555 0.395508 0.144531 0.405273 0.145508 0.396484 0.129883 0.387695 0.132812 0.385742 0.134766 0.384766 0.137695 0.383789 0.139648 0.383789 0.142578 0.384766 0.144531 0.385742 0.146484 0.387695 0.130859 0.376953 0.133789 0.374023 0.135742 0.373047 0.138672 0.373047 0.140625 0.373047 0.143555 0.374023 0.145508 0.376953 0.148438 0.379883 0.790039 0.822266 0.792969 0.822266 0.789062 0.816406 0.791992 0.816406 0.794922 0.816406 0.788086 0.810547 0.790039 0.810547 0.792969 0.810547 0.795898 0.810547 0.548828 0.694336 0.742188 0.753906 0.742188 0.632812 0.548828 0.559570 0.742188 0.490234 0.548828 0.406250 0.742188 0.331055 0.548828 0.237305 0.742188 0.159180 0.935547 0.794922 0.935547 0.686523 0.935547 0.556641 0.935547 0.409180 0.935547 0.247070 0.945312 0.114258 0.152344 0.405273 0.150391 0.396484 0.153320 0.395508 0.154297 0.405273 0.155273 0.394531 0.157227 0.405273 0.158203 0.394531 0.159180 0.405273 0.160156 0.394531 0.161133 0.405273 0.163086 0.395508 0.164062 0.405273 0.165039 0.396484 0.149414 0.387695 0.152344 0.385742 0.154297 0.384766 0.157227 0.383789 0.159180 0.383789 0.162109 0.384766 0.164062 0.385742 0.166016 0.387695 0.150391 0.376953 0.153320 0.374023 0.155273 0.373047 0.158203 0.373047 0.160156 0.373047 0.163086 0.374023 0.165039 0.376953 0.069336 0.387695 0.068359 0.376953 0.070312 0.379883 0.703125 0.822266 0.706055 0.822266 0.702148 0.816406 0.705078 0.816406 0.708008 0.816406 0.700195 0.810547 0.703125 0.810547 0.706055 0.810547 0.708984 0.810547 0.528320 0.083984 0.743164 0.084961 0.743164 0.083008 0.522461 0.082031 0.743164 0.081055 0.522461 0.079102 0.743164 0.078125 0.528320 0.076172 0.743164 0.074219 0.958008 0.084961 0.968750 0.083984 0.973633 0.082031 0.973633 0.079102 0.968750 0.076172 0.958008 0.072266 0.074219 0.405273 0.073242 0.396484 0.075195 0.395508 0.076172 0.405273 0.077148 0.394531 0.079102 0.405273 0.080078 0.394531 0.081055 0.405273 0.082031 0.394531 0.083984 0.405273 0.084961 0.395508 0.085938 0.405273 0.086914 0.396484 0.071289 0.387695 0.074219 0.385742 0.076172 0.384766 0.079102 0.383789 0.081055 0.383789 0.083984 0.384766 0.085938 0.385742 0.087891 0.387695 0.072266 0.376953 0.075195 0.374023 0.077148 0.373047 0.080078 0.373047 0.082031 0.373047 0.084961 0.374023 0.086914 0.376953 0.089844 0.379883 0.724609 0.822266 0.727539 0.822266 0.723633 0.816406 0.726562 0.816406 0.729492 0.816406 0.722656 0.810547 0.725586 0.810547 0.727539 0.810547 0.730469 0.810547 0.528320 0.054688 0.743164 0.057617 0.743164 0.052734 0.522461 0.050781 0.743164 0.047852 0.522461 0.045898 0.743164 0.043945 0.528320 0.041992 0.743164 0.040039 0.958008 0.059570 0.968750 0.054688 0.973633 0.050781 0.973633 0.045898 0.968750 0.041992 0.958008 0.038086 0.093750 0.405273 0.092773 0.396484 0.094727 0.395508 0.095703 0.405273 0.096680 0.394531 0.098633 0.405273 0.099609 0.394531 0.100586 0.405273 0.101562 0.394531 0.103516 0.405273 0.104492 0.395508 0.105469 0.405273 0.106445 0.396484 0.090820 0.387695 0.093750 0.385742 0.095703 0.384766 0.098633 0.383789 0.100586 0.383789 0.103516 0.384766 0.105469 0.385742 0.107422 0.387695 0.091797 0.376953 0.094727 0.374023 0.096680 0.373047 0.099609 0.373047 0.101562 0.373047 0.104492 0.374023 0.106445 0.376953 0.128906 0.396484 0.129883 0.405273 0.127930 0.405273 0.742188 0.632812 0.935547 0.559570 0.742188 0.490234 0.935547 0.406250 0.742188 0.331055 0.548828 0.686523 0.548828 0.556641 0.548828 0.409180 0.548828 0.247070 0.764648 0.817383 0.762695 0.810547 0.761719 0.817383 0.760742 0.810547 0.758789 0.817383 0.757812 0.810547 0.756836 0.817383 0.754883 0.810547 0.753906 0.817383 0.765625 0.823242 0.763672 0.824219 0.760742 0.825195 0.757812 0.825195 0.754883 0.824219 0.421875 0.529297 0.467773 0.532227 0.424805 0.549805 0.148438 0.396484 0.149414 0.405273 0.147461 0.405273 0.742188 0.851562 0.935547 0.881836 0.742188 0.922852 0.935547 0.940430 0.742188 0.966797 0.548828 0.799805 0.548828 0.881836 0.548828 0.938477 0.548828 0.967773 0.786133 0.817383 0.785156 0.810547 0.783203 0.817383 0.782227 0.810547 0.781250 0.817383 0.779297 0.810547 0.778320 0.817383 0.777344 0.810547 0.775391 0.817383 0.788086 0.823242 0.785156 0.824219 0.782227 0.825195 0.779297 0.825195 0.776367 0.824219 0.774414 0.823242 0.070312 0.396484 0.067383 0.396484 0.071289 0.405273 0.069336 0.405273 0.166016 0.405273 0.743164 0.085938 0.963867 0.085938 0.743164 0.085938 0.963867 0.085938 0.743164 0.085938 0.958008 0.084961 0.742188 0.022461 0.517578 0.084961 0.511719 0.085938 0.511719 0.085938 0.517578 0.084961 0.540039 0.114258 0.699219 0.817383 0.698242 0.810547 0.696289 0.817383 0.695312 0.810547 0.694336 0.817383 0.692383 0.810547 0.691406 0.817383 0.801758 0.810547 0.799805 0.817383 0.798828 0.810547 0.796875 0.817383 0.700195 0.823242 0.485352 0.734375 0.425781 0.729492 0.441406 0.705078 0.498047 0.687500 0.452148 0.648438 0.509766 0.629883 0.461914 0.591797 0.525391 0.562500 0.481445 0.533203 0.798828 0.824219 0.795898 0.823242 0.089844 0.396484 0.090820 0.405273 0.088867 0.405273 0.743164 0.061523 0.963867 0.063477 0.743164 0.066406 0.963867 0.068359 0.743164 0.070312 0.517578 0.059570 0.511719 0.063477 0.511719 0.068359 0.517578 0.072266 0.720703 0.817383 0.719727 0.810547 0.718750 0.817383 0.716797 0.810547 0.715820 0.817383 0.713867 0.810547 0.712891 0.817383 0.711914 0.810547 0.709961 0.817383 0.722656 0.823242 0.719727 0.824219 0.716797 0.825195 0.713867 0.825195 0.711914 0.824219 0.708984 0.823242 0.109375 0.396484 0.110352 0.405273 0.108398 0.405273 0.743164 0.031250 0.963867 0.032227 0.743164 0.033203 0.963867 0.035156 0.743164 0.036133 0.517578 0.030273 0.511719 0.032227 0.511719 0.035156 0.517578 0.038086 0.743164 0.817383 0.741211 0.810547 0.740234 0.817383 0.738281 0.810547 0.737305 0.817383 0.736328 0.810547 0.734375 0.817383 0.733398 0.810547 0.732422 0.817383 0.318359 0.640625 0.268555 0.625000 0.281250 0.685547 0.741211 0.824219 0.738281 0.825195 0.736328 0.825195 0.733398 0.824219 0.730469 0.823242 0.138672 0.295898 0.148438 0.306641 0.128906 0.306641 0.148438 0.316406 0.138672 0.313477 0.128906 0.316406 0.148438 0.327148 0.142578 0.322266 0.134766 0.322266 0.128906 0.327148 0.148438 0.337891 0.143555 0.333008 0.138672 0.331055 0.132812 0.333008 0.128906 0.337891 0.148438 0.348633 0.144531 0.343750 0.140625 0.340820 0.136719 0.340820 0.131836 0.343750 0.128906 0.348633 0.148438 0.358398 0.145508 0.354492 0.141602 0.351562 0.138672 0.350586 0.134766 0.351562 0.131836 0.354492 0.128906 0.358398 0.148438 0.369141 0.145508 0.365234 0.142578 0.363281 0.139648 0.361328 0.136719 0.361328 0.133789 0.363281 0.130859 0.365234 0.128906 0.369141 0.060547 0.295898 0.070312 0.306641 0.050781 0.306641 0.070312 0.316406 0.060547 0.313477 0.158203 0.313477 0.070312 0.327148 0.064453 0.322266 0.161133 0.322266 0.154297 0.322266 0.070312 0.337891 0.065430 0.333008 0.163086 0.333008 0.158203 0.331055 0.152344 0.333008 0.070312 0.348633 0.066406 0.343750 0.164062 0.343750 0.160156 0.340820 0.156250 0.340820 0.151367 0.343750 0.070312 0.358398 0.067383 0.354492 0.165039 0.354492 0.161133 0.351562 0.158203 0.350586 0.154297 0.351562 0.151367 0.354492 0.070312 0.369141 0.067383 0.365234 0.165039 0.365234 0.162109 0.363281 0.159180 0.361328 0.156250 0.361328 0.153320 0.363281 0.150391 0.365234 0.080078 0.295898 0.089844 0.306641 0.089844 0.316406 0.080078 0.313477 0.089844 0.327148 0.083984 0.322266 0.076172 0.322266 0.089844 0.337891 0.084961 0.333008 0.080078 0.331055 0.074219 0.333008 0.089844 0.348633 0.085938 0.343750 0.082031 0.340820 0.078125 0.340820 0.074219 0.343750 0.089844 0.358398 0.086914 0.354492 0.083008 0.351562 0.080078 0.350586 0.076172 0.351562 0.073242 0.354492 0.089844 0.369141 0.086914 0.365234 0.083984 0.363281 0.081055 0.361328 0.078125 0.361328 0.075195 0.363281 0.073242 0.365234 0.099609 0.295898 0.109375 0.306641 0.109375 0.316406 0.099609 0.313477 0.109375 0.327148 0.103516 0.322266 0.095703 0.322266 0.109375 0.337891 0.104492 0.333008 0.099609 0.331055 0.093750 0.333008 0.109375 0.348633 0.105469 0.343750 0.101562 0.340820 0.097656 0.340820 0.093750 0.343750 0.109375 0.358398 0.106445 0.354492 0.102539 0.351562 0.099609 0.350586 0.095703 0.351562 0.092773 0.354492 0.109375 0.369141 0.106445 0.365234 0.103516 0.363281 0.100586 0.361328 0.097656 0.361328 0.094727 0.363281 0.092773 0.365234 0.119141 0.295898 0.119141 0.313477 0.123047 0.322266 0.115234 0.322266 0.124023 0.333008 0.119141 0.331055 0.113281 0.333008 0.125000 0.343750 0.121094 0.340820 0.117188 0.340820 0.112305 0.343750 0.125977 0.354492 0.122070 0.351562 0.119141 0.350586 0.115234 0.351562 0.112305 0.354492 0.125977 0.365234 0.123047 0.363281 0.120117 0.361328 0.117188 0.361328 0.114258 0.363281 0.112305 0.365234 0.373047 0.467773 0.346680 0.372070 0.283203 0.232422 0.329102 0.349609 0.373047 0.462891 0.373047 0.460938 0.329102 0.346680 0.373047 0.459961 0.329102 0.346680 0.373047 0.459961 0.330078 0.346680 0.329102 0.346680 0.373047 0.459961 0.373047 0.459961 0.329102 0.346680 0.373047 0.462891 0.329102 0.349609 0.346680 0.372070 0.283203 0.238281 0.346680 0.372070 0.346680 0.372070 0.373047 0.467773 0.346680 0.371094 0.373047 0.469727 0.373047 0.469727 0.346680 0.371094 0.373047 0.469727 0.347656 0.370117 0.373047 0.469727 0.347656 0.370117 0.347656 0.370117 0.373047 0.469727 0.346680 0.371094 0.373047 0.469727 0.346680 0.371094 0.373047 0.469727 0.373047 0.467773 0.346680 0.372070 0.346680 0.372070 0.057617 0.887695 0.058594 0.896484 0.058594 0.888672 0.050781 0.887695 0.051758 0.896484 0.055664 0.894531 0.052734 0.900391 0.056641 0.901367 0.057617 0.880859 0.053711 0.879883 0.053711 0.875977 0.052734 0.876953 0.058594 0.896484 0.057617 0.887695 0.058594 0.888672 0.056641 0.901367 0.055664 0.894531 0.052734 0.900391 0.051758 0.896484 0.050781 0.887695 0.052734 0.876953 0.053711 0.879883 0.054688 0.875977 0.057617 0.880859 0.069336 0.717773 0.063477 0.720703 0.069336 0.721680 0.068359 0.717773 0.064453 0.715820 0.063477 0.717773 0.059570 0.717773 0.059570 0.715820 0.056641 0.715820 0.056641 0.717773 0.059570 0.717773 0.059570 0.715820 0.064453 0.715820 0.063477 0.717773 0.067383 0.720703 0.068359 0.717773 0.069336 0.721680 0.069336 0.717773 0.068359 0.714844 0.064453 0.714844 0.064453 0.714844 0.059570 0.714844 0.056641 0.714844 0.059570 0.714844 0.059570 0.714844 0.068359 0.714844 0.064453 0.714844 0.489258 0.976562 0.492188 0.769531 0.322266 0.973633 0.322266 0.768555 0.300781 0.248047 0.304688 0.248047 0.285156 0.315430 0.308594 0.248047 0.266602 0.248047 0.270508 0.248047 0.274414 0.248047 0.281250 0.248047 0.285156 0.248047 0.300781 0.248047 0.285156 0.315430 0.304688 0.248047 0.308594 0.248047 0.285156 0.248047 0.281250 0.248047 0.274414 0.248047 0.270508 0.248047 0.266602 0.248047 0.294922 0.266602 0.266602 0.266602 0.295898 0.291016 0.267578 0.291992 0.295898 0.285156 0.294922 0.266602 0.269531 0.284180 0.266602 0.266602 0.295898 0.296875 0.294922 0.266602 0.268555 0.287109 0.266602 0.266602 0.295898 0.291016 0.295898 0.266602 0.267578 0.291016 0.266602 0.266602 0.489258 0.976562 0.492188 0.769531 0.322266 0.972656 0.322266 0.767578 0.322266 0.767578 0.492188 0.769531 0.322266 0.973633 0.489258 0.976562 0.322266 0.768555 0.492188 0.769531 0.322266 0.973633 0.489258 0.976562 0.266602 0.266602 0.268555 0.295898 0.268555 0.286133 0.266602 0.266602 0.064453 0.738281 0.066406 0.734375 0.054688 0.856445 0.062500 0.736328 0.067383 0.732422 0.028320 0.722656 0.028320 0.736328 0.068359 0.736328 0.028320 0.740234 0.027344 0.742188 0.065430 0.740234 0.029297 0.736328 0.029297 0.723633 0.029297 0.718750 0.027344 0.717773 0.029297 0.714844 0.027344 0.714844 0.029297 0.714844 0.031250 0.714844 0.031250 0.721680 0.031250 0.727539 0.031250 0.734375 0.029297 0.740234 0.031250 0.743164 0.034180 0.727539 0.034180 0.721680 0.034180 0.714844 0.034180 0.714844 0.031250 0.714844 0.031250 0.721680 0.034180 0.721680 0.036133 0.714844 0.036133 0.721680 0.036133 0.727539 0.034180 0.727539 0.034180 0.743164 0.034180 0.734375 0.036133 0.734375 0.036133 0.740234 0.036133 0.750977 0.034180 0.750977 0.034180 0.743164 0.034180 0.734375 0.031250 0.734375 0.031250 0.727539 0.029297 0.723633 0.029297 0.718750 0.029297 0.714844 0.027344 0.714844 0.027344 0.717773 0.028320 0.722656 0.028320 0.736328 0.029297 0.736328 0.029297 0.740234 0.031250 0.743164 0.031250 0.750977 0.067383 0.760742 0.065430 0.756836 0.064453 0.765625 0.065430 0.756836 0.054688 0.781250 0.053711 0.756836 0.055664 0.756836 0.027344 0.750977 0.027344 0.742188 0.027344 0.740234 0.064453 0.738281 0.065430 0.740234 0.069336 0.742188 0.067383 0.750977 0.069336 0.750977 0.037109 0.761719 0.038086 0.757812 0.039062 0.806641 0.038086 0.757812 0.030273 0.761719 0.037109 0.761719 0.064453 0.750977 0.062500 0.745117 0.059570 0.745117 0.030273 0.819336 0.056641 0.744141 0.064453 0.744141 0.064453 0.750977 0.062500 0.745117 0.030273 0.761719 0.059570 0.745117 0.056641 0.744141 0.037109 0.919922 0.030273 0.908203 0.056641 0.742188 0.027344 0.887695 0.022461 0.881836 0.030273 0.867188 0.030273 0.867188 0.056641 0.740234 0.026367 0.887695 0.030273 0.907227 0.037109 0.919922 0.035156 0.927734 0.053711 0.926758 0.051758 0.918945 0.062500 0.916016 0.058594 0.910156 0.069336 0.883789 0.063477 0.884766 0.063477 0.861328 0.029297 0.852539 0.029297 0.858398 0.043945 0.844727 0.043945 0.852539 0.053711 0.838867 0.055664 0.756836 0.064453 0.744141 0.067383 0.750977 0.069336 0.742188 0.069336 0.750977 0.034180 0.750977 0.067383 0.760742 0.053711 0.756836 0.027344 0.750977 0.031250 0.750977 0.442383 0.687500 0.449219 0.687500 0.442383 0.692383 0.449219 0.692383 0.449219 0.672852 0.442383 0.672852 0.436523 0.672852 0.449219 0.653320 0.455078 0.653320 0.455078 0.672852 0.455078 0.687500 0.455078 0.692383 0.442383 0.653320 0.436523 0.653320 0.430664 0.672852 0.430664 0.653320 0.423828 0.672852 0.423828 0.653320 0.417969 0.672852 0.417969 0.653320 0.412109 0.672852 0.412109 0.653320 0.406250 0.672852 0.406250 0.653320 0.399414 0.672852 0.399414 0.653320 0.393555 0.672852 0.393555 0.653320 0.412109 0.687500 0.417969 0.687500 0.406250 0.687500 0.406250 0.692383 0.412109 0.692383 0.417969 0.692383 0.387695 0.653320 0.387695 0.672852 0.393555 0.687500 0.399414 0.687500 0.380859 0.653320 0.380859 0.672852 0.387695 0.687500 0.387695 0.692383 0.393555 0.692383 0.399414 0.692383 0.346680 0.392578 0.365234 0.397461 0.346680 0.392578 0.346680 0.392578 0.364258 0.416992 0.346680 0.394531 0.364258 0.404297 0.346680 0.392578 0.365234 0.397461 0.364258 0.397461 0.365234 0.390625 0.365234 0.397461 0.365234 0.389648 0.365234 0.389648 0.346680 0.392578 0.365234 0.397461 0.365234 0.397461 0.365234 0.389648 0.365234 0.390625 0.364258 0.397461 0.364258 0.404297 0.346680 0.394531 0.364258 0.416992 0.442383 0.687500 0.442383 0.692383 0.449219 0.687500 0.449219 0.692383 0.436523 0.672852 0.442383 0.672852 0.449219 0.672852 0.436523 0.653320 0.442383 0.653320 0.449219 0.653320 0.455078 0.653320 0.455078 0.672852 0.455078 0.687500 0.455078 0.692383 0.430664 0.672852 0.430664 0.653320 0.423828 0.672852 0.423828 0.653320 0.417969 0.672852 0.417969 0.653320 0.412109 0.672852 0.412109 0.653320 0.406250 0.672852 0.406250 0.653320 0.399414 0.672852 0.399414 0.653320 0.393555 0.672852 0.393555 0.653320 0.387695 0.672852 0.387695 0.653320 0.380859 0.672852 0.380859 0.653320 0.399414 0.687500 0.393555 0.687500 0.399414 0.692383 0.393555 0.692383 0.387695 0.692383 0.387695 0.687500 0.412109 0.687500 0.417969 0.687500 0.406250 0.687500 0.406250 0.692383 0.412109 0.692383 0.417969 0.692383 0.436523 0.692383 0.436523 0.687500 0.430664 0.692383 0.430664 0.687500 0.423828 0.692383 0.423828 0.687500 0.283203 0.241211 0.289062 0.243164 0.283203 0.238281 0.283203 0.232422 0.346680 0.372070 0.283203 0.241211 0.284180 0.241211 0.283203 0.241211 0.284180 0.234375 0.283203 0.234375 0.283203 0.241211 0.283203 0.234375 0.283203 0.241211 0.283203 0.241211 0.283203 0.238281 0.282227 0.243164 0.283203 0.232422 0.295898 0.274414 0.295898 0.292969 0.267578 0.251953 0.295898 0.251953 0.283203 0.229492 0.284180 0.231445 0.283203 0.229492 0.284180 0.229492 0.283203 0.229492 0.283203 0.230469 0.380859 0.605469 0.387695 0.625000 0.380859 0.624023 0.387695 0.643555 0.380859 0.643555 0.393555 0.643555 0.393555 0.625000 0.399414 0.643555 0.399414 0.625000 0.406250 0.643555 0.406250 0.625000 0.412109 0.643555 0.412109 0.625000 0.417969 0.643555 0.417969 0.625000 0.423828 0.643555 0.423828 0.625000 0.430664 0.643555 0.430664 0.625000 0.436523 0.643555 0.436523 0.625000 0.442383 0.643555 0.442383 0.625000 0.417969 0.605469 0.412109 0.605469 0.417969 0.585938 0.406250 0.605469 0.436523 0.605469 0.430664 0.605469 0.423828 0.605469 0.449219 0.643555 0.449219 0.625000 0.455078 0.643555 0.455078 0.624023 0.449219 0.605469 0.455078 0.605469 0.442383 0.605469 0.399414 0.605469 0.393555 0.605469 0.387695 0.605469 0.380859 0.643555 0.387695 0.643555 0.380859 0.624023 0.387695 0.625000 0.380859 0.605469 0.393555 0.643555 0.393555 0.625000 0.399414 0.643555 0.399414 0.625000 0.406250 0.643555 0.406250 0.625000 0.412109 0.643555 0.412109 0.625000 0.417969 0.643555 0.417969 0.625000 0.423828 0.643555 0.423828 0.625000 0.430664 0.643555 0.430664 0.625000 0.436523 0.643555 0.436523 0.625000 0.442383 0.643555 0.442383 0.625000 0.436523 0.605469 0.430664 0.605469 0.423828 0.605469 0.417969 0.585938 0.417969 0.605469 0.412109 0.605469 0.406250 0.605469 0.449219 0.643555 0.449219 0.625000 0.455078 0.643555 0.455078 0.624023 0.449219 0.605469 0.455078 0.605469 0.442383 0.605469 0.399414 0.605469 0.393555 0.605469 0.387695 0.605469 0.029297 0.852539 0.043945 0.845703 0.030273 0.858398 0.044922 0.852539 0.053711 0.838867 0.054688 0.856445 0.035156 0.927734 0.053711 0.926758 0.051758 0.918945 0.062500 0.916016 0.058594 0.910156 0.069336 0.883789 0.063477 0.884766 0.063477 0.861328 0.062500 0.736328 0.066406 0.734375 0.046875 0.738281 0.068359 0.736328 0.067383 0.732422 0.059570 0.721680 0.161133 0.918945 0.073242 0.865234 0.198242 0.725586 0.052734 0.739258 0.167969 0.622070 0.095703 0.605469 0.489258 0.976562 0.492188 0.769531 0.322266 0.973633 0.322266 0.768555 0.492188 0.769531 0.489258 0.976562 0.161133 0.918945 0.198242 0.725586 0.073242 0.865234 0.052734 0.739258 0.167969 0.622070 0.095703 0.605469 0.430664 0.687500 0.436523 0.687500 0.423828 0.687500 0.423828 0.692383 0.430664 0.692383 0.436523 0.692383 0.028320 0.736328 0.029297 0.736328 0.029297 0.736328 0.029297 0.738281 0.029297 0.740234 0.029297 0.740234 0.028320 0.740234 0.027344 0.740234 0.029297 0.740234 0.029297 0.740234 0.029297 0.738281 0.029297 0.736328 0.029297 0.736328 0.028320 0.736328 0.030273 0.858398 0.059570 0.737305 0.029297 0.852539 0.056641 0.736328 0.056641 0.736328 0.058594 0.736328 0.059570 0.737305 0.029297 0.858398 0.022461 0.881836 0.030273 0.867188 0.056641 0.740234 0.056641 0.738281 0.030273 0.867188 0.283203 0.285156 0.283203 0.285156 0.283203 0.284180 0.283203 0.284180 0.283203 0.285156 0.283203 0.285156 0.283203 0.285156 0.283203 0.285156 0.283203 0.285156 0.283203 0.285156 0.282227 0.285156 0.282227 0.284180 0.282227 0.284180 0.282227 0.285156 0.282227 0.285156 0.282227 0.285156 0.283203 0.285156 0.283203 0.285156 0.365234 0.416992 0.364258 0.416992 0.364258 0.422852 0.364258 0.422852 0.364258 0.431641 0.364258 0.425781 0.364258 0.397461 0.364258 0.404297 0.364258 0.416992 0.365234 0.416016 0.365234 0.422852 0.365234 0.416016 0.365234 0.422852 0.365234 0.423828 0.365234 0.436523 0.365234 0.436523 0.365234 0.436523 0.365234 0.435547 0.365234 0.423828 0.365234 0.416016 0.365234 0.416016 0.364258 0.431641 0.365234 0.423828 0.365234 0.436523 0.365234 0.422852 0.365234 0.436523 0.365234 0.436523 0.365234 0.422852 0.365234 0.416016 0.365234 0.416992 0.364258 0.397461 0.364258 0.404297 0.364258 0.422852 0.364258 0.416992 0.364258 0.416992 0.364258 0.422852 0.364258 0.425781 0.266602 0.266602 0.267578 0.291992 0.280273 0.266602 0.282227 0.295898 0.280273 0.266602 0.283203 0.285156 0.281250 0.266602 0.283203 0.285156 0.281250 0.296875 0.281250 0.266602 0.266602 0.291992 0.267578 0.266602 0.283203 0.285156 0.283203 0.285156 0.283203 0.285156 0.283203 0.285156 0.283203 0.285156 0.283203 0.285156 0.283203 0.285156 0.283203 0.285156 0.283203 0.285156 0.283203 0.285156 0.282227 0.285156 0.282227 0.285156 0.282227 0.285156 0.282227 0.285156 0.282227 0.285156 0.282227 0.285156 0.284180 0.280273 0.284180 0.280273 0.284180 0.280273 0.284180 0.280273 0.284180 0.280273 0.284180 0.280273 0.284180 0.280273 0.284180 0.280273 0.284180 0.280273 0.284180 0.280273 0.284180 0.280273 0.284180 0.280273 0.284180 0.280273 0.284180 0.280273 0.284180 0.280273 0.284180 0.280273 0.284180 0.280273 0.284180 0.280273 0.284180 0.280273 0.284180 0.280273 0.284180 0.280273 0.284180 0.280273 0.284180 0.280273 0.284180 0.280273 0.284180 0.280273 0.284180 0.280273 0.284180 0.280273 0.284180 0.280273 0.284180 0.280273 0.284180 0.280273 0.284180 0.280273 0.284180 0.280273 0.284180 0.280273 0.284180 0.280273 0.027344 0.570312 0.027344 0.571289 0.036133 0.571289 0.043945 0.571289 0.043945 0.571289 0.044922 0.570312 0.044922 0.571289 0.044922 0.582031 0.051758 0.571289 0.051758 0.582031 0.051758 0.582031 0.043945 0.582031 0.043945 0.582031 0.043945 0.613281 0.043945 0.613281 0.045898 0.613281 0.043945 0.624023 0.047852 0.624023 0.047852 0.618164 0.051758 0.624023 0.051758 0.613281 0.051758 0.613281 0.059570 0.569336 0.059570 0.582031 0.059570 0.613281 0.059570 0.625977 0.059570 0.636719 0.051758 0.634766 0.051758 0.628906 0.047852 0.634766 0.047852 0.628906 0.043945 0.625000 0.043945 0.634766 0.043945 0.634766 0.043945 0.675781 0.044922 0.675781 0.043945 0.660156 0.047852 0.660156 0.047852 0.675781 0.051758 0.660156 0.059570 0.675781 0.059570 0.652344 0.051758 0.644531 0.051758 0.639648 0.047852 0.644531 0.047852 0.639648 0.043945 0.644531 0.043945 0.560547 0.036133 0.560547 0.027344 0.560547 0.027344 0.560547 0.047852 0.555664 0.044922 0.555664 0.047852 0.560547 0.044922 0.560547 0.047852 0.566406 0.043945 0.565430 0.043945 0.560547 0.059570 0.550781 0.047852 0.550781 0.059570 0.560547 0.051758 0.566406 0.043945 0.550781 0.043945 0.555664 0.044922 0.550781 0.043945 0.550781 0.043945 0.550781 0.043945 0.560547 0.043945 0.560547 0.027344 0.560547 0.027344 0.560547 0.027344 0.550781 0.027344 0.550781 0.036133 0.550781 0.027344 0.550781 0.043945 0.550781 0.043945 0.560547 0.027344 0.560547 0.027344 0.550781 0.043945 0.550781 0.043945 0.560547 0.027344 0.560547 0.027344 0.560547 0.043945 0.560547 0.043945 0.560547 0.043945 0.570312 0.043945 0.570312 0.027344 0.570312 0.027344 0.570312 0.027344 0.560547 0.027344 0.560547 0.043945 0.560547 0.043945 0.560547 0.043945 0.570312 0.043945 0.570312 0.027344 0.570312 0.027344 0.570312 0.027344 0.560547 0.043945 0.582031 0.051758 0.582031 0.051758 0.582031 0.051758 0.613281 0.051758 0.613281 0.043945 0.613281 0.043945 0.613281 0.051758 0.582031 0.051758 0.582031 0.051758 0.613281 0.051758 0.613281 0.043945 0.613281 0.043945 0.613281 0.043945 0.582031 0.043945 0.582031 0.043945 0.582031 0.027344 0.571289 0.043945 0.571289 0.043945 0.571289 0.043945 0.582031 0.043945 0.582031 0.027344 0.582031 0.027344 0.582031 0.027344 0.571289 0.027344 0.571289 0.043945 0.571289 0.043945 0.571289 0.043945 0.582031 0.043945 0.582031 0.027344 0.582031 0.027344 0.582031 0.027344 0.571289 0.051758 0.565430 0.051758 0.562500 0.047852 0.565430 0.047852 0.562500 0.044922 0.565430 0.044922 0.562500 0.057617 0.565430 0.057617 0.562500 0.054688 0.562500 0.054688 0.565430 0.054688 0.561523 0.051758 0.561523 0.047852 0.561523 0.044922 0.561523 0.057617 0.561523 0.057617 0.560547 0.044922 0.560547 0.047852 0.560547 0.051758 0.560547 0.054688 0.560547 0.057617 0.555664 0.058594 0.555664 0.044922 0.555664 0.047852 0.555664 0.050781 0.555664 0.051758 0.555664 0.054688 0.555664 0.055664 0.555664 0.039062 0.543945 0.044922 0.543945 0.039062 0.543945 0.050781 0.543945 0.050781 0.540039 0.054688 0.540039 0.051758 0.543945 0.052734 0.552734 0.050781 0.552734 0.050781 0.528320 0.051758 0.528320 0.050781 0.532227 0.051758 0.532227 0.054688 0.528320 0.054688 0.536133 0.051758 0.536133 0.050781 0.536133 0.057617 0.540039 0.057617 0.552734 0.057617 0.552734 0.050781 0.552734 0.050781 0.576172 0.063477 0.528320 0.063477 0.536133 0.063477 0.541992 0.063477 0.552734 0.057617 0.576172 0.063477 0.576172 0.057617 0.583984 0.063477 0.586914 0.057617 0.592773 0.063477 0.594727 0.057617 0.600586 0.063477 0.606445 0.057617 0.612305 0.063477 0.624023 0.054688 0.624023 0.054688 0.612305 0.054688 0.583984 0.054688 0.592773 0.054688 0.600586 0.050781 0.612305 0.050781 0.600586 0.050781 0.592773 0.050781 0.592773 0.050781 0.584961 0.050781 0.583984 0.052734 0.576172 0.050781 0.576172 0.051758 0.624023 0.050781 0.624023 0.057617 0.576172 0.054688 0.580078 0.039062 0.536133 0.044922 0.536133 0.039062 0.536133 0.050781 0.528320 0.050781 0.528320 0.044922 0.528320 0.039062 0.528320 0.039062 0.528320 0.039062 0.536133 0.039062 0.536133 0.050781 0.536133 0.050781 0.536133 0.039062 0.536133 0.050781 0.536133 0.050781 0.528320 0.039062 0.528320 0.039062 0.528320 0.050781 0.528320 0.050781 0.536133 0.039062 0.536133 0.039062 0.536133 0.050781 0.536133 0.050781 0.536133 0.050781 0.543945 0.050781 0.543945 0.039062 0.543945 0.039062 0.543945 0.039062 0.536133 0.050781 0.536133 0.039062 0.536133 0.050781 0.536133 0.050781 0.543945 0.050781 0.543945 0.039062 0.543945 0.039062 0.543945 0.039062 0.536133 0.050781 0.552734 0.050781 0.576172 0.050781 0.576172 0.057617 0.576172 0.057617 0.552734 0.057617 0.552734 0.057617 0.576172 0.057617 0.552734 0.050781 0.552734 0.050781 0.552734 0.050781 0.576172 0.050781 0.576172 0.057617 0.576172 0.057617 0.576172 0.057617 0.552734 0.050781 0.552734 0.050781 0.543945 0.039062 0.543945 0.039062 0.543945 0.039062 0.552734 0.039062 0.552734 0.050781 0.552734 0.050781 0.552734 0.050781 0.543945 0.050781 0.543945 0.039062 0.543945 0.039062 0.543945 0.039062 0.552734 0.039062 0.552734 0.050781 0.552734 0.050781 0.552734 0.050781 0.543945 0.057617 0.540039 0.057617 0.537109 0.059570 0.540039 0.059570 0.537109 0.061523 0.540039 0.061523 0.537109 0.051758 0.537109 0.051758 0.540039 0.054688 0.537109 0.054688 0.540039 0.059570 0.537109 0.061523 0.537109 0.051758 0.537109 0.054688 0.537109 0.057617 0.537109 0.061523 0.536133 0.051758 0.536133 0.054688 0.536133 0.057617 0.536133 0.059570 0.536133 0.051758 0.532227 0.062500 0.532227 0.061523 0.532227 0.060547 0.532227 0.059570 0.532227 0.057617 0.532227 0.056641 0.532227 0.054688 0.532227 0.453125 0.332031 0.450195 0.331055 0.449219 0.339844 0.449219 0.339844 0.453125 0.332031 0.449219 0.339844 0.453125 0.332031 0.450195 0.331055 0.449219 0.339844 0.449219 0.339844 0.453125 0.332031 0.449219 0.339844 0.453125 0.332031 0.449219 0.339844 0.453125 0.332031 0.453125 0.332031 0.449219 0.339844 0.453125 0.332031 0.449219 0.339844 0.453125 0.332031 0.450195 0.331055 0.449219 0.339844 0.450195 0.331055 0.449219 0.339844 0.450195 0.331055 0.449219 0.339844 0.450195 0.331055 0.449219 0.339844 0.453125 0.332031 0.449219 0.339844 0.453125 0.332031 0.453125 0.332031 0.450195 0.331055 0.453125 0.332031 0.453125 0.332031 0.449219 0.339844 0.450195 0.331055 0.449219 0.339844 0.450195 0.331055 0.449219 0.339844 0.449219 0.339844 0.453125 0.332031 0.449219 0.339844 0.450195 0.331055 0.450195 0.331055 0.449219 0.339844 0.453125 0.332031 0.453125 0.332031 0.449219 0.339844 0.450195 0.331055 0.449219 0.339844 0.449219 0.339844 0.449219 0.339844 0.449219 0.339844 0.453125 0.332031 0.450195 0.331055 0.450195 0.331055 0.449219 0.339844 0.450195 0.331055 0.453125 0.332031 0.449219 0.339844 0.450195 0.331055 0.449219 0.339844 0.453125 0.332031 0.449219 0.339844 0.450195 0.331055 0.450195 0.331055 0.449219 0.339844 0.450195 0.331055 0.450195 0.331055 0.449219 0.339844 0.453125 0.332031 0.453125 0.332031 0.449219 0.339844 0.453125 0.332031 0.449219 0.339844 0.453125 0.332031 0.453125 0.332031 0.450195 0.331055 0.445312 0.378906 0.441406 0.367188 0.437500 0.378906 0.437500 0.378906 0.441406 0.367188 0.441406 0.367188 0.437500 0.378906 0.445312 0.378906 0.445312 0.378906 0.437500 0.378906 0.437500 0.378906 0.441406 0.367188 0.441406 0.367188 0.437500 0.378906 0.437500 0.378906 0.441406 0.367188 0.437500 0.378906 0.445312 0.378906 0.441406 0.367188 0.437500 0.378906 0.441406 0.367188 0.445312 0.378906 0.445312 0.378906 0.437500 0.378906 0.441406 0.367188 0.441406 0.367188 0.437500 0.378906 0.437500 0.378906 0.445312 0.378906 0.437500 0.378906 0.445312 0.378906 0.441406 0.367188 0.441406 0.367188 0.437500 0.378906 0.445312 0.378906 0.441406 0.367188 0.445312 0.378906 0.437500 0.378906 0.445312 0.378906 0.441406 0.367188 0.437500 0.378906 0.441406 0.367188 0.445312 0.378906 0.437500 0.378906 0.441406 0.367188 0.445312 0.378906 0.441406 0.367188 0.437500 0.378906 0.441406 0.367188 0.437500 0.378906 0.437500 0.378906 0.445312 0.378906 0.437500 0.378906 0.445312 0.378906 0.437500 0.378906 0.441406 0.367188 0.445312 0.378906 0.441406 0.367188 0.445312 0.378906 0.441406 0.367188 0.445312 0.378906 0.437500 0.378906 0.441406 0.367188 0.445312 0.378906 0.437500 0.378906 0.437500 0.378906 0.445312 0.378906 0.441406 0.367188 0.437500 0.378906 0.445312 0.378906 0.445312 0.378906 0.441406 0.367188 0.437500 0.378906 0.441406 0.367188 0.437500 0.378906 0.437500 0.378906 0.441406 0.367188 0.437500 0.378906 0.437500 0.378906 0.441406 0.367188 0.445312 0.378906 0.437500 0.378906 0.437500 0.378906 0.445312 0.378906 0.441406 0.367188 0.445312 0.378906 0.441406 0.367188 0.445312 0.378906 0.437500 0.378906 0.437500 0.378906 0.445312 0.378906 0.441406 0.367188 0.437500 0.378906 0.441406 0.367188 0.437500 0.378906 0.445312 0.378906 0.437500 0.378906 0.441406 0.367188 0.445312 0.378906 0.437500 0.378906</float_array>
    <technique_common><accessor source="#geom-uv-a" count="1952" stride="2"><param name="S" type="float"/><param name="T" type="float"/></accessor></technique_common></source>
   <vertices id="geom-vtx"><input semantic="POSITION" source="#geom-pos"/></vertices>
   <triangles count="1280" material="sym0">
    <input semantic="VERTEX" source="#geom-vtx" offset="0"/>
    <input semantic="NORMAL" source="#geom-nrm" offset="1"/>
    <input semantic="TEXCOORD" source="#geom-uv" offset="2" set="0"/>
    <p>714 714 714 711 711 711 713 713 713 730 730 730 731 731 731 724 724 724 731 731 731 725 725 725 724 724 724 724 724 724 725 725 725 719 719 719 725 725 725 720 720 720 719 719 719 719 719 719 720 720 720 715 715 715 720 720 720 716 716 716 715 715 715 715 715 715 716 716 716 712 712 712 716 716 716 713 713 713 712 712 712 712 712 712 713 713 713 710 710 710 713 713 713 711 711 711 710 710 710 710 710 710 711 711 711 709 709 709 711 711 711 673 673 673 709 709 709 709 709 709 673 673 673 708 708 708 580 580 580 423 423 423 469 469 469 423 423 423 431 431 431 469 469 469 469 469 469 431 431 431 477 477 477 431 431 431 730 730 730 477 477 477 477 477 477 730 730 730 765 765 765 730 730 730 724 724 724 765 765 765 765 765 765 724 724 724 758 758 758 724 724 724 719 719 719 758 758 758 758 758 758 719 719 719 752 752 752 719 719 719 715 715 715 752 752 752 752 752 752 715 715 715 747 747 747 715 715 715 712 712 712 747 747 747 747 747 747 712 712 712 743 743 743 712 712 712 710 710 710 743 743 743 743 743 743 710 710 710 740 740 740 710 710 710 709 709 709 740 740 740 740 740 740 709 709 709 738 738 738 709 709 709 737 737 737 738 738 738 766 766 766 638 638 638 738 738 738 638 638 638 767 767 767 738 738 738 767 767 767 739 739 739 738 738 738 738 738 738 739 739 739 740 740 740 739 739 739 742 742 742 740 740 740 740 740 740 742 742 742 743 743 743 742 742 742 746 746 746 743 743 743 743 743 743 746 746 746 747 747 747 746 746 746 751 751 751 747 747 747 747 747 747 751 751 751 752 752 752 751 751 751 757 757 757 752 752 752 752 752 752 757 757 757 758 758 758 681 681 681 642 642 642 639 639 639 642 642 642 643 643 643 639 639 639 639 639 639 643 643 643 640 640 640 643 643 643 644 644 644 640 640 640 640 640 640 644 644 644 641 641 641 644 644 644 645 645 645 641 641 641 645 645 645 768 768 768 641 641 641 641 641 641 768 768 768 767 767 767 768 768 768 769 769 769 767 767 767 767 767 767 769 769 769 739 739 739 769 769 769 741 741 741 739 739 739 739 739 739 741 741 741 742 742 742 746 746 746 742 742 742 745 745 745 742 742 742 741 741 741 745 745 745 745 745 745 741 741 741 744 744 744 744 744 744 741 741 741 772 772 772 741 741 741 769 769 769 772 772 772 772 772 772 769 769 769 771 771 771 769 769 769 768 768 768 771 771 771 771 771 771 768 768 768 770 770 770 768 768 768 645 645 645 770 770 770 770 770 770 645 645 645 650 650 650 650 650 650 645 645 645 649 649 649 645 645 645 644 644 644 649 649 649 649 649 649 644 644 644 648 648 648 644 644 644 643 643 643 648 648 648 648 648 648 643 643 643 647 647 647 643 643 643 642 642 642 647 647 647 647 647 647 642 642 642 646 646 646 642 642 642 686 686 686 646 646 646 751 751 751 746 746 746 750 750 750 746 746 746 745 745 745 750 750 750 750 750 750 745 745 745 749 749 749 745 745 745 744 744 744 749 749 749 749 749 749 744 744 744 748 748 748 748 748 748 744 744 744 776 776 776 744 744 744 772 772 772 776 776 776 776 776 776 772 772 772 775 775 775 772 772 772 771 771 771 775 775 775 775 775 775 771 771 771 774 774 774 771 771 771 770 770 770 774 774 774 774 774 774 770 770 770 773 773 773 770 770 770 650 650 650 773 773 773 773 773 773 650 650 650 656 656 656 656 656 656 650 650 650 655 655 655 650 650 650 649 649 649 655 655 655 655 655 655 649 649 649 654 654 654 649 649 649 648 648 648 654 654 654 757 757 757 751 751 751 756 756 756 751 751 751 750 750 750 756 756 756 756 756 756 750 750 750 755 755 755 750 750 750 749 749 749 755 755 755 755 755 755 749 749 749 754 754 754 749 749 749 748 748 748 754 754 754 754 754 754 748 748 748 753 753 753 753 753 753 748 748 748 781 781 781 748 748 748 776 776 776 781 781 781 781 781 781 776 776 776 780 780 780 776 776 776 775 775 775 780 780 780 780 780 780 775 775 775 779 779 779 775 775 775 774 774 774 779 779 779 779 779 779 774 774 774 778 778 778 774 774 774 773 773 773 778 778 778 778 778 778 773 773 773 777 777 777 773 773 773 656 656 656 777 777 777 777 777 777 656 656 656 663 663 663 765 765 765 758 758 758 764 764 764 758 758 758 757 757 757 764 764 764 764 764 764 757 757 757 763 763 763 757 757 757 756 756 756 763 763 763 763 763 763 756 756 756 762 762 762 756 756 756 755 755 755 762 762 762 762 762 762 755 755 755 761 761 761 755 755 755 754 754 754 761 761 761 761 761 761 754 754 754 760 760 760 754 754 754 753 753 753 760 760 760 760 760 760 753 753 753 759 759 759 759 759 759 753 753 753 787 787 787 753 753 753 781 781 781 787 787 787 787 787 787 781 781 781 786 786 786 781 781 781 780 780 780 786 786 786 786 786 786 780 780 780 785 785 785 780 780 780 779 779 779 785 785 785 785 785 785 779 779 779 784 784 784 477 477 477 765 765 765 478 478 478 765 765 765 764 764 764 478 478 478 478 478 478 764 764 764 479 479 479 764 764 764 763 763 763 479 479 479 479 479 479 763 763 763 480 480 480 763 763 763 762 762 762 480 480 480 480 480 480 762 762 762 481 481 481 762 762 762 761 761 761 481 481 481 481 481 481 761 761 761 482 482 482 761 761 761 760 760 760 482 482 482 482 482 482 760 760 760 483 483 483 760 760 760 759 759 759 483 483 483 483 483 483 759 759 759 262 262 262 262 262 262 759 759 759 263 263 263 759 759 759 787 787 787 263 263 263 263 263 263 787 787 787 264 264 264 787 787 787 786 786 786 264 264 264 264 264 264 786 786 786 265 265 265 469 469 469 477 477 477 470 470 470 477 477 477 478 478 478 470 470 470 470 470 470 478 478 478 471 471 471 478 478 478 479 479 479 471 471 471 471 471 471 479 479 479 472 472 472 479 479 479 480 480 480 472 472 472 472 472 472 480 480 480 473 473 473 480 480 480 481 481 481 473 473 473 473 473 473 481 481 481 474 474 474 481 481 481 482 482 482 474 474 474 474 474 474 482 482 482 475 475 475 482 482 482 483 483 483 475 475 475 475 475 475 483 483 483 476 476 476 483 483 483 262 262 262 476 476 476 476 476 476 262 262 262 254 254 254 262 262 262 263 263 263 254 254 254 254 254 254 263 263 263 255 255 255 263 263 263 264 264 264 255 255 255 580 580 580 469 469 469 457 457 457 469 469 469 470 470 470 457 457 457 457 457 457 470 470 470 458 458 458 470 470 470 471 471 471 458 458 458 458 458 458 471 471 471 460 460 460 471 471 471 472 472 472 460 460 460 460 460 460 472 472 472 462 462 462 472 472 472 473 473 473 462 462 462 462 462 462 473 473 473 464 464 464 473 473 473 474 474 474 464 464 464 464 464 464 474 474 474 466 466 466 474 474 474 475 475 475 466 466 466 466 466 466 475 475 475 468 468 468 475 475 475 476 476 476 468 468 468 468 468 468 476 476 476 607 607 607 476 476 476 254 254 254 607 607 607 607 607 607 254 254 254 242 242 242 254 254 254 255 255 255 242 242 242 423 423 423 580 580 580 415 415 415 415 415 415 580 580 580 582 582 582 582 582 582 580 580 580 581 581 581 580 580 580 457 457 457 581 581 581 581 581 581 457 457 457 456 456 456 457 457 457 458 458 458 456 456 456 456 456 456 458 458 458 459 459 459 458 458 458 460 460 460 459 459 459 459 459 459 460 460 460 461 461 461 460 460 460 462 462 462 461 461 461 461 461 461 462 462 462 463 463 463 462 462 462 464 464 464 463 463 463 463 463 463 464 464 464 465 465 465 464 464 464 466 466 466 465 465 465 465 465 465 466 466 466 467 467 467 466 466 466 468 468 468 467 467 467 467 467 467 468 468 468 609 609 609 468 468 468 607 607 607 609 609 609 609 609 609 607 607 607 608 608 608 607 607 607 242 242 242 608 608 608 608 608 608 242 242 242 241 241 241 242 242 242 243 243 243 241 241 241 241 241 241 243 243 243 244 244 244 243 243 243 245 245 245 244 244 244 244 244 244 245 245 245 246 246 246 245 245 245 247 247 247 246 246 246 246 246 246 247 247 247 248 248 248 247 247 247 249 249 249 248 248 248 248 248 248 249 249 249 250 250 250 249 249 249 251 251 251 250 250 250 250 250 250 251 251 251 252 252 252 251 251 251 253 253 253 252 252 252 252 252 252 253 253 253 486 486 486 253 253 253 484 484 484 486 486 486 486 486 486 484 484 484 485 485 485 484 484 484 296 296 296 485 485 485 242 242 242 255 255 255 243 243 243 255 255 255 256 256 256 243 243 243 243 243 243 256 256 256 245 245 245 256 256 256 257 257 257 245 245 245 245 245 245 257 257 257 247 247 247 257 257 257 258 258 258 247 247 247 247 247 247 258 258 258 249 249 249 258 258 258 259 259 259 249 249 249 249 249 249 259 259 259 251 251 251 259 259 259 260 260 260 251 251 251 251 251 251 260 260 260 253 253 253 260 260 260 261 261 261 253 253 253 253 253 253 261 261 261 484 484 484 261 261 261 308 308 308 484 484 484 484 484 484 308 308 308 296 296 296 308 308 308 309 309 309 296 296 296 296 296 296 309 309 309 297 297 297 309 309 309 310 310 310 297 297 297 255 255 255 264 264 264 256 256 256 264 264 264 265 265 265 256 256 256 256 256 256 265 265 265 257 257 257 265 265 265 266 266 266 257 257 257 257 257 257 266 266 266 258 258 258 266 266 266 267 267 267 258 258 258 258 258 258 267 267 267 259 259 259 267 267 267 268 268 268 259 259 259 259 259 259 268 268 268 260 260 260 268 268 268 269 269 269 260 260 260 260 260 260 269 269 269 261 261 261 269 269 269 270 270 270 261 261 261 261 261 261 270 270 270 308 308 308 270 270 270 316 316 316 308 308 308 308 308 308 316 316 316 309 309 309 316 316 316 317 317 317 309 309 309 309 309 309 317 317 317 310 310 310 317 317 317 318 318 318 310 310 310 786 786 786 785 785 785 265 265 265 265 265 265 785 785 785 266 266 266 785 785 785 784 784 784 266 266 266 266 266 266 784 784 784 267 267 267 784 784 784 783 783 783 267 267 267 267 267 267 783 783 783 268 268 268 783 783 783 782 782 782 268 268 268 268 268 268 782 782 782 269 269 269 782 782 782 671 671 671 269 269 269 269 269 269 671 671 671 270 270 270 270 270 270 671 671 671 316 316 316 671 671 671 670 670 670 316 316 316 316 316 316 670 670 670 317 317 317 670 670 670 669 669 669 317 317 317 317 317 317 669 669 669 318 318 318 669 669 669 668 668 668 318 318 318 318 318 318 668 668 668 319 319 319 668 668 668 667 667 667 319 319 319 779 779 779 778 778 778 784 784 784 784 784 784 778 778 778 783 783 783 778 778 778 777 777 777 783 783 783 783 783 783 777 777 777 782 782 782 777 777 777 663 663 663 782 782 782 782 782 782 663 663 663 671 671 671 671 671 671 663 663 663 670 670 670 663 663 663 662 662 662 670 670 670 670 670 670 662 662 662 669 669 669 662 662 662 661 661 661 669 669 669 669 669 669 661 661 661 668 668 668 661 661 661 660 660 660 668 668 668 668 668 668 660 660 660 667 667 667 660 660 660 659 659 659 667 667 667 667 667 667 659 659 659 666 666 666 659 659 659 658 658 658 666 666 666 666 666 666 658 658 658 665 665 665 658 658 658 657 657 657 665 665 665 663 663 663 656 656 656 662 662 662 656 656 656 655 655 655 662 662 662 662 662 662 655 655 655 661 661 661 655 655 655 654 654 654 661 661 661 661 661 661 654 654 654 660 660 660 654 654 654 653 653 653 660 660 660 660 660 660 653 653 653 659 659 659 653 653 653 652 652 652 659 659 659 659 659 659 652 652 652 658 658 658 652 652 652 651 651 651 658 658 658 658 658 658 651 651 651 657 657 657 657 657 657 651 651 651 699 699 699 651 651 651 692 692 692 699 699 699 699 699 699 692 692 692 698 698 698 692 692 692 691 691 691 698 698 698 698 698 698 691 691 691 697 697 697 691 691 691 690 690 690 697 697 697 697 697 697 690 690 690 696 696 696 654 654 654 648 648 648 653 653 653 648 648 648 647 647 647 653 653 653 653 653 653 647 647 647 652 652 652 647 647 647 646 646 646 652 652 652 652 652 652 646 646 646 651 651 651 651 651 651 646 646 646 692 692 692 646 646 646 686 686 686 692 692 692 692 692 692 686 686 686 691 691 691 686 686 686 685 685 685 691 691 691 691 691 691 685 685 685 690 690 690 665 665 665 657 657 657 664 664 664 664 664 664 657 657 657 707 707 707 657 657 657 699 699 699 707 707 707 707 707 707 699 699 699 706 706 706 699 699 699 698 698 698 706 706 706 706 706 706 698 698 698 705 705 705 698 698 698 697 697 697 705 705 705 705 705 705 697 697 697 704 704 704 697 697 697 696 696 696 704 704 704 704 704 704 696 696 696 703 703 703 319 319 319 667 667 667 320 320 320 667 667 667 666 666 666 320 320 320 320 320 320 666 666 666 321 321 321 666 666 666 665 665 665 321 321 321 321 321 321 665 665 665 322 322 322 665 665 665 664 664 664 322 322 322 322 322 322 664 664 664 323 323 323 323 323 323 664 664 664 369 369 369 664 664 664 707 707 707 369 369 369 369 369 369 707 707 707 370 370 370 707 707 707 706 706 706 370 370 370 370 370 370 706 706 706 371 371 371 706 706 706 705 705 705 371 371 371 371 371 371 705 705 705 372 372 372 705 705 705 704 704 704 372 372 372 372 372 372 704 704 704 373 373 373 704 704 704 703 703 703 373 373 373 373 373 373 703 703 703 374 374 374 310 310 310 318 318 318 311 311 311 318 318 318 319 319 319 311 311 311 311 311 311 319 319 319 312 312 312 319 319 319 320 320 320 312 312 312 312 312 312 320 320 320 313 313 313 320 320 320 321 321 321 313 313 313 313 313 313 321 321 321 314 314 314 321 321 321 322 322 322 314 314 314 314 314 314 322 322 322 315 315 315 322 322 322 323 323 323 315 315 315 315 315 315 323 323 323 361 361 361 323 323 323 369 369 369 361 361 361 361 361 361 369 369 369 362 362 362 369 369 369 370 370 370 362 362 362 362 362 362 370 370 370 363 363 363 370 370 370 371 371 371 363 363 363 363 363 363 371 371 371 364 364 364 371 371 371 372 372 372 364 364 364 297 297 297 310 310 310 299 299 299 310 310 310 311 311 311 299 299 299 299 299 299 311 311 311 301 301 301 311 311 311 312 312 312 301 301 301 301 301 301 312 312 312 303 303 303 312 312 312 313 313 313 303 303 303 303 303 303 313 313 313 305 305 305 313 313 313 314 314 314 305 305 305 305 305 305 314 314 314 307 307 307 314 314 314 315 315 315 307 307 307 307 307 307 315 315 315 513 513 513 315 315 315 361 361 361 513 513 513 513 513 513 361 361 361 349 349 349 361 361 361 362 362 362 349 349 349 349 349 349 362 362 362 350 350 350 362 362 362 363 363 363 350 350 350 350 350 350 363 363 363 352 352 352 363 363 363 364 364 364 352 352 352 485 485 485 296 296 296 295 295 295 296 296 296 297 297 297 295 295 295 295 295 295 297 297 297 298 298 298 297 297 297 299 299 299 298 298 298 298 298 298 299 299 299 300 300 300 299 299 299 301 301 301 300 300 300 300 300 300 301 301 301 302 302 302 301 301 301 303 303 303 302 302 302 302 302 302 303 303 303 304 304 304 303 303 303 305 305 305 304 304 304 304 304 304 305 305 305 306 306 306 305 305 305 307 307 307 306 306 306 306 306 306 307 307 307 515 515 515 307 307 307 513 513 513 515 515 515 515 515 515 513 513 513 514 514 514 513 513 513 349 349 349 514 514 514 514 514 514 349 349 349 348 348 348 349 349 349 350 350 350 348 348 348 348 348 348 350 350 350 351 351 351 350 350 350 352 352 352 351 351 351 351 351 351 352 352 352 353 353 353 352 352 352 354 354 354 353 353 353 353 353 353 354 354 354 355 355 355 354 354 354 356 356 356 355 355 355 355 355 355 356 356 356 357 357 357 356 356 356 358 358 358 357 357 357 357 357 357 358 358 358 359 359 359 358 358 358 360 360 360 359 359 359 359 359 359 360 360 360 544 544 544 352 352 352 364 364 364 354 354 354 364 364 364 365 365 365 354 354 354 354 354 354 365 365 365 356 356 356 365 365 365 366 366 366 356 356 356 356 356 356 366 366 366 358 358 358 366 366 366 367 367 367 358 358 358 358 358 358 367 367 367 360 360 360 360 360 360 367 367 367 368 368 368 368 368 368 367 367 367 375 375 375 367 367 367 374 374 374 375 375 375 375 375 375 374 374 374 702 702 702 374 374 374 703 703 703 702 702 702 702 702 702 703 703 703 695 695 695 703 703 703 696 696 696 695 695 695 695 695 695 696 696 696 689 689 689 696 696 696 690 690 690 689 689 689 689 689 689 690 690 690 684 684 684 690 690 690 685 685 685 684 684 684 364 364 364 372 372 372 365 365 365 372 372 372 373 373 373 365 365 365 365 365 365 373 373 373 366 366 366 373 373 373 374 374 374 366 366 366 366 366 366 374 374 374 367 367 367 684 684 684 685 685 685 680 680 680 685 685 685 681 681 681 680 680 680 680 680 680 681 681 681 677 677 677 681 681 681 639 639 639 677 677 677 677 677 677 639 639 639 637 637 637 639 639 639 640 640 640 637 637 637 640 640 640 638 638 638 637 637 637 638 638 638 636 636 636 637 637 637 642 642 642 681 681 681 686 686 686 681 681 681 685 685 685 686 686 686 640 640 640 641 641 641 638 638 638 641 641 641 767 767 767 638 638 638 74 74 74 68 68 68 73 73 73 61 61 61 62 62 62 57 57 57 57 57 57 62 62 62 59 59 59 59 59 59 62 62 62 63 63 63 62 62 62 67 67 67 63 63 63 67 67 67 68 68 68 63 63 63 68 68 68 105 105 105 63 63 63 105 105 105 68 68 68 111 111 111 68 68 68 74 74 74 111 111 111 111 111 111 74 74 74 118 118 118 74 74 74 81 81 81 118 118 118 10 10 10 12 12 12 11 11 11 12 12 12 55 55 55 11 11 11 11 11 11 55 55 55 56 56 56 55 55 55 57 57 57 56 56 56 56 56 56 57 57 57 58 58 58 57 57 57 59 59 59 58 58 58 58 58 58 59 59 59 93 93 93 93 93 93 59 59 59 100 100 100 59 59 59 63 63 63 100 100 100 63 63 63 105 105 105 100 100 100 105 105 105 106 106 106 100 100 100 106 106 106 105 105 105 112 112 112 105 105 105 111 111 111 112 112 112 112 112 112 111 111 111 119 119 119 111 111 111 118 118 118 119 119 119 119 119 119 118 118 118 132 132 132 132 132 132 118 118 118 131 131 131 118 118 118 81 81 81 131 131 131 57 57 57 55 55 55 61 61 61 61 61 61 55 55 55 60 60 60 55 55 55 12 12 12 60 60 60 60 60 60 12 12 12 17 17 17 17 17 17 12 12 12 16 16 16 12 12 12 10 10 10 16 16 16 16 16 16 10 10 10 15 15 15 10 10 10 8 8 8 15 15 15 15 15 15 8 8 8 14 14 14 8 8 8 7 7 7 14 14 14 7 7 7 13 13 13 14 14 14 13 13 13 19 19 19 14 14 14 14 14 14 19 19 19 20 20 20 19 19 19 28 28 28 20 20 20 20 20 20 28 28 28 29 29 29 28 28 28 37 37 37 29 29 29 37 37 37 38 38 38 29 29 29 38 38 38 30 30 30 29 29 29 50 50 50 40 40 40 49 49 49 40 40 40 39 39 39 49 49 49 49 49 49 39 39 39 48 48 48 39 39 39 38 38 38 48 48 48 48 48 48 38 38 38 47 47 47 38 38 38 37 37 37 47 47 47 47 47 47 37 37 37 46 46 46 46 46 46 37 37 37 36 36 36 37 37 37 28 28 28 36 36 36 36 36 36 28 28 28 27 27 27 28 28 28 19 19 19 27 27 27 27 27 27 19 19 19 18 18 18 19 19 19 13 13 13 18 18 18 13 13 13 189 189 189 18 18 18 18 18 18 189 189 189 194 194 194 189 189 189 193 193 193 194 194 194 194 194 194 193 193 193 200 200 200 193 193 193 199 199 199 200 200 200 509 509 509 508 508 508 46 46 46 46 46 46 508 508 508 47 47 47 508 508 508 507 507 507 47 47 47 47 47 47 507 507 507 48 48 48 507 507 507 506 506 506 48 48 48 48 48 48 506 506 506 49 49 49 506 506 506 505 505 505 49 49 49 49 49 49 505 505 505 50 50 50 505 505 505 271 271 271 50 50 50 50 50 50 271 271 271 51 51 51 271 271 271 272 272 272 51 51 51 51 51 51 272 272 272 82 82 82 272 272 272 539 539 539 82 82 82 504 504 504 502 502 502 509 509 509 509 509 509 502 502 502 508 508 508 502 502 502 500 500 500 508 508 508 508 508 508 500 500 500 507 507 507 500 500 500 498 498 498 507 507 507 507 507 507 498 498 498 506 506 506 498 498 498 496 496 496 506 506 506 506 506 506 496 496 496 505 505 505 496 496 496 273 273 273 505 505 505 505 505 505 273 273 273 271 271 271 273 273 273 274 274 274 271 271 271 271 271 271 274 274 274 272 272 272 274 274 274 275 275 275 272 272 272 272 272 272 275 275 275 539 539 539 275 275 275 533 533 533 539 539 539 276 276 276 496 496 496 497 497 497 496 496 496 498 498 498 497 497 497 497 497 497 498 498 498 499 499 499 498 498 498 500 500 500 499 499 499 499 499 499 500 500 500 501 501 501 500 500 500 502 502 502 501 501 501 501 501 501 502 502 502 503 503 503 502 502 502 504 504 504 503 503 503 503 503 503 504 504 504 222 222 222 504 504 504 221 221 221 222 222 222 222 222 222 221 221 221 220 220 220 221 221 221 219 219 219 220 220 220 220 220 220 219 219 219 218 218 218 219 219 219 216 216 216 218 218 218 218 218 218 216 216 216 217 217 217 216 216 216 619 619 619 217 217 217 217 217 217 619 619 619 620 620 620 619 619 619 621 621 621 620 620 620 620 620 620 621 621 621 622 622 622 621 621 621 623 623 623 622 622 622 622 622 622 623 623 623 624 624 624 623 623 623 625 625 625 624 624 624 624 624 624 625 625 625 626 626 626 625 625 625 627 627 627 626 626 626 626 626 626 627 627 627 440 440 440 627 627 627 436 436 436 440 440 440 440 440 440 436 436 436 439 439 439 436 436 436 435 435 435 439 439 439 439 439 439 435 435 435 438 438 438 435 435 435 434 434 434 438 438 438 438 438 438 434 434 434 437 437 437 434 434 434 592 592 592 437 437 437 437 437 437 592 592 592 593 593 593 592 592 592 594 594 594 593 593 593 593 593 593 594 594 594 595 595 595 594 594 594 596 596 596 595 595 595 603 603 603 594 594 594 602 602 602 594 594 594 592 592 592 602 602 602 602 602 602 592 592 592 601 601 601 592 592 592 434 434 434 601 601 601 601 601 601 434 434 434 432 432 432 434 434 434 435 435 435 432 432 432 432 432 432 435 435 435 433 433 433 435 435 435 436 436 436 433 433 433 433 433 433 436 436 436 635 635 635 436 436 436 627 627 627 635 635 635 635 635 635 627 627 627 634 634 634 627 627 627 625 625 625 634 634 634 634 634 634 625 625 625 633 633 633 625 625 625 623 623 623 633 633 633 633 633 633 623 623 623 632 632 632 623 623 623 621 621 621 632 632 632 632 632 632 621 621 621 631 631 631 621 621 621 619 619 619 631 631 631 174 174 174 603 603 603 175 175 175 603 603 603 602 602 602 175 175 175 175 175 175 602 602 602 176 176 176 602 602 602 601 601 601 176 176 176 176 176 176 601 601 601 177 177 177 601 601 601 432 432 432 177 177 177 177 177 177 432 432 432 178 178 178 432 432 432 433 433 433 178 178 178 178 178 178 433 433 433 203 203 203 433 433 433 635 635 635 203 203 203 203 203 203 635 635 635 204 204 204 635 635 635 634 634 634 204 204 204 204 204 204 634 634 634 205 205 205 634 634 634 633 633 633 205 205 205 205 205 205 633 633 633 206 206 206 633 633 633 632 632 632 206 206 206 206 206 206 632 632 632 207 207 207 632 632 632 631 631 631 207 207 207 166 166 166 174 174 174 167 167 167 174 174 174 175 175 175 167 167 167 167 167 167 175 175 175 168 168 168 175 175 175 176 176 176 168 168 168 168 168 168 176 176 176 169 169 169 176 176 176 177 177 177 169 169 169 169 169 169 177 177 177 170 170 170 177 177 177 178 178 178 170 170 170 178 178 178 203 203 203 170 170 170 170 170 170 203 203 203 196 196 196 203 203 203 204 204 204 196 196 196 196 196 196 204 204 204 197 197 197 204 204 204 205 205 205 197 197 197 197 197 197 205 205 205 198 198 198 205 205 205 206 206 206 198 198 198 198 198 198 206 206 206 199 199 199 206 206 206 207 207 207 199 199 199 207 207 207 200 200 200 199 199 199 168 168 168 169 169 169 162 162 162 162 162 162 169 169 169 163 163 163 169 169 169 170 170 170 163 163 163 170 170 170 196 196 196 163 163 163 163 163 163 196 196 196 190 190 190 196 196 196 197 197 197 190 190 190 190 190 190 197 197 197 191 191 191 197 197 197 198 198 198 191 191 191 191 191 191 198 198 198 192 192 192 198 198 198 199 199 199 192 192 192 199 199 199 193 193 193 192 192 192 192 192 192 193 193 193 188 188 188 193 193 193 189 189 189 188 188 188 188 188 188 189 189 189 185 185 185 189 189 189 13 13 13 185 185 185 13 13 13 7 7 7 185 185 185 7 7 7 182 182 182 185 185 185 182 182 182 184 184 184 185 185 185 182 182 182 180 180 180 184 184 184 184 184 184 180 180 180 183 183 183 180 180 180 148 148 148 183 183 183 148 148 148 152 152 152 183 183 183 183 183 183 152 152 152 186 186 186 152 152 152 157 157 157 186 186 186 157 157 157 190 190 190 186 186 186 190 190 190 191 191 191 186 186 186 186 186 186 191 191 191 187 187 187 191 191 191 192 192 192 187 187 187 192 192 192 188 188 188 187 187 187 187 187 187 188 188 188 184 184 184 188 188 188 185 185 185 184 184 184 186 186 186 187 187 187 183 183 183 187 187 187 184 184 184 183 183 183 11 11 11 9 9 9 10 10 10 10 10 10 9 9 9 8 8 8 9 9 9 6 6 6 8 8 8 8 8 8 6 6 6 7 7 7 7 7 7 6 6 6 182 182 182 6 6 6 181 181 181 182 182 182 182 182 182 181 181 181 180 180 180 181 181 181 147 147 147 180 180 180 180 180 180 147 147 147 148 148 148 148 148 148 147 147 147 146 146 146 147 147 147 145 145 145 146 146 146 146 146 146 145 145 145 144 144 144 145 145 145 98 98 98 144 144 144 144 144 144 98 98 98 99 99 99 99 99 99 98 98 98 97 97 97 98 98 98 96 96 96 97 97 97 97 97 97 96 96 96 95 95 95 96 96 96 94 94 94 95 95 95 130 130 130 164 164 164 117 117 117 164 164 164 158 158 158 117 117 117 117 117 117 158 158 158 110 110 110 158 158 158 153 153 153 110 110 110 153 153 153 104 104 104 110 110 110 110 110 110 104 104 104 109 109 109 104 104 104 103 103 103 109 109 109 109 109 109 103 103 103 108 108 108 103 103 103 102 102 102 108 108 108 108 108 108 102 102 102 107 107 107 107 107 107 102 102 102 101 101 101 101 101 101 102 102 102 95 95 95 95 95 95 102 102 102 97 97 97 102 102 102 103 103 103 97 97 97 97 97 97 103 103 103 99 99 99 103 103 103 104 104 104 99 99 99 99 99 99 104 104 104 149 149 149 104 104 104 153 153 153 149 149 149 113 113 113 114 114 114 107 107 107 107 107 107 114 114 114 108 108 108 114 114 114 115 115 115 108 108 108 108 108 108 115 115 115 109 109 109 115 115 115 116 116 116 109 109 109 109 109 109 116 116 116 110 110 110 110 110 110 116 116 116 117 117 117 116 116 116 129 129 129 117 117 117 117 117 117 129 129 129 130 130 130 129 129 129 139 139 139 130 130 130 139 139 139 140 140 140 130 130 130 140 140 140 171 171 171 130 130 130 130 130 130 171 171 171 164 164 164 171 171 171 172 172 172 164 164 164 164 164 164 172 172 172 165 165 165 172 172 172 173 173 173 165 165 165 165 165 165 173 173 173 166 166 166 173 173 173 174 174 174 166 166 166 603 603 603 174 174 174 604 604 604 174 174 174 173 173 173 604 604 604 604 604 604 173 173 173 605 605 605 173 173 173 172 172 172 605 605 605 605 605 605 172 172 172 606 606 606 172 172 172 171 171 171 606 606 606 606 606 606 171 171 171 380 380 380 171 171 171 140 140 140 380 380 380 380 380 380 140 140 140 379 379 379 140 140 140 139 139 139 379 379 379 379 379 379 139 139 139 568 568 568 594 594 594 603 603 603 596 596 596 603 603 603 604 604 604 596 596 596 596 596 596 604 604 604 598 598 598 604 604 604 605 605 605 598 598 598 598 598 598 605 605 605 600 600 600 605 605 605 606 606 606 600 600 600 600 600 600 606 606 606 383 383 383 606 606 606 380 380 380 383 383 383 383 383 383 380 380 380 382 382 382 380 380 380 379 379 379 382 382 382 382 382 382 379 379 379 381 381 381 379 379 379 568 568 568 381 381 381 381 381 381 568 568 568 557 557 557 595 595 595 596 596 596 597 597 597 596 596 596 598 598 598 597 597 597 597 597 597 598 598 598 599 599 599 598 598 598 600 600 600 599 599 599 599 599 599 600 600 600 387 387 387 600 600 600 383 383 383 387 387 387 387 387 387 383 383 383 386 386 386 383 383 383 382 382 382 386 386 386 386 386 386 382 382 382 385 385 385 382 382 382 381 381 381 385 385 385 385 385 385 381 381 381 384 384 384 381 381 381 557 557 557 384 384 384 384 384 384 557 557 557 558 558 558 557 557 557 559 559 559 558 558 558 558 558 558 559 559 559 560 560 560 559 559 559 561 561 561 560 560 560 560 560 560 561 561 561 562 562 562 561 561 561 563 563 563 562 562 562 427 427 427 733 733 733 428 428 428 726 726 726 732 732 732 733 733 733 733 733 733 732 732 732 428 428 428 732 732 732 429 429 429 428 428 428 418 418 418 426 426 426 419 419 419 426 426 426 427 427 427 419 419 419 419 419 419 427 427 427 420 420 420 427 427 427 428 428 428 420 420 420 420 420 420 428 428 428 421 421 421 428 428 428 429 429 429 421 421 421 421 421 421 429 429 429 422 422 422 422 422 422 429 429 429 430 430 430 430 430 430 429 429 429 731 731 731 429 429 429 732 732 732 731 731 731 731 731 731 732 732 732 725 725 725 732 732 732 726 726 726 725 725 725 725 725 725 726 726 726 720 720 720 726 726 726 721 721 721 720 720 720 720 720 720 721 721 721 716 716 716 721 721 721 717 717 717 716 716 716 716 716 716 717 717 717 713 713 713 717 717 717 714 714 714 713 713 713 731 731 731 730 730 730 430 430 430 730 730 730 431 431 431 430 430 430 431 431 431 423 423 423 430 430 430 430 430 430 423 423 423 422 422 422 423 423 423 415 415 415 422 422 422 415 415 415 413 413 413 422 422 422 422 422 422 413 413 413 421 421 421 413 413 413 411 411 411 421 421 421 421 421 421 411 411 411 420 420 420 411 411 411 409 409 409 420 420 420 420 420 420 409 409 409 419 419 419 409 409 409 407 407 407 419 419 419 419 419 419 407 407 407 418 418 418 407 407 407 405 405 405 418 418 418 418 418 418 405 405 405 417 417 417 405 405 405 404 404 404 417 417 417 417 417 417 404 404 404 416 416 416 404 404 404 540 540 540 416 416 416 582 582 582 414 414 414 415 415 415 415 415 415 414 414 414 413 413 413 414 414 414 412 412 412 413 413 413 413 413 413 412 412 412 411 411 411 412 412 412 410 410 410 411 411 411 411 411 411 410 410 410 409 409 409 410 410 410 408 408 408 409 409 409 409 409 409 408 408 408 407 407 407 408 408 408 406 406 406 407 407 407 407 407 407 406 406 406 405 405 405 406 406 406 403 403 403 405 405 405 405 405 405 403 403 403 404 404 404 403 403 403 542 542 542 404 404 404 404 404 404 542 542 542 540 540 540 542 542 542 543 543 543 540 540 540 543 543 543 541 541 541 540 540 540 541 541 541 376 376 376 540 540 540 540 540 540 376 376 376 416 416 416 416 416 416 376 376 376 378 378 378 376 376 376 377 377 377 378 378 378 378 378 378 377 377 377 700 700 700 377 377 377 701 701 701 700 700 700 700 700 700 701 701 701 693 693 693 701 701 701 694 694 694 693 693 693 693 693 693 694 694 694 687 687 687 694 694 694 688 688 688 687 687 687 687 687 687 688 688 688 682 682 682 688 688 688 683 683 683 682 682 682 682 682 682 683 683 683 678 678 678 683 683 683 679 679 679 678 678 678 678 678 678 679 679 679 675 675 675 679 679 679 676 676 676 675 675 675 675 675 675 676 676 676 673 673 673 676 676 676 674 674 674 673 673 673 674 674 674 672 672 672 673 673 673 673 673 673 711 711 711 675 675 675 711 711 711 714 714 714 675 675 675 675 675 675 714 714 714 678 678 678 714 714 714 718 718 718 678 678 678 678 678 678 718 718 718 682 682 682 718 718 718 723 723 723 682 682 682 682 682 682 723 723 723 687 687 687 723 723 723 729 729 729 687 687 687 687 687 687 729 729 729 693 693 693 729 729 729 736 736 736 693 693 693 693 693 693 736 736 736 700 700 700 736 736 736 424 424 424 700 700 700 700 700 700 424 424 424 378 378 378 378 378 378 424 424 424 416 416 416 416 416 416 424 424 424 417 417 417 424 424 424 425 425 425 417 417 417 417 417 417 425 425 425 418 418 418 425 425 425 426 426 426 418 418 418 714 714 714 717 717 717 718 718 718 717 717 717 722 722 722 718 718 718 718 718 718 722 722 722 723 723 723 722 722 722 728 728 728 723 723 723 723 723 723 728 728 728 729 729 729 728 728 728 735 735 735 729 729 729 729 729 729 735 735 735 736 736 736 735 735 735 425 425 425 736 736 736 736 736 736 425 425 425 424 424 424 717 717 717 721 721 721 722 722 722 721 721 721 727 727 727 722 722 722 722 722 722 727 727 727 728 728 728 727 727 727 734 734 734 728 728 728 728 728 728 734 734 734 735 735 735 734 734 734 426 426 426 735 735 735 735 735 735 426 426 426 425 425 425 721 721 721 726 726 726 727 727 727 726 726 726 733 733 733 727 727 727 727 727 727 733 733 733 734 734 734 733 733 733 427 427 427 734 734 734 734 734 734 427 427 427 426 426 426 162 162 162 163 163 163 157 157 157 163 163 163 190 190 190 157 157 157 167 167 167 168 168 168 161 161 161 168 168 168 162 162 162 161 161 161 161 161 161 162 162 162 156 156 156 162 162 162 157 157 157 156 156 156 157 157 157 152 152 152 156 156 156 156 156 156 152 152 152 151 151 151 152 152 152 148 148 148 151 151 151 151 151 151 148 148 148 146 146 146 166 166 166 167 167 167 160 160 160 167 167 167 161 161 161 160 160 160 160 160 160 161 161 161 155 155 155 161 161 161 156 156 156 155 155 155 156 156 156 151 151 151 155 155 155 155 155 155 151 151 151 150 150 150 151 151 151 146 146 146 150 150 150 150 150 150 146 146 146 144 144 144 165 165 165 166 166 166 159 159 159 166 166 166 160 160 160 159 159 159 159 159 159 160 160 160 154 154 154 160 160 160 155 155 155 154 154 154 155 155 155 150 150 150 154 154 154 154 154 154 150 150 150 149 149 149 150 150 150 144 144 144 149 149 149 149 149 149 144 144 144 99 99 99 149 149 149 153 153 153 154 154 154 154 154 154 153 153 153 159 159 159 153 153 153 158 158 158 159 159 159 159 159 159 158 158 158 165 165 165 158 158 158 164 164 164 165 165 165 43 43 43 33 33 33 42 42 42 33 33 33 210 210 210 42 42 42 512 512 512 43 43 43 212 212 212 43 43 43 42 42 42 212 212 212 212 212 212 42 42 42 211 211 211 42 42 42 210 210 210 211 211 211 211 211 211 210 210 210 628 628 628 628 628 628 210 210 210 209 209 209 209 209 209 210 210 210 202 202 202 210 210 210 33 33 33 202 202 202 202 202 202 33 33 33 25 25 25 25 25 25 33 33 33 34 34 34 33 33 33 43 43 43 34 34 34 34 34 34 43 43 43 44 44 44 43 43 43 512 512 512 44 44 44 24 24 24 25 25 25 26 26 26 25 25 25 34 34 34 26 26 26 26 26 26 34 34 34 35 35 35 34 34 34 44 44 44 35 35 35 35 35 35 44 44 44 45 45 45 45 45 45 44 44 44 511 511 511 44 44 44 512 512 512 511 511 511 511 511 511 512 512 512 510 510 510 510 510 510 512 512 512 215 215 215 512 512 512 212 212 212 215 215 215 215 215 215 212 212 212 214 214 214 212 212 212 211 211 211 214 214 214 214 214 214 211 211 211 213 213 213 211 211 211 628 628 628 213 213 213 213 213 213 628 628 628 629 629 629 629 629 629 628 628 628 630 630 630 628 628 628 209 209 209 630 630 630 630 630 630 209 209 209 208 208 208 208 208 208 209 209 209 201 201 201 209 209 209 202 202 202 201 201 201 201 201 201 202 202 202 195 195 195 202 202 202 25 25 25 195 195 195 195 195 195 25 25 25 24 24 24 577 577 577 134 134 134 133 133 133 133 133 133 134 134 134 121 121 121 134 134 134 122 122 122 121 121 121 121 121 121 122 122 122 120 120 120 134 134 134 577 577 577 575 575 575 577 577 577 576 576 576 575 575 575 576 576 576 574 574 574 575 575 575 575 575 575 574 574 574 573 573 573 574 574 574 572 572 572 573 573 573 573 573 573 572 572 572 571 571 571 572 572 572 569 569 569 571 571 571 569 569 569 570 570 570 571 571 571 571 571 571 570 570 570 137 137 137 570 570 570 138 138 138 137 137 137 138 138 138 128 128 128 137 137 137 137 137 137 128 128 128 126 126 126 128 128 128 127 127 127 126 126 126 127 127 127 125 125 125 126 126 126 126 126 126 125 125 125 124 124 124 125 125 125 123 123 123 124 124 124 124 124 124 123 123 123 122 122 122 123 123 123 120 120 120 122 122 122 137 137 137 136 136 136 571 571 571 571 571 571 136 136 136 573 573 573 136 136 136 135 135 135 573 573 573 573 573 573 135 135 135 575 575 575 575 575 575 135 135 135 134 134 134 134 134 134 135 135 135 122 122 122 122 122 122 135 135 135 124 124 124 135 135 135 136 136 136 124 124 124 124 124 124 136 136 136 126 126 126 136 136 136 137 137 137 126 126 126 1 1 1 2 2 2 0 0 0 2 2 2 52 52 52 0 0 0 52 52 52 90 90 90 0 0 0 90 90 90 141 141 141 0 0 0 141 141 141 1 1 1 0 0 0 5 5 5 2 2 2 4 4 4 2 2 2 1 1 1 4 4 4 4 4 4 1 1 1 3 3 3 3 3 3 1 1 1 179 179 179 1 1 1 141 141 141 179 179 179 179 179 179 141 141 141 143 143 143 143 143 143 141 141 141 142 142 142 141 141 141 90 90 90 142 142 142 142 142 142 90 90 90 92 92 92 92 92 92 90 90 90 91 91 91 90 90 90 52 52 52 91 91 91 91 91 91 52 52 52 54 54 54 54 54 54 52 52 52 53 53 53 52 52 52 2 2 2 53 53 53 53 53 53 2 2 2 5 5 5 326 326 326 330 330 330 327 327 327 330 330 330 331 331 331 327 327 327 327 327 327 331 331 331 328 328 328 331 331 331 332 332 332 328 328 328 328 328 328 332 332 332 567 567 567 332 332 332 566 566 566 567 567 567 567 567 567 566 566 566 565 565 565 566 566 566 564 564 564 565 565 565 565 565 565 578 578 578 567 567 567 578 578 578 579 579 579 567 567 567 567 567 567 579 579 579 328 328 328 579 579 579 325 325 325 328 328 328 328 328 328 325 325 325 327 327 327 325 325 325 324 324 324 327 327 327 327 327 327 324 324 324 326 326 326 324 324 324 534 534 534 326 326 326 326 326 326 534 534 534 525 525 525 534 534 534 535 535 535 525 525 525 525 525 525 535 535 535 527 527 527 535 535 535 536 536 536 527 527 527 527 527 527 536 536 536 529 529 529 536 536 536 537 537 537 529 529 529 529 529 529 537 537 537 531 531 531 537 537 537 538 538 538 531 531 531 531 531 531 538 538 538 533 533 533 538 538 538 539 539 539 533 533 533 578 578 578 132 132 132 579 579 579 132 132 132 131 131 131 579 579 579 579 579 579 131 131 131 325 325 325 131 131 131 89 89 89 325 325 325 325 325 325 89 89 89 324 324 324 89 89 89 88 88 88 324 324 324 324 324 324 88 88 88 534 534 534 88 88 88 87 87 87 534 534 534 534 534 534 87 87 87 535 535 535 87 87 87 86 86 86 535 535 535 535 535 535 86 86 86 536 536 536 86 86 86 85 85 85 536 536 536 536 536 536 85 85 85 537 537 537 85 85 85 84 84 84 537 537 537 537 537 537 84 84 84 538 538 538 84 84 84 83 83 83 538 538 538 538 538 538 83 83 83 539 539 539 83 83 83 82 82 82 539 539 539 131 131 131 81 81 81 89 89 89 89 89 89 81 81 81 88 88 88 81 81 81 80 80 80 88 88 88 88 88 88 80 80 80 87 87 87 80 80 80 79 79 79 87 87 87 87 87 87 79 79 79 86 86 86 79 79 79 78 78 78 86 86 86 86 86 86 78 78 78 85 85 85 78 78 78 77 77 77 85 85 85 85 85 85 77 77 77 84 84 84 77 77 77 76 76 76 84 84 84 84 84 84 76 76 76 83 83 83 76 76 76 75 75 75 83 83 83 83 83 83 75 75 75 82 82 82 75 75 75 41 41 41 82 82 82 82 82 82 41 41 41 51 51 51 51 51 51 41 41 41 50 50 50 41 41 41 40 40 40 50 50 50 81 81 81 74 74 74 80 80 80 74 74 74 73 73 73 80 80 80 80 80 80 73 73 73 79 79 79 73 73 73 72 72 72 79 79 79 79 79 79 72 72 72 78 78 78 72 72 72 71 71 71 78 78 78 78 78 78 71 71 71 77 77 77 71 71 71 70 70 70 77 77 77 77 77 77 70 70 70 76 76 76 70 70 70 69 69 69 76 76 76 76 76 76 69 69 69 75 75 75 69 69 69 32 32 32 75 75 75 75 75 75 32 32 32 41 41 41 41 41 41 32 32 32 40 40 40 32 32 32 31 31 31 40 40 40 40 40 40 31 31 31 39 39 39 31 31 31 30 30 30 39 39 39 39 39 39 30 30 30 38 38 38 68 68 68 67 67 67 73 73 73 73 73 73 67 67 67 72 72 72 67 67 67 66 66 66 72 72 72 72 72 72 66 66 66 71 71 71 66 66 66 65 65 65 71 71 71 71 71 71 65 65 65 70 70 70 65 65 65 64 64 64 70 70 70 70 70 70 64 64 64 69 69 69 64 64 64 23 23 23 69 69 69 69 69 69 23 23 23 32 32 32 32 32 32 23 23 23 31 31 31 23 23 23 22 22 22 31 31 31 31 31 31 22 22 22 30 30 30 22 22 22 21 21 21 30 30 30 30 30 30 21 21 21 29 29 29 29 29 29 21 21 21 20 20 20 21 21 21 15 15 15 20 20 20 15 15 15 14 14 14 20 20 20 15 15 15 21 21 21 16 16 16 21 21 21 22 22 22 16 16 16 16 16 16 22 22 22 17 17 17 22 22 22 23 23 23 17 17 17 23 23 23 64 64 64 17 17 17 17 17 17 64 64 64 60 60 60 64 64 64 65 65 65 60 60 60 60 60 60 65 65 65 61 61 61 65 65 65 66 66 66 61 61 61 61 61 61 66 66 66 62 62 62 66 66 66 67 67 67 62 62 62 616 616 616 610 610 610 615 615 615 610 610 610 224 224 224 615 615 615 615 615 615 224 224 224 223 223 223 224 224 224 225 225 225 223 223 223 223 223 223 225 225 225 226 226 226 225 225 225 227 227 227 226 226 226 226 226 226 227 227 227 228 228 228 227 227 227 229 229 229 228 228 228 228 228 228 229 229 229 230 230 230 238 238 238 229 229 229 237 237 237 229 229 229 227 227 227 237 237 237 237 237 237 227 227 227 236 236 236 227 227 227 225 225 225 236 236 236 236 236 236 225 225 225 235 235 235 225 225 225 224 224 224 235 235 235 235 235 235 224 224 224 234 234 234 224 224 224 610 610 610 234 234 234 234 234 234 610 610 610 611 611 611 610 610 610 612 612 612 611 611 611 611 611 611 612 612 612 613 613 613 612 612 612 614 614 614 613 613 613 613 613 613 614 614 614 455 455 455 614 614 614 449 449 449 455 455 455 455 455 455 449 449 449 454 454 454 449 449 449 447 447 447 454 454 454 454 454 454 447 447 447 453 453 453 447 447 447 445 445 445 453 453 453 610 610 610 616 616 616 612 612 612 616 616 616 617 617 617 612 612 612 612 612 612 617 617 617 614 614 614 617 617 617 618 618 618 614 614 614 614 614 614 618 618 618 449 449 449 618 618 618 448 448 448 449 449 449 449 449 449 448 448 448 447 447 447 448 448 448 446 446 446 447 447 447 447 447 447 446 446 446 445 445 445 446 446 446 444 444 444 445 445 445 445 445 445 444 444 444 443 443 443 444 444 444 441 441 441 443 443 443 443 443 443 441 441 441 442 442 442 441 441 441 588 588 588 442 442 442 442 442 442 588 588 588 583 583 583 588 588 588 589 589 589 583 583 583 583 583 583 589 589 589 585 585 585 589 589 589 590 590 590 585 585 585 453 453 453 445 445 445 452 452 452 445 445 445 443 443 443 452 452 452 452 452 452 443 443 443 451 451 451 443 443 443 442 442 442 451 451 451 451 451 451 442 442 442 450 450 450 442 442 442 583 583 583 450 450 450 450 450 450 583 583 583 584 584 584 583 583 583 585 585 585 584 584 584 584 584 584 585 585 585 586 586 586 585 585 585 587 587 587 586 586 586 586 586 586 587 587 587 402 402 402 587 587 587 396 396 396 402 402 402 402 402 402 396 396 396 401 401 401 396 396 396 394 394 394 401 401 401 401 401 401 394 394 394 400 400 400 394 394 394 392 392 392 400 400 400 400 400 400 392 392 392 399 399 399 392 392 392 390 390 390 399 399 399 585 585 585 590 590 590 587 587 587 590 590 590 591 591 591 587 587 587 587 587 587 591 591 591 396 396 396 591 591 591 395 395 395 396 396 396 396 396 396 395 395 395 394 394 394 395 395 395 393 393 393 394 394 394 394 394 394 393 393 393 392 392 392 393 393 393 391 391 391 392 392 392 392 392 392 391 391 391 390 390 390 391 391 391 388 388 388 390 390 390 390 390 390 388 388 388 389 389 389 388 388 388 552 552 552 389 389 389 389 389 389 552 552 552 545 545 545 552 552 552 553 553 553 545 545 545 545 545 545 553 553 553 547 547 547 553 553 553 554 554 554 547 547 547 547 547 547 554 554 554 549 549 549 554 554 554 555 555 555 549 549 549 399 399 399 390 390 390 398 398 398 390 390 390 389 389 389 398 398 398 398 398 398 389 389 389 397 397 397 389 389 389 545 545 545 397 397 397 397 397 397 545 545 545 546 546 546 545 545 545 547 547 547 546 546 546 546 546 546 547 547 547 548 548 548 547 547 547 549 549 549 548 548 548 548 548 548 549 549 549 550 550 550 287 287 287 285 285 285 286 286 286 286 286 286 285 285 285 284 284 284 285 285 285 283 283 283 284 284 284 284 284 284 283 283 283 282 282 282 283 283 283 280 280 280 282 282 282 282 282 282 280 280 280 281 281 281 280 280 280 492 492 492 281 281 281 281 281 281 492 492 492 487 487 487 492 492 492 493 493 493 487 487 487 487 487 487 493 493 493 489 489 489 493 493 493 494 494 494 489 489 489 489 489 489 494 494 494 491 491 491 494 494 494 495 495 495 491 491 491 491 491 491 495 495 495 233 233 233 495 495 495 231 231 231 233 233 233 233 233 233 231 231 231 232 232 232 232 232 232 239 239 239 233 233 233 239 239 239 240 240 240 233 233 233 233 233 233 240 240 240 491 491 491 240 240 240 490 490 490 491 491 491 491 491 491 490 490 490 489 489 489 490 490 490 488 488 488 489 489 489 489 489 489 488 488 488 487 487 487 488 488 488 289 289 289 487 487 487 487 487 487 289 289 289 281 281 281 289 289 289 290 290 290 281 281 281 281 281 281 290 290 290 282 282 282 290 290 290 291 291 291 282 282 282 282 282 282 291 291 291 284 284 284 291 291 291 292 292 292 284 284 284 284 284 284 292 292 292 286 286 286 292 292 292 293 293 293 286 286 286 286 286 286 293 293 293 288 288 288 293 293 293 294 294 294 288 288 288 288 288 288 294 294 294 520 520 520 294 294 294 519 519 519 520 520 520 520 520 520 519 519 519 518 518 518 519 519 519 517 517 517 518 518 518 518 518 518 517 517 517 516 516 516 517 517 517 342 342 342 516 516 516 516 516 516 342 342 342 334 334 334 342 342 342 343 343 343 334 334 334 334 334 334 343 343 343 335 335 335 343 343 343 344 344 344 335 335 335 335 335 335 344 344 344 337 337 337 344 344 344 345 345 345 337 337 337 337 337 337 345 345 345 339 339 339 345 345 345 346 346 346 339 339 339 339 339 339 346 346 346 341 341 341 346 346 346 347 347 347 341 341 341 347 347 347 551 551 551 341 341 341 551 551 551 556 556 556 341 341 341 556 556 556 340 340 340 341 341 341 341 341 341 340 340 340 339 339 339 340 340 340 338 338 338 339 339 339 339 339 339 338 338 338 337 337 337 338 338 338 336 336 336 337 337 337 337 337 337 336 336 336 335 335 335 336 336 336 333 333 333 335 335 335 335 335 335 333 333 333 334 334 334 333 333 333 521 521 521 334 334 334 334 334 334 521 521 521 516 516 516 521 521 521 522 522 522 516 516 516 516 516 516 522 522 522 518 518 518 522 522 522 523 523 523 518 518 518 518 518 518 523 523 523 520 520 520 523 523 523 524 524 524 520 520 520 520 520 520 524 524 524 288 288 288 524 524 524 287 287 287 288 288 288 288 288 288 287 287 287 286 286 286 496 496 496 276 276 276 273 273 273 276 276 276 277 277 277 273 273 273 273 273 273 277 277 277 274 274 274 277 277 277 278 278 278 274 274 274 274 274 274 278 278 278 275 275 275 278 278 278 279 279 279 275 275 275 275 275 275 279 279 279 533 533 533 279 279 279 532 532 532 533 533 533 533 533 533 532 532 532 531 531 531 532 532 532 530 530 530 531 531 531 531 531 531 530 530 530 529 529 529 530 530 530 528 528 528 529 529 529 529 529 529 528 528 528 527 527 527 528 528 528 526 526 526 527 527 527 527 527 527 526 526 526 525 525 525 526 526 526 329 329 329 525 525 525 525 525 525 329 329 329 326 326 326 329 329 329 330 330 330 326 326 326</p>
   </triangles>
   <triangles count="756" material="sym1">
    <input semantic="VERTEX" source="#geom-vtx" offset="0"/>
    <input semantic="NORMAL" source="#geom-nrm" offset="1"/>
    <input semantic="TEXCOORD" source="#geom-uv" offset="2" set="0"/>
    <p>788 788 788 789 789 789 790 790 790 789 789 789 791 791 791 792 792 792 792 792 792 791 791 791 793 793 793 791 791 791 794 794 794 793 793 793 793 793 793 794 794 794 795 795 795 794 794 794 796 796 796 795 795 795 795 795 795 796 796 796 797 797 797 796 796 796 798 798 798 797 797 797 798 798 798 799 799 799 797 797 797 799 799 799 800 800 800 797 797 797 800 800 800 799 799 799 801 801 801 799 799 799 802 802 802 801 801 801 801 801 801 802 802 802 803 803 803 802 802 802 804 804 804 803 803 803 803 803 803 804 804 804 805 805 805 806 806 806 807 807 807 808 808 808 808 808 808 810 810 810 809 809 809 810 810 810 811 811 811 809 809 809 811 811 811 810 810 810 812 812 812 810 810 810 813 813 813 812 812 812 812 812 812 813 813 813 814 814 814 813 813 813 815 815 815 814 814 814 814 814 814 815 815 815 816 816 816 815 815 815 817 817 817 816 816 816 817 817 817 818 818 818 816 816 816 816 816 816 818 818 818 819 819 819 818 818 818 820 820 820 819 819 819 819 819 819 820 820 820 821 821 821 820 820 820 822 822 822 821 821 821 821 821 821 822 822 822 823 823 823 823 823 823 822 822 822 824 824 824 822 822 822 825 825 825 824 824 824 825 825 825 826 826 826 824 824 824 827 827 827 828 828 828 829 829 829 830 830 830 831 831 831 832 832 832 831 831 831 833 833 833 832 832 832 833 833 833 834 834 834 832 832 832 834 834 834 828 828 828 832 832 832 829 829 829 835 835 835 836 836 836 835 835 835 837 837 837 836 836 836 837 837 837 838 838 838 836 836 836 838 838 838 830 830 830 836 836 836 839 839 839 840 840 840 841 841 841 839 839 839 842 842 842 843 843 843 842 842 842 844 844 844 843 843 843 844 844 844 845 845 845 843 843 843 845 845 845 846 846 846 843 843 843 846 846 846 847 847 847 848 848 848 847 847 847 849 849 849 848 848 848 849 849 849 850 850 850 848 848 848 850 850 850 841 841 841 848 848 848 851 851 851 852 852 852 853 853 853 851 851 851 854 854 854 852 852 852 854 854 854 855 855 855 852 852 852 852 852 852 855 855 855 856 856 856 856 856 856 855 855 855 857 857 857 855 855 855 858 858 858 857 857 857 858 858 858 859 859 859 857 857 857 859 859 859 860 860 860 857 857 857 860 860 860 859 859 859 861 861 861 859 859 859 862 862 862 861 861 861 862 862 862 863 863 863 861 861 861 863 863 863 864 864 864 861 861 861 864 864 864 863 863 863 865 865 865 863 863 863 866 866 866 865 865 865 865 865 865 866 866 866 867 867 867 867 867 867 866 866 866 868 868 868 868 868 868 866 866 866 869 869 869 866 866 866 870 870 870 869 869 869 870 870 870 871 871 871 869 869 869 855 855 855 872 872 872 858 858 858 872 872 872 873 873 873 858 858 858 873 873 873 872 872 872 874 874 874 872 872 872 875 875 875 874 874 874 875 875 875 870 870 870 874 874 874 874 874 874 870 870 870 863 863 863 870 870 870 866 866 866 863 863 863 858 858 858 873 873 873 859 859 859 859 859 859 873 873 873 862 862 862 873 873 873 874 874 874 862 862 862 862 862 862 874 874 874 863 863 863 851 851 851 876 876 876 854 854 854 854 854 854 876 876 876 877 877 877 876 876 876 871 871 871 877 877 877 871 871 871 872 872 872 877 877 877 872 872 872 855 855 855 877 877 877 855 855 855 854 854 854 877 877 877 878 878 878 879 879 879 880 880 880 879 879 879 881 881 881 880 880 880 882 882 882 883 883 883 884 884 884 883 883 883 885 885 885 884 884 884 886 886 886 887 887 887 884 884 884 887 887 887 888 888 888 884 884 884 888 888 888 889 889 889 884 884 884 889 889 889 890 890 890 884 884 884 891 891 891 892 892 892 893 893 893 892 892 892 894 894 894 893 893 893 895 895 895 896 896 896 892 892 892 896 896 896 897 897 897 892 892 892 897 897 897 898 898 898 892 892 892 898 898 898 899 899 899 892 892 892 900 900 900 901 901 901 902 902 902 901 901 901 903 903 903 902 902 902 904 904 904 905 905 905 906 906 906 905 905 905 907 907 907 906 906 906 908 908 908 909 909 909 910 910 910 909 909 909 911 911 911 910 910 910 912 912 912 913 913 913 914 914 914 913 913 913 915 915 915 914 914 914 916 916 916 917 917 917 918 918 918 917 917 917 919 919 919 918 918 918 920 920 920 921 921 921 922 922 922 921 921 921 923 923 923 922 922 922 924 924 924 925 925 925 926 926 926 925 925 925 927 927 927 926 926 926 928 928 928 929 929 929 930 930 930 929 929 929 931 931 931 930 930 930 932 932 932 933 933 933 934 934 934 933 933 933 935 935 935 934 934 934 852 852 852 936 936 936 937 937 937 937 937 937 936 936 936 938 938 938 936 936 936 933 933 933 938 938 938 938 938 938 933 933 933 939 939 939 933 933 933 932 932 932 939 939 939 939 939 939 932 932 932 940 940 940 940 940 940 932 932 932 941 941 941 932 932 932 942 942 942 941 941 941 938 938 938 943 943 943 937 937 937 943 943 943 944 944 944 937 937 937 944 944 944 945 945 945 937 937 937 937 937 937 945 945 945 946 946 946 945 945 945 947 947 947 946 946 946 946 946 946 947 947 947 948 948 948 948 948 948 947 947 947 949 949 949 949 949 949 947 947 947 950 950 950 947 947 947 945 945 945 950 950 950 950 950 950 945 945 945 951 951 951 945 945 945 944 944 944 951 951 951 951 951 951 944 944 944 952 952 952 944 944 944 943 943 943 952 952 952 952 952 952 943 943 943 953 953 953 943 943 943 954 954 954 953 953 953 953 953 953 954 954 954 955 955 955 955 955 955 954 954 954 941 941 941 954 954 954 940 940 940 941 941 941 953 953 953 956 956 956 952 952 952 956 956 956 957 957 957 952 952 952 952 952 952 957 957 957 951 951 951 957 957 957 958 958 958 951 951 951 951 951 951 958 958 958 950 950 950 950 950 950 958 958 958 949 949 949 958 958 958 959 959 959 949 949 949 949 949 949 959 959 959 960 960 960 960 960 960 959 959 959 961 961 961 961 961 961 959 959 959 962 962 962 962 962 962 959 959 959 963 963 963 959 959 959 958 958 958 963 963 963 958 958 958 957 957 957 963 963 963 963 963 963 957 957 957 964 964 964 957 957 957 956 956 956 964 964 964 956 956 956 965 965 965 964 964 964 965 965 965 966 966 966 964 964 964 966 966 966 962 962 962 964 964 964 967 967 967 968 968 968 955 955 955 968 968 968 953 953 953 955 955 955 953 953 953 968 968 968 956 956 956 956 956 956 968 968 968 965 965 965 965 965 965 968 968 968 969 969 969 968 968 968 967 967 967 969 969 969 969 969 969 967 967 967 970 970 970 967 967 967 971 971 971 970 970 970 971 971 971 972 972 972 970 970 970 972 972 972 973 973 973 970 970 970 970 970 970 973 973 973 969 969 969 973 973 973 974 974 974 969 969 969 969 969 969 974 974 974 965 965 965 965 965 965 974 974 974 966 966 966 974 974 974 975 975 975 966 966 966 975 975 975 976 976 976 966 966 966 966 966 966 976 976 976 962 962 962 976 976 976 961 961 961 962 962 962 976 976 976 977 977 977 961 961 961 977 977 977 978 978 978 961 961 961 961 961 961 978 978 978 960 960 960 978 978 978 979 979 979 960 960 960 960 960 960 979 979 979 949 949 949 949 949 949 979 979 979 980 980 980 980 980 980 979 979 979 981 981 981 979 979 979 978 978 978 981 981 981 981 981 981 978 978 978 982 982 982 978 978 978 977 977 977 982 982 982 982 982 982 977 977 977 983 983 983 983 983 983 977 977 977 984 984 984 977 977 977 976 976 976 984 984 984 976 976 976 975 975 975 984 984 984 975 975 975 985 985 985 984 984 984 985 985 985 975 975 975 986 986 986 975 975 975 974 974 974 986 986 986 974 974 974 973 973 973 986 986 986 986 986 986 973 973 973 987 987 987 973 973 973 972 972 972 987 987 987 987 987 987 972 972 972 988 988 988 988 988 988 972 972 972 989 989 989 972 972 972 971 971 971 989 989 989 989 989 989 971 971 971 990 990 990 971 971 971 991 991 991 990 990 990 991 991 991 992 992 992 990 990 990 990 990 990 992 992 992 989 989 989 992 992 992 993 993 993 989 989 989 993 993 993 994 994 994 989 989 989 989 989 989 994 994 994 988 988 988 994 994 994 995 995 995 988 988 988 988 988 988 995 995 995 987 987 987 987 987 987 995 995 995 986 986 986 995 995 995 996 996 996 986 986 986 986 986 986 996 996 996 985 985 985 996 996 996 997 997 997 985 985 985 998 998 998 997 997 997 999 999 999 997 997 997 1000 1000 1000 999 999 999 999 999 999 1000 1000 1000 1001 1001 1001 1000 1000 1000 1002 1002 1002 1001 1001 1001 1002 1002 1002 994 994 994 1001 1001 1001 1001 1001 1001 994 994 994 1003 1003 1003 994 994 994 993 993 993 1003 1003 1003 1003 1003 1003 993 993 993 1004 1004 1004 993 993 993 992 992 992 1004 1004 1004 1004 1004 1004 992 992 992 1005 1005 1005 992 992 992 1006 1006 1006 1005 1005 1005 1005 1005 1005 1006 1006 1006 1007 1007 1007 1006 1006 1006 1008 1008 1008 1007 1007 1007 1008 1008 1008 1009 1009 1009 1007 1007 1007 1009 1009 1009 1010 1010 1010 1007 1007 1007 1010 1010 1010 1011 1011 1011 1007 1007 1007 1007 1007 1007 1011 1011 1011 1012 1012 1012 1011 1011 1011 1013 1013 1013 1012 1012 1012 999 999 999 1001 1001 1001 1014 1014 1014 1001 1001 1001 1015 1015 1015 1014 1014 1014 1014 1014 1014 1015 1015 1015 1016 1016 1016 1015 1015 1015 1017 1017 1017 1016 1016 1016 1016 1016 1016 1017 1017 1017 1018 1018 1018 1018 1018 1018 1017 1017 1017 1012 1012 1012 1017 1017 1017 1005 1005 1005 1012 1012 1012 1012 1012 1012 1005 1005 1005 1007 1007 1007 1001 1001 1001 1003 1003 1003 1015 1015 1015 1015 1015 1015 1003 1003 1003 1017 1017 1017 1003 1003 1003 1004 1004 1004 1017 1017 1017 1017 1017 1017 1004 1004 1004 1005 1005 1005 1012 1012 1012 1013 1013 1013 1018 1018 1018 1013 1013 1013 1019 1019 1019 1018 1018 1018 1018 1018 1018 1019 1019 1019 1020 1020 1020 1020 1020 1020 1019 1019 1019 1021 1021 1021 1019 1019 1019 1022 1022 1022 1021 1021 1021 1021 1021 1021 1022 1022 1022 1023 1023 1023 1022 1022 1022 1024 1024 1024 1023 1023 1023 1023 1023 1023 1024 1024 1024 1025 1025 1025 1026 1026 1026 1027 1027 1027 1028 1028 1028 1027 1027 1027 1022 1022 1022 1028 1028 1028 1028 1028 1028 1022 1022 1022 1029 1029 1029 1022 1022 1022 1019 1019 1019 1029 1029 1029 1029 1029 1029 1019 1019 1019 1030 1030 1030 1013 1013 1013 1031 1031 1031 1019 1019 1019 1019 1019 1019 1031 1031 1031 1030 1030 1030 1031 1031 1031 1032 1032 1032 1030 1030 1030 1030 1030 1030 1032 1032 1032 1033 1033 1033 1032 1032 1032 1034 1034 1034 1033 1033 1033 1033 1033 1033 1034 1034 1034 1035 1035 1035 1034 1034 1034 1036 1036 1036 1035 1035 1035 1035 1035 1035 1036 1036 1036 1037 1037 1037 1036 1036 1036 1038 1038 1038 1037 1037 1037 1037 1037 1037 1038 1038 1038 934 934 934 1039 1039 1039 1040 1040 1040 1041 1041 1041 1040 1040 1040 1042 1042 1042 1041 1041 1041 1041 1041 1041 1042 1042 1042 1043 1043 1043 1042 1042 1042 934 934 934 1043 1043 1043 962 962 962 963 963 963 964 964 964 1006 1006 1006 1044 1044 1044 1008 1008 1008 1010 1010 1010 1009 1009 1009 1045 1045 1045 1009 1009 1009 1046 1046 1046 1045 1045 1045 1045 1045 1045 1046 1046 1046 942 942 942 942 942 942 1046 1046 1046 1047 1047 1047 1047 1047 1047 1046 1046 1046 1048 1048 1048 1048 1048 1048 1046 1046 1046 1044 1044 1044 1044 1044 1044 1046 1046 1046 1008 1008 1008 1046 1046 1046 1009 1009 1009 1008 1008 1008 955 955 955 1049 1049 1049 967 967 967 967 967 967 1049 1049 1049 971 971 971 971 971 971 1049 1049 1049 991 991 991 1049 1049 1049 1050 1050 1050 991 991 991 1050 1050 1050 1051 1051 1051 991 991 991 1051 1051 1051 992 992 992 991 991 991 992 992 992 1051 1051 1051 1006 1006 1006 1006 1006 1006 1051 1051 1051 1044 1044 1044 1051 1051 1051 1050 1050 1050 1044 1044 1044 1044 1044 1044 1050 1050 1050 1052 1052 1052 1052 1052 1052 1050 1050 1050 1053 1053 1053 1050 1050 1050 1049 1049 1049 1053 1053 1053 1049 1049 1049 955 955 955 1053 1053 1053 1053 1053 1053 955 955 955 1052 1052 1052 955 955 955 941 941 941 1052 1052 1052 1054 1054 1054 1055 1055 1055 1056 1056 1056 1055 1055 1055 1057 1057 1057 1056 1056 1056 1058 1058 1058 1055 1055 1055 1059 1059 1059 1055 1055 1055 1054 1054 1054 1059 1059 1059 1059 1059 1059 1054 1054 1054 1060 1060 1060 1061 1061 1061 1062 1062 1062 1058 1058 1058 1062 1062 1062 1063 1063 1063 1058 1058 1058 1058 1058 1058 1063 1063 1063 1055 1055 1055 1063 1063 1063 1064 1064 1064 1055 1055 1055 1055 1055 1055 1064 1064 1064 1057 1057 1057 1064 1064 1064 1065 1065 1065 1057 1057 1057 1058 1058 1058 1059 1059 1059 1061 1061 1061 1061 1061 1061 1059 1059 1059 1066 1066 1066 1059 1059 1059 1060 1060 1060 1066 1066 1066 1066 1066 1066 1060 1060 1060 1067 1067 1067 1060 1060 1060 1068 1068 1068 1067 1067 1067 1067 1067 1067 1068 1068 1068 1069 1069 1069 1068 1068 1068 1070 1070 1070 1069 1069 1069 1069 1069 1069 1070 1070 1070 1071 1071 1071 1070 1070 1070 1072 1072 1072 1071 1071 1071 1071 1071 1071 1072 1072 1072 1073 1073 1073 1072 1072 1072 1074 1074 1074 1073 1073 1073 1073 1073 1073 1074 1074 1074 1075 1075 1075 1074 1074 1074 1076 1076 1076 1075 1075 1075 1075 1075 1075 1076 1076 1076 1077 1077 1077 1076 1076 1076 1078 1078 1078 1077 1077 1077 1077 1077 1077 1078 1078 1078 1079 1079 1079 1078 1078 1078 1080 1080 1080 1079 1079 1079 1080 1080 1080 1081 1081 1081 1079 1079 1079 1076 1076 1076 1074 1074 1074 1082 1082 1082 1074 1074 1074 1072 1072 1072 1082 1082 1082 1082 1082 1082 1072 1072 1072 1083 1083 1083 1078 1078 1078 1076 1076 1076 1084 1084 1084 1076 1076 1076 1082 1082 1082 1084 1084 1084 1084 1084 1084 1082 1082 1082 1085 1085 1085 1085 1085 1085 1082 1082 1082 1086 1086 1086 1082 1082 1082 1083 1083 1083 1086 1086 1086 1086 1086 1086 1083 1083 1083 1087 1087 1087 1088 1088 1088 1081 1081 1081 1089 1089 1089 1081 1081 1081 1080 1080 1080 1089 1089 1089 1089 1089 1089 1080 1080 1080 1090 1090 1090 1080 1080 1080 1078 1078 1078 1090 1090 1090 1090 1090 1090 1078 1078 1078 1091 1091 1091 1092 1092 1092 1088 1088 1088 1093 1093 1093 1088 1088 1088 1089 1089 1089 1093 1093 1093 1093 1093 1093 1089 1089 1089 1094 1094 1094 1089 1089 1089 1090 1090 1090 1094 1094 1094 1094 1094 1094 1090 1090 1090 1095 1095 1095 1095 1095 1095 1090 1090 1090 1096 1096 1096 1090 1090 1090 1091 1091 1091 1096 1096 1096 1096 1096 1096 1091 1091 1091 1097 1097 1097 1098 1098 1098 1099 1099 1099 1100 1100 1100 1099 1099 1099 1101 1101 1101 1100 1100 1100 1102 1102 1102 1103 1103 1103 1104 1104 1104 1103 1103 1103 1105 1105 1105 1104 1104 1104 1105 1105 1105 1106 1106 1106 1104 1104 1104 1106 1106 1106 1107 1107 1107 1104 1104 1104 1107 1107 1107 1106 1106 1106 1108 1108 1108 1106 1106 1106 1109 1109 1109 1108 1108 1108 1108 1108 1108 1109 1109 1109 1110 1110 1110 1110 1110 1110 1109 1109 1109 1111 1111 1111 1111 1111 1111 1109 1109 1109 1099 1099 1099 1099 1099 1099 1109 1109 1109 1101 1101 1101 1109 1109 1109 1106 1106 1106 1101 1101 1101 1101 1101 1101 1106 1106 1106 1105 1105 1105 1112 1112 1112 1113 1113 1113 1098 1098 1098 1113 1113 1113 1114 1114 1114 1098 1098 1098 1098 1098 1098 1114 1114 1114 1099 1099 1099 1099 1099 1099 1114 1114 1114 1111 1111 1111 1111 1111 1111 1114 1114 1114 1115 1115 1115 1115 1115 1115 1114 1114 1114 1116 1116 1116 1114 1114 1114 1113 1113 1113 1116 1116 1116 1116 1116 1116 1113 1113 1113 1117 1117 1117 1117 1117 1117 1113 1113 1113 1118 1118 1118 1113 1113 1113 1112 1112 1112 1118 1118 1118 1112 1112 1112 1119 1119 1119 1118 1118 1118 1119 1119 1119 1120 1120 1120 1118 1118 1118 1121 1121 1121 1122 1122 1122 1123 1123 1123 1122 1122 1122 1124 1124 1124 1123 1123 1123 1125 1125 1125 1121 1121 1121 1126 1126 1126 1121 1121 1121 1123 1123 1123 1126 1126 1126 1126 1126 1126 1123 1123 1123 1127 1127 1127 1128 1128 1128 1125 1125 1125 1129 1129 1129 1125 1125 1125 1126 1126 1126 1129 1129 1129 1129 1129 1129 1126 1126 1126 1130 1130 1130 1126 1126 1126 1127 1127 1127 1130 1130 1130 1130 1130 1130 1127 1127 1127 1131 1131 1131 1131 1131 1131 1127 1127 1127 1132 1132 1132 1127 1127 1127 1123 1123 1123 1132 1132 1132 1132 1132 1132 1123 1123 1123 1133 1133 1133 1123 1123 1123 1124 1124 1124 1133 1133 1133 1133 1133 1133 1124 1124 1124 1134 1134 1134 1125 1125 1125 1128 1128 1128 1135 1135 1135 1128 1128 1128 1136 1136 1136 1135 1135 1135 1135 1135 1135 1136 1136 1136 1137 1137 1137 1136 1136 1136 1138 1138 1138 1137 1137 1137 1137 1137 1137 1138 1138 1138 1139 1139 1139 1138 1138 1138 1140 1140 1140 1139 1139 1139 1139 1139 1139 1140 1140 1140 1141 1141 1141 1140 1140 1140 1142 1142 1142 1141 1141 1141 1141 1141 1141 1142 1142 1142 1143 1143 1143 1142 1142 1142 1144 1144 1144 1143 1143 1143 1143 1143 1143 1144 1144 1144 1145 1145 1145 1144 1144 1144 1146 1146 1146 1145 1145 1145 1145 1145 1145 1146 1146 1146 1147 1147 1147 1146 1146 1146 1148 1148 1148 1147 1147 1147 1147 1147 1147 1148 1148 1148 1149 1149 1149 1148 1148 1148 1150 1150 1150 1149 1149 1149 1149 1149 1149 1150 1150 1150 1151 1151 1151 1150 1150 1150 1152 1152 1152 1151 1151 1151 1153 1153 1153 1145 1145 1145 1154 1154 1154 1145 1145 1145 1147 1147 1147 1154 1154 1154 1154 1154 1154 1147 1147 1147 1149 1149 1149 1155 1155 1155 1153 1153 1153 1156 1156 1156 1153 1153 1153 1154 1154 1154 1156 1156 1156 1156 1156 1156 1154 1154 1154 1157 1157 1157 1157 1157 1157 1154 1154 1154 1158 1158 1158 1154 1154 1154 1149 1149 1149 1158 1158 1158 1158 1158 1158 1149 1149 1149 1151 1151 1151 1143 1143 1143 1159 1159 1159 1141 1141 1141 1141 1141 1141 1159 1159 1159 1139 1139 1139 1159 1159 1159 1160 1160 1160 1139 1139 1139 1145 1145 1145 1161 1161 1161 1143 1143 1143 1143 1143 1143 1161 1161 1161 1159 1159 1159 1161 1161 1161 1162 1162 1162 1159 1159 1159 1162 1162 1162 1163 1163 1163 1159 1159 1159 1159 1159 1159 1163 1163 1163 1160 1160 1160 1163 1163 1163 1164 1164 1164 1160 1160 1160 1165 1165 1165 1166 1166 1166 1167 1167 1167 1166 1166 1166 1168 1168 1168 1167 1167 1167 1167 1167 1167 1168 1168 1168 1169 1169 1169 1169 1169 1169 1168 1168 1168 1170 1170 1170 1168 1168 1168 1137 1137 1137 1170 1170 1170 1170 1170 1170 1137 1137 1137 1139 1139 1139 1166 1166 1166 1125 1125 1125 1168 1168 1168 1125 1125 1125 1135 1135 1135 1168 1168 1168 1168 1168 1168 1135 1135 1135 1137 1137 1137 1171 1171 1171 1172 1172 1172 1173 1173 1173 1172 1172 1172 1174 1174 1174 1173 1173 1173 1173 1173 1173 1174 1174 1174 1175 1175 1175 1176 1176 1176 1177 1177 1177 1178 1178 1178 1177 1177 1177 1179 1179 1179 1178 1178 1178 1179 1179 1179 1180 1180 1180 1178 1178 1178 1180 1180 1180 1171 1171 1171 1178 1178 1178 1181 1181 1181 1182 1182 1182 1183 1183 1183 1182 1182 1182 1179 1179 1179 1183 1183 1183 1179 1179 1179 1177 1177 1177 1183 1183 1183 1177 1177 1177 1184 1184 1184 1183 1183 1183 1181 1181 1181 1185 1185 1185 1186 1186 1186 1185 1185 1185 1187 1187 1187 1186 1186 1186 1186 1186 1186 1187 1187 1187 1188 1188 1188 1187 1187 1187 1189 1189 1189 1188 1188 1188 1189 1189 1189 1174 1174 1174 1188 1188 1188 1174 1174 1174 1190 1190 1190 1188 1188 1188 1190 1190 1190 1191 1191 1191 1188 1188 1188 1191 1191 1191 1186 1186 1186 1188 1188 1188 1174 1174 1174 1193 1193 1193 1192 1192 1192 1193 1193 1193 1194 1194 1194 1192 1192 1192 1194 1194 1194 1193 1193 1193 1195 1195 1195 1195 1195 1195 1193 1193 1193 1196 1196 1196 1196 1196 1196 1193 1193 1193 1197 1197 1197 1193 1193 1193 1187 1187 1187 1197 1197 1197 1198 1198 1198 1199 1199 1199 1200 1200 1200 1199 1199 1199 1201 1201 1201 1200 1200 1200 1200 1200 1200 1201 1201 1201 1202 1202 1202 1201 1201 1201 1199 1199 1199 1203 1203 1203 1199 1199 1199 1204 1204 1204 1203 1203 1203 1203 1203 1203 1204 1204 1204 1205 1205 1205 1204 1204 1204 1206 1206 1206 1205 1205 1205 1205 1205 1205 1206 1206 1206 1207 1207 1207 1206 1206 1206 1208 1208 1208 1207 1207 1207 1207 1207 1207 1208 1208 1208 1209 1209 1209 1208 1208 1208 1210 1210 1210 1209 1209 1209 1209 1209 1209 1210 1210 1210 1211 1211 1211 1210 1210 1210 1212 1212 1212 1211 1211 1211 1211 1211 1211 1212 1212 1212 1213 1213 1213 1212 1212 1212 1214 1214 1214 1213 1213 1213 1213 1213 1213 1214 1214 1214 1215 1215 1215 1214 1214 1214 1216 1216 1216 1215 1215 1215 1215 1215 1215 1216 1216 1216 1217 1217 1217 1216 1216 1216 1218 1218 1218 1217 1217 1217 1217 1217 1217 1218 1218 1218 1219 1219 1219 1218 1218 1218 1220 1220 1220 1219 1219 1219 1214 1214 1214 1212 1212 1212 1221 1221 1221 1212 1212 1212 1222 1222 1222 1221 1221 1221 1221 1221 1221 1222 1222 1222 1223 1223 1223 1223 1223 1223 1222 1222 1222 1224 1224 1224 1224 1224 1224 1222 1222 1222 1208 1208 1208 1208 1208 1208 1222 1222 1222 1210 1210 1210 1222 1222 1222 1212 1212 1212 1210 1210 1210 1220 1220 1220 1218 1218 1218 1225 1225 1225 1218 1218 1218 1226 1226 1226 1225 1225 1225 1225 1225 1225 1226 1226 1226 1223 1223 1223 1223 1223 1223 1226 1226 1226 1227 1227 1227 1227 1227 1227 1226 1226 1226 1214 1214 1214 1214 1214 1214 1226 1226 1226 1216 1216 1216 1226 1226 1226 1218 1218 1218 1216 1216 1216 1219 1219 1219 1220 1220 1220 1228 1228 1228 1220 1220 1220 1229 1229 1229 1228 1228 1228 1228 1228 1228 1229 1229 1229 1230 1230 1230 1230 1230 1230 1229 1229 1229 1231 1231 1231 1229 1229 1229 1232 1232 1232 1231 1231 1231 1231 1231 1231 1232 1232 1232 1233 1233 1233 1233 1233 1233 1232 1232 1232 1223 1223 1223 1223 1223 1223 1232 1232 1232 1234 1234 1234 1234 1234 1234 1232 1232 1232 1220 1220 1220 1232 1232 1232 1229 1229 1229 1220 1220 1220 1208 1208 1208 1206 1206 1206 1235 1235 1235 1206 1206 1206 1236 1236 1236 1235 1235 1235 1235 1235 1235 1236 1236 1236 1223 1223 1223 1223 1223 1223 1236 1236 1236 1237 1237 1237 1237 1237 1237 1236 1236 1236 1199 1199 1199 1199 1199 1199 1236 1236 1236 1204 1204 1204 1236 1236 1236 1206 1206 1206 1204 1204 1204 1238 1238 1238 1239 1239 1239 1240 1240 1240 1239 1239 1239 1241 1241 1241 1240 1240 1240 1240 1240 1240 1241 1241 1241 1242 1242 1242 1239 1239 1239 1243 1243 1243 1241 1241 1241 1241 1241 1241 1243 1243 1243 1244 1244 1244 1243 1243 1243 1245 1245 1245 1244 1244 1244 1244 1244 1244 1245 1245 1245 1246 1246 1246 1245 1245 1245 1247 1247 1247 1246 1246 1246 1246 1246 1246 1247 1247 1247 1248 1248 1248 1247 1247 1247 1249 1249 1249 1248 1248 1248 1248 1248 1248 1249 1249 1249 1250 1250 1250 1249 1249 1249 1251 1251 1251 1250 1250 1250 1250 1250 1250 1251 1251 1251 1252 1252 1252 1251 1251 1251 1253 1253 1253 1252 1252 1252 1252 1252 1252 1253 1253 1253 1254 1254 1254 1253 1253 1253 1255 1255 1255 1254 1254 1254 1254 1254 1254 1255 1255 1255 1256 1256 1256 1255 1255 1255 1257 1257 1257 1256 1256 1256 1256 1256 1256 1257 1257 1257 1258 1258 1258 1257 1257 1257 1259 1259 1259 1258 1258 1258 1258 1258 1258 1259 1259 1259 1260 1260 1260 1260 1260 1260 1261 1261 1261 1258 1258 1258 1261 1261 1261 1262 1262 1262 1258 1258 1258 1258 1258 1258 1262 1262 1262 1256 1256 1256 1256 1256 1256 1262 1262 1262 1254 1254 1254 1254 1254 1254 1262 1262 1262 1263 1263 1263 1263 1263 1263 1262 1262 1262 1264 1264 1264 1262 1262 1262 1261 1261 1261 1264 1264 1264 1254 1254 1254 1265 1265 1265 1252 1252 1252 1265 1265 1265 1266 1266 1266 1252 1252 1252 1252 1252 1252 1266 1266 1266 1250 1250 1250 1250 1250 1250 1266 1266 1266 1248 1248 1248 1248 1248 1248 1266 1266 1266 1267 1267 1267 1267 1267 1267 1266 1266 1266 1264 1264 1264 1266 1266 1266 1265 1265 1265 1264 1264 1264 1259 1259 1259 1268 1268 1268 1260 1260 1260 1260 1260 1260 1268 1268 1268 1269 1269 1269 1268 1268 1268 1270 1270 1270 1269 1269 1269 1270 1270 1270 1271 1271 1271 1269 1269 1269 1269 1269 1269 1271 1271 1271 1272 1272 1272 1271 1271 1271 1273 1273 1273 1272 1272 1272 1273 1273 1273 1264 1264 1264 1272 1272 1272 1264 1264 1264 1274 1274 1274 1272 1272 1272 1274 1274 1274 1260 1260 1260 1272 1272 1272 1260 1260 1260 1269 1269 1269 1272 1272 1272 1248 1248 1248 1275 1275 1275 1246 1246 1246 1275 1275 1275 1276 1276 1276 1246 1246 1246 1246 1246 1246 1276 1276 1276 1244 1244 1244 1244 1244 1244 1276 1276 1276 1241 1241 1241 1241 1241 1241 1276 1276 1276 1277 1277 1277 1277 1277 1277 1276 1276 1276 1264 1264 1264 1276 1276 1276 1275 1275 1275 1264 1264 1264 1278 1278 1278 1279 1279 1279 1280 1280 1280 1280 1280 1280 1279 1279 1279 1281 1281 1281 1279 1279 1279 1282 1282 1282 1281 1281 1281 1281 1281 1281 1282 1282 1282 1283 1283 1283 1284 1284 1284 1020 1020 1020 1285 1285 1285 1020 1020 1020 1286 1286 1286 1285 1285 1285 1285 1285 1285 1286 1286 1286 1287 1287 1287 1286 1286 1286 1288 1288 1288 1287 1287 1287 1287 1287 1287 1288 1288 1288 1289 1289 1289 1288 1288 1288 1290 1290 1290 1289 1289 1289 1289 1289 1289 1290 1290 1290 1291 1291 1291 1290 1290 1290 1283 1283 1283 1291 1291 1291 1283 1283 1283 1292 1292 1292 1291 1291 1291 1292 1292 1292 1293 1293 1293 1291 1291 1291 1294 1294 1294 998 998 998 1295 1295 1295 998 998 998 1293 1293 1293 1295 1295 1295 1295 1295 1295 1293 1293 1293 983 983 983 1293 1293 1293 1296 1296 1296 983 983 983 983 983 983 1296 1296 1296 982 982 982 1296 1296 1296 1297 1297 1297 982 982 982 1298 1298 1298 1299 1299 1299 1300 1300 1300 1299 1299 1299 1301 1301 1301 1300 1300 1300 1300 1300 1300 1301 1301 1301 1302 1302 1302 1301 1301 1301 1303 1303 1303 1302 1302 1302 1304 1304 1304 1305 1305 1305 1306 1306 1306 1305 1305 1305 1307 1307 1307 1306 1306 1306 1307 1307 1307 1308 1308 1308 1306 1306 1306 1308 1308 1308 1309 1309 1309 1306 1306 1306 1310 1310 1310 1311 1311 1311 1312 1312 1312 1312 1312 1312 1311 1311 1311 1313 1313 1313 1311 1311 1311 1314 1314 1314 1313 1313 1313 1313 1313 1313 1314 1314 1314 1315 1315 1315 1070 1070 1070 1068 1068 1068 1316 1316 1316 1068 1068 1068 1060 1060 1060 1316 1316 1316 1316 1316 1316 1060 1060 1060 1317 1317 1317 1072 1072 1072 1070 1070 1070 1318 1318 1318 1070 1070 1070 1316 1316 1316 1318 1318 1318 1318 1318 1318 1316 1316 1316 1319 1319 1319 1319 1319 1319 1316 1316 1316 1320 1320 1320 1316 1316 1316 1317 1317 1317 1320 1320 1320 1320 1320 1320 1317 1317 1317 1321 1321 1321 1322 1322 1322 1323 1323 1323 1324 1324 1324 1323 1323 1323 1325 1325 1325 1324 1324 1324 1324 1324 1324 1325 1325 1325 1326 1326 1326 1325 1325 1325 1327 1327 1327 1326 1326 1326 1326 1326 1326 1327 1327 1327 1328 1328 1328 1329 1329 1329 1330 1330 1330 1331 1331 1331 1330 1330 1330 1332 1332 1332 1331 1331 1331 1331 1331 1331 1332 1332 1332 1333 1333 1333 1332 1332 1332 1334 1334 1334 1333 1333 1333 1333 1333 1333 1334 1334 1334 1335 1335 1335 1336 1336 1336 1337 1337 1337 1338 1338 1338 1337 1337 1337 1339 1339 1339 1338 1338 1338 1338 1338 1338 1339 1339 1339 1340 1340 1340 1340 1340 1340 1339 1339 1339 1341 1341 1341 1339 1339 1339 1342 1342 1342 1341 1341 1341 1341 1341 1341 1342 1342 1342 1343 1343 1343 1344 1344 1344 1345 1345 1345 1346 1346 1346 1345 1345 1345 1342 1342 1342 1346 1346 1346 1346 1346 1346 1342 1342 1342 1347 1347 1347 1342 1342 1342 1339 1339 1339 1347 1347 1347 1339 1339 1339 1337 1337 1337 1347 1347 1347 1347 1347 1347 1337 1337 1337 1346 1346 1346 1337 1337 1337 1348 1348 1348 1346 1346 1346 1346 1346 1346 1348 1348 1348 1344 1344 1344 1349 1349 1349 1350 1350 1350 1351 1351 1351 1350 1350 1350 1352 1352 1352 1351 1351 1351 1352 1352 1352 1353 1353 1353 1351 1351 1351 1351 1351 1351 1353 1353 1353 1354 1354 1354 1353 1353 1353 1355 1355 1355 1354 1354 1354 1354 1354 1354 1355 1355 1355 1356 1356 1356 1357 1357 1357 1356 1356 1356 1358 1358 1358 1356 1356 1356 1355 1355 1355 1358 1358 1358 1358 1358 1358 1355 1355 1355 1359 1359 1359 1359 1359 1359 1355 1355 1355 1360 1360 1360 1355 1355 1355 1353 1353 1353 1360 1360 1360 1360 1360 1360 1353 1353 1353 1361 1361 1361 1353 1353 1353 1352 1352 1352 1361 1361 1361 1361 1361 1361 1352 1352 1352 1362 1362 1362 1362 1362 1362 1352 1352 1352 1363 1363 1363 1352 1352 1352 1350 1350 1350 1363 1363 1363 1363 1363 1363 1350 1350 1350 1364 1364 1364 1364 1364 1364 1350 1350 1350 1365 1365 1365 1350 1350 1350 1349 1349 1349 1365 1365 1365 1365 1365 1365 1349 1349 1349 1366 1366 1366 1367 1367 1367 1368 1368 1368 1369 1369 1369 1368 1368 1368 1370 1370 1370 1369 1369 1369 1369 1369 1369 1370 1370 1370 1371 1371 1371 1371 1371 1371 1370 1370 1370 1372 1372 1372 1372 1372 1372 1370 1370 1370 1373 1373 1373 1373 1373 1373 1370 1370 1370 1374 1374 1374 1374 1374 1374 1370 1370 1370 1375 1375 1375 1370 1370 1370 1368 1368 1368 1375 1375 1375 1376 1376 1376 1378 1378 1378 1377 1377 1377 1377 1377 1377 1378 1378 1378 1379 1379 1379 1378 1378 1378 1367 1367 1367 1379 1379 1379 1379 1379 1379 1367 1367 1367 1380 1380 1380 1367 1367 1367 1369 1369 1369 1380 1380 1380 1369 1369 1369 1371 1371 1371 1380 1380 1380 1371 1371 1371 1381 1381 1381 1380 1380 1380 1380 1380 1380 1381 1381 1381 1379 1379 1379 1381 1381 1381 1382 1382 1382 1379 1379 1379 1382 1382 1382 1383 1383 1383 1379 1379 1379 1379 1379 1379 1383 1383 1383 1377 1377 1377 1383 1383 1383 1384 1384 1384 1377 1377 1377 1384 1384 1384 1385 1385 1385 1377 1377 1377 1385 1385 1385 1376 1376 1376 1377 1377 1377 1376 1376 1376 1385 1385 1385 1386 1386 1386 1385 1385 1385 1387 1387 1387 1386 1386 1386 1388 1388 1388 1389 1389 1389 1390 1390 1390 1389 1389 1389 1391 1391 1391 1390 1390 1390 1390 1390 1390 1391 1391 1391 1392 1392 1392 1392 1392 1392 1391 1391 1391 1393 1393 1393 1391 1391 1391 1394 1394 1394 1393 1393 1393 1393 1393 1393 1394 1394 1394 1384 1384 1384 1384 1384 1384 1394 1394 1394 1385 1385 1385 1385 1385 1385 1394 1394 1394 1387 1387 1387 1387 1387 1387 1394 1394 1394 1395 1395 1395 1394 1394 1394 1391 1391 1391 1395 1395 1395 1395 1395 1395 1391 1391 1391 1396 1396 1396 1391 1391 1391 1389 1389 1389 1396 1396 1396 1397 1397 1397 1398 1398 1398 1399 1399 1399 1398 1398 1398 1400 1400 1400 1399 1399 1399 1400 1400 1400 1401 1401 1401 1399 1399 1399 1399 1399 1399 1401 1401 1401 1402 1402 1402 1401 1401 1401 1396 1396 1396 1402 1402 1402 1396 1396 1396 1389 1389 1389 1402 1402 1402 1389 1389 1389 1388 1388 1388 1402 1402 1402 1402 1402 1402 1388 1388 1388 1399 1399 1399 1388 1388 1388 1403 1403 1403 1399 1399 1399 1399 1399 1399 1403 1403 1403 1397 1397 1397 1404 1404 1404 1405 1405 1405 1406 1406 1406 1405 1405 1405 1407 1407 1407 1406 1406 1406 1406 1406 1406 1407 1407 1407 1408 1408 1408 1407 1407 1407 1409 1409 1409 1408 1408 1408 1408 1408 1408 1409 1409 1409 1410 1410 1410 1409 1409 1409 1411 1411 1411 1410 1410 1410 1410 1410 1410 1411 1411 1411 1412 1412 1412 1411 1411 1411 1413 1413 1413 1412 1412 1412 1412 1412 1412 1413 1413 1413 1414 1414 1414 1413 1413 1413 1415 1415 1415 1414 1414 1414 1416 1416 1416 1411 1411 1411 1417 1417 1417 1417 1417 1417 1411 1411 1411 1418 1418 1418 1411 1411 1411 1409 1409 1409 1418 1418 1418 1418 1418 1418 1409 1409 1409 1419 1419 1419 1409 1409 1409 1420 1420 1420 1419 1419 1419 1419 1419 1419 1420 1420 1420 1421 1421 1421 1420 1420 1420 1422 1422 1422 1421 1421 1421 1421 1421 1421 1422 1422 1422 1423 1423 1423 1424 1424 1424 1416 1416 1416 1425 1425 1425 1416 1416 1416 1417 1417 1417 1425 1425 1425 1425 1425 1425 1417 1417 1417 1426 1426 1426 1426 1426 1426 1417 1417 1417 1427 1427 1427 1417 1417 1417 1418 1418 1418 1427 1427 1427 1427 1427 1427 1418 1418 1418 1428 1428 1428 1418 1418 1418 1419 1419 1419 1428 1428 1428 1428 1428 1428 1419 1419 1419 1429 1429 1429 1419 1419 1419 1421 1421 1421 1429 1429 1429 1429 1429 1429 1421 1421 1421 1430 1430 1430 1421 1421 1421 1423 1423 1423 1430 1430 1430 1430 1430 1430 1423 1423 1423 1431 1431 1431 1432 1432 1432 1433 1433 1433 1434 1434 1434 1434 1434 1434 1433 1433 1433 1435 1435 1435 1433 1433 1433 1436 1436 1436 1435 1435 1435 1435 1435 1435 1436 1436 1436 1437 1437 1437 1436 1436 1436 1438 1438 1438 1437 1437 1437 1437 1437 1437 1438 1438 1438 1439 1439 1439 1438 1438 1438 1440 1440 1440 1439 1439 1439 1440 1440 1440 1441 1441 1441 1439 1439 1439 1439 1439 1439 1441 1441 1441 1442 1442 1442 1441 1441 1441 1443 1443 1443 1442 1442 1442 1442 1442 1442 1443 1443 1443 1444 1444 1444 1444 1444 1444 1443 1443 1443 1445 1445 1445 1443 1443 1443 1446 1446 1446 1445 1445 1445 1446 1446 1446 1447 1447 1447 1445 1445 1445 1447 1447 1447 1448 1448 1448 1445 1445 1445 1449 1449 1449 1450 1450 1450 1451 1451 1451 1450 1450 1450 1452 1452 1452 1451 1451 1451 1451 1451 1451 1452 1452 1452 1453 1453 1453 1452 1452 1452 1454 1454 1454 1453 1453 1453 1453 1453 1453 1454 1454 1454 1455 1455 1455 1454 1454 1454 1456 1456 1456 1455 1455 1455 1455 1455 1455 1456 1456 1456 1457 1457 1457 1456 1456 1456 1458 1458 1458 1457 1457 1457 1457 1457 1457 1458 1458 1458 1459 1459 1459 1458 1458 1458 1460 1460 1460 1459 1459 1459 1460 1460 1460 1461 1461 1461 1459 1459 1459 1461 1461 1461 1462 1462 1462 1459 1459 1459 1462 1462 1462 1461 1461 1461 1463 1463 1463 1461 1461 1461 1464 1464 1464 1463 1463 1463 1463 1463 1463 1464 1464 1464 1465 1465 1465</p>
   </triangles>
   <triangles count="221" material="sym2">
    <input semantic="VERTEX" source="#geom-vtx" offset="0"/>
    <input semantic="NORMAL" source="#geom-nrm" offset="1"/>
    <input semantic="TEXCOORD" source="#geom-uv" offset="2" set="0"/>
    <p>1466 1466 1466 1467 1467 1467 1468 1468 1468 1467 1467 1467 1469 1469 1469 1468 1468 1468 1470 1470 1470 1469 1469 1469 1471 1471 1471 1471 1471 1471 1469 1469 1469 1472 1472 1472 1469 1469 1469 1473 1473 1473 1472 1472 1472 1472 1472 1472 1473 1473 1473 1474 1474 1474 1474 1474 1474 1473 1473 1473 1475 1475 1475 1475 1475 1475 1473 1473 1473 1476 1476 1476 1476 1476 1476 1473 1473 1473 1477 1477 1477 1477 1477 1477 1473 1473 1473 1478 1478 1478 1473 1473 1473 1469 1469 1469 1478 1478 1478 1477 1477 1477 1478 1478 1478 1479 1479 1479 1478 1478 1478 1480 1480 1480 1479 1479 1479 1479 1479 1479 1480 1480 1480 1481 1481 1481 1480 1480 1480 1482 1482 1482 1481 1481 1481 1482 1482 1482 1483 1483 1483 1481 1481 1481 1481 1481 1481 1483 1483 1483 1484 1484 1484 1483 1483 1483 1485 1485 1485 1484 1484 1484 1485 1485 1485 1486 1486 1486 1484 1484 1484 1486 1486 1486 1481 1481 1481 1484 1484 1484 1481 1481 1481 1486 1486 1486 1479 1479 1479 1479 1479 1479 1486 1486 1486 1487 1487 1487 1486 1486 1486 1475 1475 1475 1487 1487 1487 1487 1487 1487 1475 1475 1475 1476 1476 1476 1488 1488 1488 1474 1474 1474 1489 1489 1489 1474 1474 1474 1475 1475 1475 1489 1489 1489 1475 1475 1475 1486 1486 1486 1489 1489 1489 1489 1489 1489 1486 1486 1486 1490 1490 1490 1486 1486 1486 1485 1485 1485 1490 1490 1490 1490 1490 1490 1485 1485 1485 1491 1491 1491 1492 1492 1492 1491 1491 1491 1493 1493 1493 1491 1491 1491 1494 1494 1494 1493 1493 1493 1493 1493 1493 1494 1494 1494 1495 1495 1495 1494 1494 1494 1496 1496 1496 1495 1495 1495 1496 1496 1496 1482 1482 1482 1495 1495 1495 1482 1482 1482 1497 1497 1497 1495 1495 1495 1497 1497 1497 1498 1498 1498 1495 1495 1495 1498 1498 1498 1499 1499 1499 1495 1495 1495 1500 1500 1500 1501 1501 1501 1502 1502 1502 1502 1502 1502 1501 1501 1501 1503 1503 1503 1501 1501 1501 1504 1504 1504 1503 1503 1503 1503 1503 1503 1504 1504 1504 1505 1505 1505 1504 1504 1504 1506 1506 1506 1505 1505 1505 1506 1506 1506 1507 1507 1507 1505 1505 1505 1505 1505 1505 1507 1507 1507 1508 1508 1508 1507 1507 1507 1492 1492 1492 1508 1508 1508 1492 1492 1492 1509 1509 1509 1508 1508 1508 1508 1508 1508 1509 1509 1509 1510 1510 1510 1509 1509 1509 1511 1511 1511 1510 1510 1510 1511 1511 1511 1499 1499 1499 1510 1510 1510 1499 1499 1499 1512 1512 1512 1510 1510 1510 1512 1512 1512 1502 1502 1502 1510 1510 1510 1502 1502 1502 1503 1503 1503 1510 1510 1510 1503 1503 1503 1505 1505 1505 1510 1510 1510 1505 1505 1505 1508 1508 1508 1510 1510 1510 1513 1513 1513 1514 1514 1514 1515 1515 1515 1514 1514 1514 1516 1516 1516 1515 1515 1515 1517 1517 1517 1518 1518 1518 1519 1519 1519 1518 1518 1518 1520 1520 1520 1519 1519 1519 1519 1519 1519 1520 1520 1520 1521 1521 1521 1521 1521 1521 1520 1520 1520 1522 1522 1522 1522 1522 1522 1520 1520 1520 1513 1513 1513 1513 1513 1513 1520 1520 1520 1523 1523 1523 1520 1520 1520 1518 1518 1518 1523 1523 1523 1524 1524 1524 1525 1525 1525 1526 1526 1526 1525 1525 1525 1519 1519 1519 1526 1526 1526 1526 1526 1526 1519 1519 1519 1488 1488 1488 1488 1488 1488 1519 1519 1519 1527 1527 1527 1519 1519 1519 1521 1521 1521 1527 1527 1527 1527 1527 1527 1521 1521 1521 1472 1472 1472 1528 1528 1528 1529 1529 1529 1530 1530 1530 1529 1529 1529 1518 1518 1518 1530 1530 1530 1530 1530 1530 1518 1518 1518 1525 1525 1525 1531 1531 1531 1532 1532 1532 1533 1533 1533 1532 1532 1532 1534 1534 1534 1533 1533 1533 1533 1533 1533 1534 1534 1534 1535 1535 1535 1534 1534 1534 1536 1536 1536 1535 1535 1535 1535 1535 1535 1536 1536 1536 1537 1537 1537 1536 1536 1536 1538 1538 1538 1537 1537 1537 1537 1537 1537 1538 1538 1538 1539 1539 1539 1538 1538 1538 1532 1532 1532 1539 1539 1539 1539 1539 1539 1532 1532 1532 1531 1531 1531 1536 1536 1536 1540 1540 1540 1538 1538 1538 1540 1540 1540 1541 1541 1541 1538 1538 1538 1538 1538 1538 1541 1541 1541 1532 1532 1532 1541 1541 1541 1542 1542 1542 1532 1532 1532 1532 1532 1532 1542 1542 1542 1534 1534 1534 1542 1542 1542 1543 1543 1543 1534 1534 1534 1534 1534 1534 1543 1543 1543 1536 1536 1536 1536 1536 1536 1543 1543 1543 1540 1540 1540 1543 1543 1543 1544 1544 1544 1540 1540 1540 1540 1540 1540 1544 1544 1544 1541 1541 1541 1544 1544 1544 1545 1545 1545 1541 1541 1541 1541 1541 1541 1545 1545 1545 1542 1542 1542 1545 1545 1545 1546 1546 1546 1542 1542 1542 1542 1542 1542 1546 1546 1546 1543 1543 1543 1546 1546 1546 1547 1547 1547 1543 1543 1543 1543 1543 1543 1547 1547 1547 1544 1544 1544 1547 1547 1547 1546 1546 1546 1544 1544 1544 1544 1544 1544 1546 1546 1546 1545 1545 1545 1548 1548 1548 1549 1549 1549 1550 1550 1550 1550 1550 1550 1549 1549 1549 1551 1551 1551 1549 1549 1549 1552 1552 1552 1551 1551 1551 1551 1551 1551 1552 1552 1552 1553 1553 1553 1552 1552 1552 1554 1554 1554 1553 1553 1553 1553 1553 1553 1554 1554 1554 1548 1548 1548 1554 1554 1554 1552 1552 1552 1548 1548 1548 1548 1548 1548 1552 1552 1552 1549 1549 1549 1555 1555 1555 1556 1556 1556 1557 1557 1557 1556 1556 1556 1558 1558 1558 1557 1557 1557 1557 1557 1557 1558 1558 1558 1559 1559 1559 1558 1558 1558 1560 1560 1560 1559 1559 1559 1559 1559 1559 1560 1560 1560 1561 1561 1561 1560 1560 1560 1562 1562 1562 1561 1561 1561 1561 1561 1561 1562 1562 1562 1555 1555 1555 1555 1555 1555 1562 1562 1562 1556 1556 1556 1562 1562 1562 1563 1563 1563 1556 1556 1556 1563 1563 1563 1550 1550 1550 1556 1556 1556 1556 1556 1556 1550 1550 1550 1558 1558 1558 1550 1550 1550 1551 1551 1551 1558 1558 1558 1558 1558 1558 1551 1551 1551 1560 1560 1560 1551 1551 1551 1553 1553 1553 1560 1560 1560 1560 1560 1560 1553 1553 1553 1562 1562 1562 1562 1562 1562 1553 1553 1553 1563 1563 1563 1553 1553 1553 1548 1548 1548 1563 1563 1563 1563 1563 1563 1548 1548 1548 1550 1550 1550 1564 1564 1564 1565 1565 1565 1566 1566 1566 1566 1566 1566 1565 1565 1565 1567 1567 1567 1565 1565 1565 1568 1568 1568 1567 1567 1567 1567 1567 1567 1568 1568 1568 1569 1569 1569 1568 1568 1568 1570 1570 1570 1569 1569 1569 1569 1569 1569 1570 1570 1570 1564 1564 1564 1570 1570 1570 1568 1568 1568 1564 1564 1564 1564 1564 1564 1568 1568 1568 1565 1565 1565 1571 1571 1571 1572 1572 1572 1573 1573 1573 1572 1572 1572 1574 1574 1574 1573 1573 1573 1573 1573 1573 1574 1574 1574 1575 1575 1575 1574 1574 1574 1576 1576 1576 1575 1575 1575 1575 1575 1575 1576 1576 1576 1577 1577 1577 1576 1576 1576 1578 1578 1578 1577 1577 1577 1577 1577 1577 1578 1578 1578 1571 1571 1571 1571 1571 1571 1578 1578 1578 1572 1572 1572 1578 1578 1578 1579 1579 1579 1572 1572 1572 1579 1579 1579 1566 1566 1566 1572 1572 1572 1572 1572 1572 1566 1566 1566 1574 1574 1574 1566 1566 1566 1567 1567 1567 1574 1574 1574 1574 1574 1574 1567 1567 1567 1576 1576 1576 1567 1567 1567 1569 1569 1569 1576 1576 1576 1576 1576 1576 1569 1569 1569 1578 1578 1578 1578 1578 1578 1569 1569 1569 1579 1579 1579 1569 1569 1569 1564 1564 1564 1579 1579 1579 1579 1579 1579 1564 1564 1564 1566 1566 1566 1580 1580 1580 1581 1581 1581 1582 1582 1582 1582 1582 1582 1581 1581 1581 1583 1583 1583 1581 1581 1581 1584 1584 1584 1583 1583 1583 1583 1583 1583 1584 1584 1584 1585 1585 1585 1584 1584 1584 1581 1581 1581 1585 1585 1585 1581 1581 1581 1580 1580 1580 1585 1585 1585 1580 1580 1580 1586 1586 1586 1585 1585 1585 1586 1586 1586 1583 1583 1583 1585 1585 1585 1587 1587 1587 1588 1588 1588 1589 1589 1589 1588 1588 1588 1590 1590 1590 1589 1589 1589 1589 1589 1589 1590 1590 1590 1591 1591 1591 1590 1590 1590 1592 1592 1592 1591 1591 1591 1591 1591 1591 1592 1592 1592 1593 1593 1593 1592 1592 1592 1594 1594 1594 1593 1593 1593 1593 1593 1593 1594 1594 1594 1587 1587 1587 1587 1587 1587 1594 1594 1594 1588 1588 1588 1594 1594 1594 1595 1595 1595 1588 1588 1588 1595 1595 1595 1582 1582 1582 1588 1588 1588 1588 1588 1588 1582 1582 1582 1590 1590 1590 1582 1582 1582 1583 1583 1583 1590 1590 1590 1590 1590 1590 1583 1583 1583 1592 1592 1592 1583 1583 1583 1586 1586 1586 1592 1592 1592 1592 1592 1592 1586 1586 1586 1594 1594 1594 1594 1594 1594 1586 1586 1586 1595 1595 1595 1586 1586 1586 1580 1580 1580 1595 1595 1595 1595 1595 1595 1580 1580 1580 1582 1582 1582 1596 1596 1596 1597 1597 1597 1598 1598 1598 1597 1597 1597 1599 1599 1599 1598 1598 1598 1598 1598 1598 1599 1599 1599 1600 1600 1600 1599 1599 1599 1601 1601 1601 1600 1600 1600 1600 1600 1600 1601 1601 1601 1602 1602 1602 1601 1601 1601 1603 1603 1603 1602 1602 1602 1603 1603 1603 1604 1604 1604 1602 1602 1602 1602 1602 1602 1604 1604 1604 1605 1605 1605 1604 1604 1604 1597 1597 1597 1605 1605 1605 1605 1605 1605 1597 1597 1597 1596 1596 1596 1604 1604 1604 1606 1606 1606 1597 1597 1597 1606 1606 1606 1607 1607 1607 1597 1597 1597 1607 1607 1607 1608 1608 1608 1597 1597 1597 1597 1597 1597 1608 1608 1608 1599 1599 1599 1608 1608 1608 1609 1609 1609 1599 1599 1599 1599 1599 1599 1609 1609 1609 1601 1601 1601 1609 1609 1609 1610 1610 1610 1601 1601 1601 1601 1601 1601 1610 1610 1610 1603 1603 1603 1610 1610 1610 1606 1606 1606 1603 1603 1603 1603 1603 1603 1606 1606 1606 1604 1604 1604 1606 1606 1606 1610 1610 1610 1611 1611 1611 1610 1610 1610 1609 1609 1609 1611 1611 1611 1611 1611 1611 1609 1609 1609 1612 1612 1612 1609 1609 1609 1608 1608 1608 1612 1612 1612 1612 1612 1612 1608 1608 1608 1613 1613 1613 1608 1608 1608 1607 1607 1607 1613 1613 1613 1613 1613 1613 1607 1607 1607 1614 1614 1614 1607 1607 1607 1606 1606 1606 1614 1614 1614 1614 1614 1614 1606 1606 1606 1615 1615 1615 1606 1606 1606 1611 1611 1611 1615 1615 1615 1616 1616 1616 1611 1611 1611 1617 1617 1617 1611 1611 1611 1612 1612 1612 1617 1617 1617 1617 1617 1617 1612 1612 1612 1618 1618 1618 1618 1618 1618 1612 1612 1612 1619 1619 1619 1612 1612 1612 1613 1613 1613 1619 1619 1619 1619 1619 1619 1613 1613 1613 1620 1620 1620 1613 1613 1613 1614 1614 1614 1620 1620 1620 1620 1620 1620 1614 1614 1614 1621 1621 1621 1621 1621 1621 1614 1614 1614 1622 1622 1622 1614 1614 1614 1615 1615 1615 1622 1622 1622 1622 1622 1622 1615 1615 1615 1623 1623 1623 1615 1615 1615 1611 1611 1611 1623 1623 1623 1623 1623 1623 1611 1611 1611 1616 1616 1616</p>
   </triangles>
   <triangles count="221" material="sym3">
    <input semantic="VERTEX" source="#geom-vtx" offset="0"/>
    <input semantic="NORMAL" source="#geom-nrm" offset="1"/>
    <input semantic="TEXCOORD" source="#geom-uv" offset="2" set="0"/>
    <p>1624 1624 1624 1625 1625 1625 1626 1626 1626 1625 1625 1625 1627 1627 1627 1626 1626 1626 1628 1628 1628 1629 1629 1629 1627 1627 1627 1629 1629 1629 1630 1630 1630 1627 1627 1627 1630 1630 1630 1631 1631 1631 1627 1627 1627 1631 1631 1631 1632 1632 1632 1627 1627 1627 1633 1633 1633 1634 1634 1634 1635 1635 1635 1635 1635 1635 1634 1634 1634 1636 1636 1636 1634 1634 1634 1637 1637 1637 1636 1636 1636 1637 1637 1637 1638 1638 1638 1636 1636 1636 1638 1638 1638 1639 1639 1639 1636 1636 1636 1639 1639 1639 1635 1635 1635 1636 1636 1636 1635 1635 1635 1639 1639 1639 1640 1640 1640 1640 1640 1640 1639 1639 1639 1628 1628 1628 1628 1628 1628 1639 1639 1639 1629 1629 1629 1639 1639 1639 1638 1638 1638 1629 1629 1629 1638 1638 1638 1641 1641 1641 1629 1629 1629 1641 1641 1641 1630 1630 1630 1629 1629 1629 1630 1630 1630 1641 1641 1641 1631 1631 1631 1641 1641 1641 1642 1642 1642 1631 1631 1631 1642 1642 1642 1643 1643 1643 1631 1631 1631 1643 1643 1643 1644 1644 1644 1631 1631 1631 1631 1631 1631 1644 1644 1644 1632 1632 1632 1644 1644 1644 1645 1645 1645 1632 1632 1632 1646 1646 1646 1647 1647 1647 1637 1637 1637 1637 1637 1637 1647 1647 1647 1638 1638 1638 1647 1647 1647 1648 1648 1648 1638 1638 1638 1638 1638 1638 1648 1648 1648 1641 1641 1641 1648 1648 1648 1649 1649 1649 1641 1641 1641 1641 1641 1641 1649 1649 1649 1642 1642 1642 1642 1642 1642 1649 1649 1649 1650 1650 1650 1649 1649 1649 1651 1651 1651 1650 1650 1650 1650 1650 1650 1651 1651 1651 1652 1652 1652 1651 1651 1651 1653 1653 1653 1652 1652 1652 1652 1652 1652 1653 1653 1653 1654 1654 1654 1653 1653 1653 1655 1655 1655 1654 1654 1654 1654 1654 1654 1655 1655 1655 1656 1656 1656 1655 1655 1655 1657 1657 1657 1656 1656 1656 1656 1656 1656 1657 1657 1657 1658 1658 1658 1657 1657 1657 1659 1659 1659 1658 1658 1658 1659 1659 1659 1660 1660 1660 1658 1658 1658 1660 1660 1660 1661 1661 1661 1658 1658 1658 1662 1662 1662 1652 1652 1652 1663 1663 1663 1652 1652 1652 1654 1654 1654 1663 1663 1663 1663 1663 1663 1654 1654 1654 1664 1664 1664 1654 1654 1654 1656 1656 1656 1664 1664 1664 1656 1656 1656 1658 1658 1658 1664 1664 1664 1658 1658 1658 1661 1661 1661 1664 1664 1664 1661 1661 1661 1665 1665 1665 1664 1664 1664 1665 1665 1665 1666 1666 1666 1664 1664 1664 1666 1666 1666 1667 1667 1667 1664 1664 1664 1664 1664 1664 1667 1667 1667 1663 1663 1663 1667 1667 1667 1668 1668 1668 1663 1663 1663 1668 1668 1668 1669 1669 1669 1663 1663 1663 1669 1669 1669 1670 1670 1670 1663 1663 1663 1670 1670 1670 1662 1662 1662 1663 1663 1663 1662 1662 1662 1670 1670 1670 1671 1671 1671 1670 1670 1670 1672 1672 1672 1671 1671 1671 1671 1671 1671 1672 1672 1672 1645 1645 1645 1672 1672 1672 1632 1632 1632 1645 1645 1645 1660 1660 1660 1673 1673 1673 1661 1661 1661 1661 1661 1661 1673 1673 1673 1665 1665 1665 1673 1673 1673 1674 1674 1674 1665 1665 1665 1643 1643 1643 1642 1642 1642 1675 1675 1675 1642 1642 1642 1650 1650 1650 1675 1675 1675 1675 1675 1675 1650 1650 1650 1645 1645 1645 1650 1650 1650 1671 1671 1671 1645 1645 1645 1652 1652 1652 1662 1662 1662 1676 1676 1676 1662 1662 1662 1671 1671 1671 1676 1676 1676 1671 1671 1671 1650 1650 1650 1676 1676 1676 1650 1650 1650 1652 1652 1652 1676 1676 1676 1640 1640 1640 1677 1677 1677 1678 1678 1678 1677 1677 1677 1679 1679 1679 1678 1678 1678 1680 1680 1680 1681 1681 1681 1682 1682 1682 1681 1681 1681 1683 1683 1683 1682 1682 1682 1682 1682 1682 1683 1683 1683 1684 1684 1684 1683 1683 1683 1685 1685 1685 1684 1684 1684 1684 1684 1684 1685 1685 1685 1686 1686 1686 1685 1685 1685 1687 1687 1687 1686 1686 1686 1686 1686 1686 1687 1687 1687 1688 1688 1688 1687 1687 1687 1681 1681 1681 1688 1688 1688 1688 1688 1688 1681 1681 1681 1680 1680 1680 1685 1685 1685 1689 1689 1689 1687 1687 1687 1689 1689 1689 1690 1690 1690 1687 1687 1687 1687 1687 1687 1690 1690 1690 1681 1681 1681 1690 1690 1690 1691 1691 1691 1681 1681 1681 1681 1681 1681 1691 1691 1691 1683 1683 1683 1691 1691 1691 1692 1692 1692 1683 1683 1683 1683 1683 1683 1692 1692 1692 1685 1685 1685 1685 1685 1685 1692 1692 1692 1689 1689 1689 1689 1689 1689 1692 1692 1692 1693 1693 1693 1692 1692 1692 1691 1691 1691 1693 1693 1693 1693 1693 1693 1691 1691 1691 1694 1694 1694 1691 1691 1691 1690 1690 1690 1694 1694 1694 1694 1694 1694 1690 1690 1690 1695 1695 1695 1690 1690 1690 1689 1689 1689 1695 1695 1695 1695 1695 1695 1689 1689 1689 1696 1696 1696 1689 1689 1689 1693 1693 1693 1696 1696 1696 1696 1696 1696 1693 1693 1693 1695 1695 1695 1693 1693 1693 1694 1694 1694 1695 1695 1695 1697 1697 1697 1698 1698 1698 1699 1699 1699 1698 1698 1698 1700 1700 1700 1699 1699 1699 1699 1699 1699 1700 1700 1700 1701 1701 1701 1700 1700 1700 1702 1702 1702 1701 1701 1701 1701 1701 1701 1702 1702 1702 1703 1703 1703 1702 1702 1702 1697 1697 1697 1703 1703 1703 1703 1703 1703 1697 1697 1697 1701 1701 1701 1697 1697 1697 1699 1699 1699 1701 1701 1701 1704 1704 1704 1705 1705 1705 1706 1706 1706 1706 1706 1706 1705 1705 1705 1707 1707 1707 1705 1705 1705 1708 1708 1708 1707 1707 1707 1707 1707 1707 1708 1708 1708 1709 1709 1709 1708 1708 1708 1710 1710 1710 1709 1709 1709 1709 1709 1709 1710 1710 1710 1711 1711 1711 1710 1710 1710 1704 1704 1704 1711 1711 1711 1704 1704 1704 1706 1706 1706 1711 1711 1711 1706 1706 1706 1712 1712 1712 1711 1711 1711 1712 1712 1712 1706 1706 1706 1698 1698 1698 1706 1706 1706 1707 1707 1707 1698 1698 1698 1698 1698 1698 1707 1707 1707 1700 1700 1700 1707 1707 1707 1709 1709 1709 1700 1700 1700 1700 1700 1700 1709 1709 1709 1702 1702 1702 1709 1709 1709 1711 1711 1711 1702 1702 1702 1711 1711 1711 1712 1712 1712 1702 1702 1702 1702 1702 1702 1712 1712 1712 1697 1697 1697 1712 1712 1712 1698 1698 1698 1697 1697 1697 1713 1713 1713 1714 1714 1714 1715 1715 1715 1715 1715 1715 1714 1714 1714 1716 1716 1716 1714 1714 1714 1713 1713 1713 1716 1716 1716 1716 1716 1716 1713 1713 1713 1717 1717 1717 1713 1713 1713 1718 1718 1718 1717 1717 1717 1718 1718 1718 1719 1719 1719 1717 1717 1717 1717 1717 1717 1719 1719 1719 1716 1716 1716 1719 1719 1719 1715 1715 1715 1716 1716 1716 1720 1720 1720 1721 1721 1721 1722 1722 1722 1721 1721 1721 1723 1723 1723 1722 1722 1722 1722 1722 1722 1723 1723 1723 1724 1724 1724 1723 1723 1723 1725 1725 1725 1724 1724 1724 1724 1724 1724 1725 1725 1725 1726 1726 1726 1725 1725 1725 1727 1727 1727 1726 1726 1726 1726 1726 1726 1727 1727 1727 1720 1720 1720 1720 1720 1720 1727 1727 1727 1721 1721 1721 1727 1727 1727 1728 1728 1728 1721 1721 1721 1728 1728 1728 1715 1715 1715 1721 1721 1721 1721 1721 1721 1715 1715 1715 1723 1723 1723 1715 1715 1715 1719 1719 1719 1723 1723 1723 1723 1723 1723 1719 1719 1719 1725 1725 1725 1719 1719 1719 1718 1718 1718 1725 1725 1725 1725 1725 1725 1718 1718 1718 1727 1727 1727 1727 1727 1727 1718 1718 1718 1728 1728 1728 1718 1718 1718 1713 1713 1713 1728 1728 1728 1728 1728 1728 1713 1713 1713 1715 1715 1715 1729 1729 1729 1730 1730 1730 1731 1731 1731 1731 1731 1731 1730 1730 1730 1732 1732 1732 1730 1730 1730 1733 1733 1733 1732 1732 1732 1732 1732 1732 1733 1733 1733 1734 1734 1734 1733 1733 1733 1735 1735 1735 1734 1734 1734 1734 1734 1734 1735 1735 1735 1736 1736 1736 1735 1735 1735 1733 1733 1733 1736 1736 1736 1736 1736 1736 1733 1733 1733 1730 1730 1730 1737 1737 1737 1738 1738 1738 1739 1739 1739 1738 1738 1738 1740 1740 1740 1739 1739 1739 1739 1739 1739 1740 1740 1740 1741 1741 1741 1740 1740 1740 1742 1742 1742 1741 1741 1741 1741 1741 1741 1742 1742 1742 1743 1743 1743 1742 1742 1742 1744 1744 1744 1743 1743 1743 1743 1743 1743 1744 1744 1744 1737 1737 1737 1737 1737 1737 1744 1744 1744 1738 1738 1738 1744 1744 1744 1729 1729 1729 1738 1738 1738 1729 1729 1729 1731 1731 1731 1738 1738 1738 1738 1738 1738 1731 1731 1731 1740 1740 1740 1731 1731 1731 1732 1732 1732 1740 1740 1740 1740 1740 1740 1732 1732 1732 1742 1742 1742 1732 1732 1732 1734 1734 1734 1742 1742 1742 1742 1742 1742 1734 1734 1734 1744 1744 1744 1744 1744 1744 1734 1734 1734 1729 1729 1729 1734 1734 1734 1736 1736 1736 1729 1729 1729 1729 1729 1729 1736 1736 1736 1730 1730 1730 1745 1745 1745 1746 1746 1746 1747 1747 1747 1746 1746 1746 1748 1748 1748 1747 1747 1747 1747 1747 1747 1748 1748 1748 1749 1749 1749 1748 1748 1748 1750 1750 1750 1749 1749 1749 1750 1750 1750 1751 1751 1751 1749 1749 1749 1749 1749 1749 1751 1751 1751 1752 1752 1752 1751 1751 1751 1753 1753 1753 1752 1752 1752 1752 1752 1752 1753 1753 1753 1754 1754 1754 1753 1753 1753 1746 1746 1746 1754 1754 1754 1754 1754 1754 1746 1746 1746 1745 1745 1745 1748 1748 1748 1755 1755 1755 1750 1750 1750 1755 1755 1755 1756 1756 1756 1750 1750 1750 1750 1750 1750 1756 1756 1756 1751 1751 1751 1756 1756 1756 1757 1757 1757 1751 1751 1751 1751 1751 1751 1757 1757 1757 1753 1753 1753 1757 1757 1757 1758 1758 1758 1753 1753 1753 1753 1753 1753 1758 1758 1758 1746 1746 1746 1758 1758 1758 1759 1759 1759 1746 1746 1746 1759 1759 1759 1755 1755 1755 1746 1746 1746 1755 1755 1755 1748 1748 1748 1746 1746 1746 1756 1756 1756 1760 1760 1760 1757 1757 1757 1760 1760 1760 1761 1761 1761 1757 1757 1757 1757 1757 1757 1761 1761 1761 1758 1758 1758 1761 1761 1761 1762 1762 1762 1758 1758 1758 1758 1758 1758 1762 1762 1762 1759 1759 1759 1762 1762 1762 1763 1763 1763 1759 1759 1759 1759 1759 1759 1763 1763 1763 1755 1755 1755 1763 1763 1763 1764 1764 1764 1755 1755 1755 1764 1764 1764 1760 1760 1760 1755 1755 1755 1760 1760 1760 1756 1756 1756 1755 1755 1755 1765 1765 1765 1761 1761 1761 1766 1766 1766 1761 1761 1761 1760 1760 1760 1766 1766 1766 1766 1766 1766 1760 1760 1760 1767 1767 1767 1767 1767 1767 1760 1760 1760 1768 1768 1768 1760 1760 1760 1764 1764 1764 1768 1768 1768 1768 1768 1768 1764 1764 1764 1769 1769 1769 1764 1764 1764 1763 1763 1763 1769 1769 1769 1769 1769 1769 1763 1763 1763 1770 1770 1770 1770 1770 1770 1763 1763 1763 1771 1771 1771 1763 1763 1763 1762 1762 1762 1771 1771 1771 1771 1771 1771 1762 1762 1762 1772 1772 1772 1762 1762 1762 1761 1761 1761 1772 1772 1772 1772 1772 1772 1761 1761 1761 1765 1765 1765</p>
   </triangles>
   <triangles count="56" material="sym4">
    <input semantic="VERTEX" source="#geom-vtx" offset="0"/>
    <input semantic="NORMAL" source="#geom-nrm" offset="1"/>
    <input semantic="TEXCOORD" source="#geom-uv" offset="2" set="0"/>
    <p>1773 1773 1773 1774 1774 1774 1775 1775 1775 1774 1774 1774 1776 1776 1776 1777 1777 1777 1773 1773 1773 1778 1778 1778 1777 1777 1777 1778 1778 1778 1779 1779 1779 1777 1777 1777 1773 1773 1773 1780 1780 1780 1781 1781 1781 1782 1782 1782 1783 1783 1783 1779 1779 1779 1777 1777 1777 1784 1784 1784 1785 1785 1785 1784 1784 1784 1783 1783 1783 1785 1785 1785 1774 1774 1774 1786 1786 1786 1787 1787 1787 1787 1787 1787 1786 1786 1786 1788 1788 1788 1786 1786 1786 1785 1785 1785 1788 1788 1788 1785 1785 1785 1789 1789 1789 1788 1788 1788 1789 1789 1789 1790 1790 1790 1788 1788 1788 1791 1791 1791 1792 1792 1792 1785 1785 1785 1793 1793 1793 1794 1794 1794 1795 1795 1795 1794 1794 1794 1788 1788 1788 1795 1795 1795 1795 1795 1795 1796 1796 1796 1797 1797 1797 1788 1788 1788 1798 1798 1798 1797 1797 1797 1798 1798 1798 1799 1799 1799 1797 1797 1797 1799 1799 1799 1800 1800 1800 1797 1797 1797 1800 1800 1800 1801 1801 1801 1797 1797 1797 1802 1802 1802 1801 1801 1801 1795 1795 1795 1803 1803 1803 1804 1804 1804 1800 1800 1800 1804 1804 1804 1805 1805 1805 1800 1800 1800 1800 1800 1800 1805 1805 1805 1806 1806 1806 1801 1801 1801 1807 1807 1807 1808 1808 1808 1807 1807 1807 1806 1806 1806 1808 1808 1808 1808 1808 1808 1806 1806 1806 1809 1809 1809 1810 1810 1810 1803 1803 1803 1807 1807 1807 1811 1811 1811 1812 1812 1812 1805 1805 1805 1813 1813 1813 1814 1814 1814 1811 1811 1811 1815 1815 1815 1814 1814 1814 1816 1816 1816 1805 1805 1805 1817 1817 1817 1818 1818 1818 1817 1817 1817 1816 1816 1816 1818 1818 1818 1813 1813 1813 1819 1819 1819 1817 1817 1817 1820 1820 1820 1779 1779 1779 1821 1821 1821 1779 1779 1779 1819 1819 1819 1821 1821 1821 1821 1821 1821 1819 1819 1819 1805 1805 1805 1817 1817 1817 1822 1822 1822 1823 1823 1823 1819 1819 1819 1773 1773 1773 1824 1824 1824 1773 1773 1773 1822 1822 1822 1824 1824 1824 1825 1825 1825 1820 1820 1820 1804 1804 1804 1826 1826 1826 1827 1827 1827 1828 1828 1828 1829 1829 1829 1830 1830 1830 1831 1831 1831 1832 1832 1832 1831 1831 1831 1833 1833 1833 1831 1831 1831 1834 1834 1834 1833 1833 1833 1835 1835 1835 1836 1836 1836 1837 1837 1837 1836 1836 1836 1838 1838 1838 1837 1837 1837 1836 1836 1836 1839 1839 1839 1840 1840 1840 1839 1839 1839 1841 1841 1841 1840 1840 1840 1842 1842 1842 1843 1843 1843 1844 1844 1844 1843 1843 1843 1845 1845 1845 1844 1844 1844 1846 1846 1846 1847 1847 1847 1848 1848 1848 1847 1847 1847 1849 1849 1849 1848 1848 1848 1849 1849 1849 1850 1850 1850 1848 1848 1848 1850 1850 1850 1851 1851 1851 1848 1848 1848</p>
   </triangles>
   <triangles count="56" material="sym5">
    <input semantic="VERTEX" source="#geom-vtx" offset="0"/>
    <input semantic="NORMAL" source="#geom-nrm" offset="1"/>
    <input semantic="TEXCOORD" source="#geom-uv" offset="2" set="0"/>
    <p>1852 1852 1852 1853 1853 1853 1854 1854 1854 1855 1855 1855 1852 1852 1852 1856 1856 1856 1857 1857 1857 1858 1858 1858 1859 1859 1859 1860 1860 1860 1857 1857 1857 1861 1861 1861 1862 1862 1862 1860 1860 1860 1863 1863 1863 1864 1864 1864 1865 1865 1865 1860 1860 1860 1865 1865 1865 1866 1866 1866 1860 1860 1860 1867 1867 1867 1868 1868 1868 1869 1869 1869 1869 1869 1869 1870 1870 1870 1871 1871 1871 1872 1872 1872 1871 1871 1871 1873 1873 1873 1874 1874 1874 1872 1872 1872 1875 1875 1875 1874 1874 1874 1876 1876 1876 1868 1868 1868 1873 1873 1873 1877 1877 1877 1878 1878 1878 1877 1877 1877 1879 1879 1879 1880 1880 1880 1870 1870 1870 1881 1881 1881 1882 1882 1882 1882 1882 1882 1883 1883 1883 1879 1879 1879 1883 1883 1883 1884 1884 1884 1879 1879 1879 1885 1885 1885 1886 1886 1886 1883 1883 1883 1887 1887 1887 1885 1885 1885 1888 1888 1888 1889 1889 1889 1890 1890 1890 1887 1887 1887 1891 1891 1891 1892 1892 1892 1890 1890 1890 1893 1893 1893 1892 1892 1892 1894 1894 1894 1895 1895 1895 1894 1894 1894 1896 1896 1896 1896 1896 1896 1889 1889 1889 1897 1897 1897 1897 1897 1897 1898 1898 1898 1899 1899 1899 1890 1890 1890 1900 1900 1900 1901 1901 1901 1900 1900 1900 1902 1902 1902 1903 1903 1903 1893 1893 1893 1904 1904 1904 1903 1903 1903 1905 1905 1905 1900 1900 1900 1906 1906 1906 1904 1904 1904 1905 1905 1905 1907 1907 1907 1900 1900 1900 1875 1875 1875 1908 1908 1908 1892 1892 1892 1908 1908 1908 1909 1909 1909 1909 1909 1909 1878 1878 1878 1910 1910 1910 1910 1910 1910 1911 1911 1911 1901 1901 1901 1912 1912 1912 1909 1909 1909 1913 1913 1913 1914 1914 1914 1904 1904 1904 1915 1915 1915 1916 1916 1916 1874 1874 1874 1914 1914 1914 1911 1911 1911 1917 1917 1917 1918 1918 1918 1880 1880 1880 1919 1919 1919 1917 1917 1917 1919 1919 1919 1920 1920 1920 1921 1921 1921 1922 1922 1922 1923 1923 1923 1920 1920 1920 1924 1924 1924 1922 1922 1922 1925 1925 1925 1886 1886 1886 1925 1925 1925 1926 1926 1926 1927 1927 1927 1886 1886 1886 1928 1928 1928 1890 1890 1890 1928 1928 1928 1929 1929 1929 1930 1930 1930 1890 1890 1890 1931 1931 1931 1932 1932 1932 1931 1931 1931 1933 1933 1933 1934 1934 1934 1935 1935 1935 1936 1936 1936 1937 1937 1937 1938 1938 1938 1934 1934 1934 1939 1939 1939 1938 1938 1938 1940 1940 1940 1941 1941 1941 1942 1942 1942 1943 1943 1943 1942 1942 1942 1883 1883 1883 1944 1944 1944 1945 1945 1945 1946 1946 1946 1947 1947 1947 1946 1946 1946 1948 1948 1948 1947 1947 1947 1949 1949 1949 1948 1948 1948 1950 1950 1950 1948 1948 1948 1951 1951 1951 1950 1950 1950</p>
   </triangles>
  </mesh></geometry>
 </library_geometries>
 <library_controllers>
  <controller id="ctrl"><skin source="#geom">
   <bind_shape_matrix>1 0 0 0 0 1 0 0 0 0 1 0 0 0 0 1</bind_shape_matrix>
   <source id="ctrl-joints"><Name_array id="ctrl-joints-a" count="43">BoneRoot Bone01 Bone02 Bone03 Bone04 Bone05 Bone06 Bone07 Bone08 Bone09 Bone10 Bone11 Bone12 Bone13 Bone14 Bone15 Bone16 Bone17 Bone18 Bone19 Bone20 Bone21 Bone22 Bone23 Bone24 Bone25 Bone26 Bone27 Bone28 Bone29 Bone30 Bone31 Bone32 Bone33 Bone34 Bone35 Bone36 Bone37 Bone38 Bone39 Bone40 Bone41 Bone42</Name_array>
    <technique_common><accessor source="#ctrl-joints-a" count="43" stride="1"><param name="JOINT" type="Name"/></accessor></technique_common></source>
   <source id="ctrl-bind"><float_array id="ctrl-bind-a" count="688">1.000000 0.000000 0.000000 0.000000 0.000000 1.000000 0.000000 0.000000 0.000000 0.000000 1.000000 0.000000 0.000000 0.000000 0.000000 1.000000 0.000000 -1.000000 -0.000000 0.800000 -1.000000 0.000000 -0.000000 -0.000000 0.000000 0.000000 -1.000000 -0.000000 0.000000 0.000000 0.000000 1.000000 -0.525731 -0.850651 -0.000000 0.800000 -0.850651 0.525731 -0.000000 -0.000000 0.000000 -0.000000 -1.000000 -0.000000 0.000000 0.000000 0.000000 1.000000 -0.162460 -0.850651 -0.500000 0.800000 -0.986715 0.140057 0.082324 -0.000000 0.000000 0.506732 -0.862104 -0.000000 0.000000 0.000000 0.000000 1.000000 0.425325 -0.850651 -0.309017 0.800000 -0.905041 -0.399765 -0.145223 -0.000000 -0.000000 0.341440 -0.939904 0.000000 0.000000 0.000000 0.000000 1.000000 0.425325 -0.850651 0.309017 0.800000 -0.905040 -0.399765 0.145223 0.000000 -0.000000 -0.341440 -0.939904 -0.000000 0.000000 0.000000 0.000000 1.000000 -0.162460 -0.850651 0.500000 0.800000 -0.986715 0.140057 -0.082324 -0.000000 0.000000 -0.506732 -0.862104 -0.000000 0.000000 0.000000 0.000000 1.000000 -0.688191 -0.525731 0.500000 0.800000 -0.725530 0.498675 -0.474268 0.000000 -0.000000 -0.689152 -0.724617 0.000000 0.000000 0.000000 0.000000 1.000000 -0.894427 -0.447214 -0.000000 0.800000 -0.447214 0.894427 -0.000000 0.000000 0.000000 -0.000000 -1.000000 -0.000000 0.000000 0.000000 0.000000 1.000000 -0.688191 -0.525731 -0.500000 0.800000 -0.725530 0.498675 0.474268 0.000000 0.000000 0.689152 -0.724617 -0.000000 0.000000 0.000000 0.000000 1.000000 -0.276393 -0.447213 -0.850651 0.800000 -0.961045 0.128617 0.244644 0.000000 -0.000000 0.885132 -0.465341 -0.000000 0.000000 0.000000 0.000000 1.000000 0.262866 -0.525731 -0.809017 0.800000 -0.964832 -0.143234 -0.220414 0.000000 0.000000 0.838505 -0.544894 -0.000000 0.000000 0.000000 0.000000 1.000000 0.723607 -0.447214 -0.525731 0.800000 -0.690212 -0.468851 -0.551167 0.000000 -0.000000 0.761694 -0.647936 0.000000 0.000000 0.000000 0.000000 1.000000 0.850651 -0.525731 -0.000000 0.800000 -0.525731 -0.850651 -0.000000 0.000000 -0.000000 0.000000 -1.000000 -0.000000 0.000000 0.000000 0.000000 1.000000 0.723607 -0.447214 0.525731 0.800000 -0.690212 -0.468851 0.551168 0.000000 -0.000000 -0.761695 -0.647936 -0.000000 0.000000 0.000000 0.000000 1.000000 0.262865 -0.525731 0.809017 0.800000 -0.964832 -0.143234 0.220414 -0.000000 0.000000 -0.838505 -0.544894 -0.000000 0.000000 0.000000 0.000000 1.000000 -0.276393 -0.447214 0.850651 0.800000 -0.961045 0.128617 -0.244644 0.000000 -0.000000 -0.885131 -0.465341 -0.000000 0.000000 0.000000 0.000000 1.000000 -0.587785 -0.000000 0.809017 0.800000 -0.809017 -0.000000 -0.587785 -0.000000 0.000000 -1.000000 0.000000 -0.000000 0.000000 0.000000 0.000000 1.000000 -0.951057 -0.000000 0.309017 0.800000 -0.309017 0.000000 -0.951057 0.000000 -0.000000 -1.000000 -0.000000 -0.000000 0.000000 0.000000 0.000000 1.000000 -0.951057 -0.000000 -0.309017 0.800000 -0.309017 -0.000000 0.951057 0.000000 -0.000000 1.000000 0.000000 0.000000 0.000000 0.000000 0.000000 1.000000 -0.587785 0.000000 -0.809017 0.800000 -0.809017 -0.000000 0.587785 0.000000 -0.000000 1.000000 0.000000 -0.000000 0.000000 0.000000 0.000000 1.000000 -0.000000 0.000000 -1.000000 0.800000 -1.000000 -0.000000 0.000000 -0.000000 -0.000000 1.000000 0.000000 -0.000000 0.000000 0.000000 0.000000 1.000000 0.587785 -0.000000 -0.809017 0.800000 -0.809017 -0.000000 -0.587785 0.000000 -0.000000 1.000000 -0.000000 0.000000 0.000000 0.000000 0.000000 1.000000 0.951056 -0.000000 -0.309017 0.800000 -0.309017 0.000000 -0.951056 0.000000 0.000000 1.000000 0.000000 0.000000 0.000000 0.000000 0.000000 1.000000 0.951057 -0.000000 0.309017 0.800000 -0.309017 -0.000000 0.951057 0.000000 -0.000000 -1.000000 -0.000000 -0.000000 0.000000 0.000000 0.000000 1.000000 0.587785 0.000000 0.809017 0.800000 -0.809017 -0.000000 0.587785 -0.000000 -0.000000 -1.000000 -0.000000 -0.000000 0.000000 0.000000 0.000000 1.000000 -0.000000 0.000000 1.000000 0.800000 -1.000000 -0.000000 -0.000000 -0.000000 0.000000 -1.000000 0.000000 0.000000 0.000000 0.000000 0.000000 1.000000 -0.723607 0.447213 0.525731 0.800000 -0.690212 -0.468851 -0.551168 -0.000000 0.000000 -0.761695 0.647936 -0.000000 0.000000 0.000000 0.000000 1.000000 -0.850651 0.525730 0.000000 0.800000 -0.525730 -0.850651 -0.000000 -0.000001 -0.000000 -0.000000 1.000000 -0.000000 0.000000 0.000000 0.000000 1.000000 -0.723607 0.447213 -0.525731 0.800000 -0.690212 -0.468851 0.551167 -0.000000 -0.000000 0.761695 0.647936 0.000000 0.000000 0.000000 0.000000 1.000000 -0.262866 0.525731 -0.809017 0.800000 -0.964832 -0.143234 0.220414 -0.000000 -0.000000 0.838505 0.544894 -0.000000 0.000000 0.000000 0.000000 1.000000 0.276393 0.447213 -0.850651 0.800000 -0.961045 0.128617 -0.244645 0.000000 -0.000000 0.885132 0.465341 0.000000 0.000000 0.000000 0.000000 1.000000 0.688191 0.525731 -0.500000 0.800000 -0.725530 0.498675 -0.474268 0.000000 0.000000 0.689152 0.724617 0.000000 0.000000 0.000000 0.000000 1.000000 0.894427 0.447213 -0.000000 0.800000 -0.447213 0.894427 0.000000 0.000000 0.000000 0.000000 1.000000 0.000000 0.000000 0.000000 0.000000 1.000000 0.688191 0.525731 0.500000 0.800000 -0.725529 0.498675 0.474268 0.000000 0.000000 -0.689152 0.724617 -0.000000 0.000000 0.000000 0.000000 1.000000 0.276393 0.447213 0.850651 0.800000 -0.961045 0.128617 0.244644 -0.000000 -0.000000 -0.885132 0.465341 -0.000000 0.000000 0.000000 0.000000 1.000000 -0.262865 0.525731 0.809017 0.800000 -0.964833 -0.143234 -0.220414 0.000000 0.000000 -0.838505 0.544894 0.000000 0.000000 0.000000 0.000000 1.000000 0.525731 0.850651 -0.000000 0.800000 -0.850651 0.525731 0.000000 0.000000 0.000000 -0.000000 1.000000 0.000000 0.000000 0.000000 0.000000 1.000000 0.162460 0.850651 -0.500000 0.800000 -0.986715 0.140057 -0.082324 -0.000000 -0.000000 0.506732 0.862104 0.000000 0.000000 0.000000 0.000000 1.000000 -0.425326 0.850651 -0.309017 0.800000 -0.905040 -0.399765 0.145223 -0.000000 -0.000000 0.341440 0.939904 0.000000 0.000000 0.000000 0.000000 1.000000 -0.425326 0.850650 0.309018 0.800000 -0.905040 -0.399765 -0.145223 -0.000000 0.000000 -0.341441 0.939903 -0.000001 0.000000 0.000000 0.000000 1.000000 0.162460 0.850651 0.500000 0.800000 -0.986715 0.140057 0.082323 -0.000000 -0.000000 -0.506732 0.862104 0.000000 0.000000 0.000000 0.000000 1.000000 0.000000 1.000000 0.000000 0.800000 -1.000000 0.000000 -0.000000 0.000000 0.000000 0.000000 1.000000 0.000000 0.000000 0.000000 0.000000 1.000000</float_array>
    <technique_common><accessor source="#ctrl-bind-a" count="43" stride="16"><param name="TRANSFORM" type="float4x4"/></accessor></technique_common></source>
   <source id="ctrl-weights"><float_array id="ctrl-weights-a" count="79">0.541176 0.149020 0.160784 0.447059 0.254902 0.145098 0.152941 0.376471 0.117647 0.129412 0.411765 0.258824 0.070588 0.478431 0.270588 0.121569 0.403922 0.305882 0.231373 0.058824 0.572549 0.156863 0.113725 0.203922 0.188235 0.352941 0.176471 0.486275 0.200000 0.172549 0.141176 0.427451 0.247059 0.223529 0.101961 0.290196 0.066667 0.372549 0.333333 0.137255 0.250980 0.086275 0.407843 0.266667 0.286275 0.243137 0.474510 0.211765 0.533333 0.125490 0.466667 0.239216 0.062745 0.509804 0.227451 0.133333 0.537255 0.109804 0.501961 0.164706 0.168627 0.623529 0.098039 0.552941 0.215686 0.180392 0.050980 0.627451 0.192157 0.094118 0.513725 0.643137 0.521569 0.196078 0.635294 0.529412 0.184314 0.274510 1.000000</float_array>
    <technique_common><accessor source="#ctrl-weights-a" count="79" stride="1"><param name="WEIGHT" type="float"/></accessor></technique_common></source>
   <joints><input semantic="JOINT" source="#ctrl-joints"/><input semantic="INV_BIND_MATRIX" source="#ctrl-bind"/></joints>
   <vertex_weights count="1952"><input semantic="JOINT" source="#ctrl-joints" offset="0"/><input semantic="WEIGHT" source="#ctrl-weights" offset="1"/>
    <vcount>4 4 4 4 4 4 4 4 4 4 4 4 4 4 4 4 4 4 4 4 4 4 4 4 4 4 4 4 4 4 4 4 4 4 4 4 4 4 4 4 4 4 4 4 4 4 4 4 4 4 4 4 4 4 4 4 4 4 4 4 4 4 4 4 4 4 4 4 4 4 4 4 4 4 4 4 4 4 4 4 4 4 4 4 4 4 4 4 4 4 4 4 4 4 4 4 4 4 4 4 4 4 4 4 4 4 4 4 4 4 4 4 4 4 4 4 4 4 4 4 4 4 4 4 4 4 4 4 4 4 4 4 4 4 4 4 4 4 4 4 4 4 4 4 4 4 4 4 4 4 4 4 4 4 4 4 4 4 4 4 4 4 4 4 4 4 4 4 4 4 4 4 4 4 4 4 4 4 4 4 4 4 4 4 4 4 4 4 4 4 4 4 4 4 4 4 4 4 4 4 4 4 4 4 4 4 4 4 4 4 4 4 4 4 4 4 4 4 4 4 4 4 4 4 4 4 4 4 4 4 4 4 4 4 4 4 4 4 4 4 4 4 4 4 4 4 4 4 4 4 4 4 4 4 4 4 4 4 4 4 4 4 4 4 4 4 4 4 4 4 4 4 4 4 4 4 4 4 4 4 4 4 4 4 4 4 4 4 4 4 4 4 4 4 4 4 4 4 4 4 4 4 4 4 4 4 4 4 4 4 4 4 4 4 4 4 4 4 4 4 4 4 4 4 4 4 4 4 4 4 4 4 4 4 4 4 4 4 4 4 4 4 4 4 4 4 4 4 4 4 4 4 4 4 4 4 4 4 4 4 4 4 4 4 4 4 4 4 4 4 4 4 4 4 4 4 4 4 4 4 4 4 4 4 4 4 4 4 4 4 4 4 4 4 4 4 4 4 4 4 4 4 4 4 4 4 4 4 4 4 4 4 4 4 4 4 4 4 4 4 4 4 4 4 4 4 4 4 4 4 4 4 4 4 4 4 4 4 4 4 4 4 4 4 4 4 4 4 4 4 4 4 4 4 4 4 4 4 4 4 4 4 4 4 4 4 4 4 4 4 4 4 4 4 4 4 4 4 4 4 4 4 4 4 4 4 4 4 4 4 4 4 4 4 4 4 4 4 4 4 4 4 4 4 4 4 4 4 4 4 4 4 4 4 4 4 4 4 4 4 4 4 4 4 4 4 4 4 4 4 4 4 4 4 4 4 4 4 4 4 4 4 4 4 4 4 4 4 4 4 4 4 4 4 4 4 4 4 4 4 4 4 4 4 4 4 4 4 4 4 4 4 4 4 4 4 4 4 4 4 4 4 4 4 4 4 4 4 4 3 3 4 4 4 4 3 4 3 4 4 4 4 4 4 4 4 4 4 4 4 4 4 4 4 4 4 3 3 4 4 4 4 3 4 3 4 4 4 4 4 4 4 4 4 4 4 4 4 4 4 4 4 4 4 4 4 4 4 4 4 4 4 4 4 4 4 4 4 4 4 4 4 4 4 4 4 4 4 4 4 4 4 4 4 4 4 4 4 4 4 4 4 4 4 4 4 4 4 4 4 4 4 4 4 4 4 4 4 4 4 4 4 4 4 4 4 4 4 4 4 4 4 4 4 4 4 4 4 4 4 4 4 4 4 4 4 4 4 4 4 4 4 4 4 4 4 4 4 4 4 4 4 4 4 4 4 4 4 4 4 4 4 4 4 4 4 4 4 4 4 4 4 4 4 4 4 4 4 4 4 4 4 4 4 4 4 4 4 4 4 4 4 4 4 4 4 4 4 1 1 1 1 1 1 1 1 1 1 1 1 1 1 1 1 1 1 1 1 1 1 1 1 1 1 1 1 1 1 1 1 1 1 1 1 1 1 1 1 1 1 1 1 1 1 1 1 1 1 1 1 1 1 1 1 1 1 1 1 1 1 1 1 1 1 1 1 1 1 1 1 1 1 1 1 1 1 1 1 1 1 1 1 1 1 1 1 1 1 1 1 1 1 1 1 1 1 1 1 1 1 1 1 1 1 1 1 1 1 1 1 1 1 1 1 1 1 1 1 1 1 1 1 1 1 1 1 1 1 1 1 1 1 1 1 1 1 1 1 1 1 1 1 1 1 1 1 1 1 1 1 1 1 1 1 1 1 1 1 1 1 1 1 1 1 1 1 1 1 1 1 1 1 1 1 1 1 1 1 1 1 1 1 1 1 1 1 1 1 1 1 1 1 1 1 1 1 1 1 1 1 1 1 1 1 1 1 1 1 1 1 1 1 1 1 1 1 1 1 1 1 1 1 1 1 1 1 1 1 1 1 1 1 1 1 1 1 1 1 1 1 1 1 1 1 1 1 1 1 1 1 1 1 1 1 1 1 1 1 1 1 1 1 1 1 1 1 1 1 1 1 1 1 1 1 1 1 1 1 1 1 1 1 1 1 1 1 1 1 1 1 1 1 1 1 1 1 1 1 1 1 1 1 1 1 1 1 1 1 1 1 1 1 1 1 1 1 1 1 1 1 1 1 1 1 1 1 1 1 1 1 1 1 1 1 1 1 1 1 1 1 1 1 1 1 1 1 1 1 1 1 1 1 1 1 1 1 1 1 1 1 1 1 1 1 1 1 1 1 1 1 1 1 1 1 1 1 1 1 1 1 1 1 1 1 1 1 1 1 1 1 1 1 1 1 1 1 1 1 1 1 1 1 1 1 1 1 1 1 1 1 1 1 1 1 1 1 1 1 1 1 1 1 1 1 1 1 1 1 1 1 1 1 1 1 1 1 1 1 1 1 1 1 1 1 1 1 1 1 1 1 1 1 1 1 1 1 1 1 1 1 1 1 1 1 1 1 1 1 1 1 1 1 1 1 1 1 1 1 1 1 1 1 1 1 1 1 1 1 1 1 1 1 1 1 1 1 1 1 1 1 1 1 1 1 1 1 1 1 1 1 1 1 1 1 1 1 1 1 1 1 1 1 1 1 1 1 1 1 1 1 1 1 1 1 1 1 1 1 1 1 1 1 1 1 1 1 1 1 1 1 1 1 1 1 1 1 1 1 1 1 1 1 1 1 1 1 1 1 1 1 1 1 1 1 1 1 1 1 1 1 1 1 1 1 1 1 1 1 1 1 1 1 1 1 1 1 1 1 1 1 1 1 1 1 1 1 1 1 1 1 1 1 1 1 1 1 1 1 1 1 1 1 1 1 1 1 1 1 1 1 1 1 1 1 1 1 1 1 1 1 1 1 1 1 1 1 1 1 1 1 1 1 1 1 1 1 1 1 1 1 1 1 1 1 1 1 1 1 1 1 1 1 1 1 1 1 1 1 1 1 1 1 1 1 1 1 1 1 1 1 1 1 1 1 1 1 1 1 1 1 1 1 1 1 1 1 1 1 1 1 1 1 1 1 1 1 1 1 1 1 1 1 1 1 1 1 1 1 1 1 1 1 1 1 1 1 1 1 1 1 1 1 1 1 1 1 1 1 1 1 1 1 1 1 1 1 1 1 1 1 1 1 1 1 1 1 1 1 1 1 1 1 1 1 1 1 1 1 1 1 1 1 1 1 1 1 1 1 1 1 1 1 1 1 1 1 1 1 1 1 1 1 1 1 1 1 1 1 1 1 1 1 1 1 1 1 1 1 1 1 1 1 1 1 1 1 1 1 1 1 1 1 1 1 1 1 1 1 1 1 1 1 1 1 1 1 1 1 1 1 1 1 1 1 1 1 1 1 1 1 1 1 1 1 1 1 1 1 1 1 1 1 1 1 1 1 1 1 1 1 1 1 1 1 1 1 1 1 1 1 1 1 1 1 1 1 1 1 1 1 1 1 1 1 1 1 1 1 1 1 1 1 1 1 1 1 1 1 1 1 1 1 1 1 1 1 1 1 1 1 1 1 1 1 1 1 1 1 1 1 1 1 1 1 1 1 1 1 1 1 1 1 1 1 1 1 1 1 1 1 1 1 1 1 1 1 1 1 1 1 1 1 1 1 1 1 1 1 1 1 1 1 1 1 1 1 1 1 1 1 1 1 1 1 1 1 1 1 1 1 1 1 1 1 1 1 1 1 1 1 1 1 1 1 1 1 1 1 1 1 1 1 1 1 1 1 1 1 1 1 1 1 1 1 1 1 1 1 1 1 1 1 1 1 1 1 1 1 1 1 1 1 1 1 1 1 1 1 1 1 1 1 1 1 1 1 1 1 1 1 1 1 1 1 1 1 1 1 1 1 1 1 1 1 1 1 1 1 1 1 1 1 1 1 1 1 1 1 1 1 1 1 1 1 1 1 1 1 1 1 1 1 1 1 1 1 1 1 1 1 1 1 1 1 1 1 1 1 1 1 1 1 1 1 1 1 1 1 1 1 1 1 1 1 1 1 1 1 1 1 1 1 1 1 1 1 1 1 1 1 1 1</vcount>
    <v>1 0 4 1 2 1 3 2 1 3 2 4 3 5 6 6 1 3 6 4 2 5 5 6 1 7 2 7 3 8 6 9 1 10 6 11 2 11 3 12 1 7 6 7 2 8 5 9 1 7 2 7 3 8 6 9 2 13 1 14 3 15 6 9 2 16 1 17 6 18 3 19 1 10 6 11 2 11 3 12 6 16 1 17 2 18 5 19 1 7 6 7 2 8 5 9 6 13 1 14 2 15 5 9 2 20 1 21 8 21 6 22 2 13 6 23 1 24 7 9 6 25 2 25 1 26 7 8 6 13 2 23 1 24 7 9 6 20 1 21 16 21 15 22 2 13 8 14 7 15 9 9 2 27 7 28 8 29 6 30 2 31 6 32 7 33 1 34 6 31 2 32 7 33 1 34 6 27 7 28 16 29 2 30 6 13 16 14 15 15 7 9 2 13 8 14 7 15 9 9 2 7 8 7 7 8 9 9 2 10 8 35 7 18 6 36 2 10 8 35 7 18 6 36 2 37 7 38 8 21 6 39 7 10 6 40 2 40 16 41 6 37 7 38 16 21 2 39 6 10 16 35 7 18 2 36 6 7 16 7 15 8 7 9 8 3 2 4 7 5 9 6 8 42 2 43 7 11 9 36 7 16 8 44 2 45 6 36 7 16 8 44 2 45 6 36 7 46 2 47 8 29 6 30 7 46 6 47 16 29 2 30 7 16 16 44 6 45 2 36 16 42 6 43 7 11 15 36 16 3 6 4 15 5 7 6 8 0 19 1 18 1 7 2 8 3 7 4 18 5 2 6 7 7 8 7 18 8 2 9 7 13 8 14 18 15 2 9 7 13 8 14 18 15 2 9 7 20 8 21 16 21 18 22 7 13 16 14 6 15 17 9 7 7 16 7 6 8 17 9 16 3 7 4 17 5 6 6 16 0 6 1 15 1 17 2 1 3 5 4 4 5 6 6 1 10 6 11 5 11 4 12 1 7 5 7 4 8 6 9 6 16 1 17 5 18 2 19 1 10 6 11 5 11 4 12 5 16 1 17 6 18 4 19 1 7 5 7 4 8 6 9 5 13 1 14 4 15 6 9 6 13 5 23 1 24 15 9 5 25 6 25 1 26 15 8 5 13 6 23 1 24 15 9 5 20 14 21 1 21 4 22 6 27 15 28 16 29 5 30 6 31 5 32 15 33 1 34 5 31 6 32 15 33 1 34 5 27 15 28 14 29 6 30 5 13 14 14 13 15 15 9 6 10 16 35 15 18 5 36 6 37 15 38 16 21 5 39 15 10 5 40 6 40 14 41 5 37 15 38 14 21 6 39 5 10 14 35 15 18 6 36 5 7 14 7 15 8 13 9 16 42 6 43 15 11 7 36 15 16 16 44 6 45 5 36 15 46 6 47 16 29 5 30 15 46 5 47 14 29 6 30 15 16 14 44 5 45 6 36 14 42 5 43 15 11 13 36 14 3 5 4 15 5 13 6 16 3 15 4 6 5 26 6 15 7 16 7 6 8 26 9 15 13 16 14 6 15 26 9 15 20 14 21 16 21 26 22 15 13 14 14 5 15 25 9 14 7 15 7 5 8 25 9 14 3 15 4 5 5 25 6 14 0 24 1 5 1 25 2 1 3 4 4 3 5 5 6 1 10 4 11 5 11 3 12 1 7 4 7 3 8 5 9 5 16 1 17 4 18 6 19 1 7 5 7 4 8 6 9 5 16 1 17 4 18 6 19 1 10 4 11 5 11 3 12 4 16 1 17 5 18 3 19 1 7 4 7 3 8 5 9 4 13 1 14 3 15 5 9 5 13 4 23 1 24 13 9 5 13 4 23 1 24 13 9 4 25 5 25 1 26 13 8 4 13 5 23 1 24 13 9 4 20 1 21 12 21 3 22 5 27 13 28 14 29 4 30 5 31 4 32 13 33 1 34 5 31 4 32 13 33 1 34 4 31 5 32 13 33 1 34 4 27 13 28 12 29 5 30 4 13 12 14 13 15 11 9 5 10 14 35 13 18 4 36 5 37 13 38 14 21 4 39 5 37 13 38 14 21 4 39 13 10 4 40 5 40 14 41 4 37 13 38 12 21 5 39 4 10 12 35 13 18 5 36 4 7 12 7 13 8 11 9 14 42 5 43 13 11 15 36 13 16 14 44 5 45 4 36 5 37 13 38 14 21 4 39 13 16 14 44 5 45 4 36 13 46 5 47 14 29 4 30 13 10 4 40 5 40 14 41 13 46 4 47 12 29 5 30 4 37 13 38 12 21 5 39 13 16 12 44 4 45 5 36 4 10 12 35 13 18 5 36 12 42 4 43 13 11 11 36 12 42 4 43 13 11 11 36 12 3 4 4 13 5 11 6 14 3 13 4 24 5 5 6 13 7 14 7 5 8 24 9 13 7 14 7 5 8 24 9 13 13 14 14 24 15 5 9 13 20 14 21 12 21 24 22 13 13 12 14 4 15 23 9 12 7 13 7 4 8 23 9 12 3 13 4 4 5 23 6 12 3 13 4 4 5 23 6 12 0 22 1 13 1 4 2 1 3 3 4 4 5 2 6 1 10 4 11 3 11 2 12 1 7 3 7 4 8 2 9 4 16 1 17 3 18 5 19 1 10 4 11 3 11 2 12 3 16 1 17 4 18 2 19 1 7 3 7 4 8 2 9 3 13 1 14 2 15 4 9 4 13 3 23 1 24 11 9 3 25 4 25 1 26 11 8 3 13 4 23 1 24 11 9 3 20 1 21 10 21 4 22 4 27 11 28 12 29 3 30 4 31 3 32 11 33 1 34 3 31 4 32 11 33 1 34 3 27 11 28 10 29 4 30 3 13 10 14 9 15 11 9 4 10 12 35 11 18 3 36 4 37 11 38 12 21 3 39 11 10 3 40 4 40 12 41 3 37 11 38 10 21 4 39 3 10 10 35 11 18 4 36 3 7 10 7 9 8 11 9 12 42 4 43 11 11 13 36 11 16 12 44 4 45 3 36 11 46 4 47 12 29 3 30 11 46 3 47 10 29 4 30 11 16 10 44 3 45 4 36 10 42 3 43 11 11 9 36 10 3 3 4 9 5 11 6 12 3 11 4 22 5 4 6 11 7 12 7 22 8 4 9 11 13 12 14 22 15 4 9 11 20 10 21 12 21 22 22 11 13 10 14 3 15 21 9 10 7 11 7 3 8 21 9 10 3 11 4 21 5 3 6 10 0 9 1 11 1 20 2 1 10 3 11 2 11 4 12 3 16 1 17 2 18 4 19 1 10 3 11 2 11 4 12 2 16 1 17 3 18 6 19 3 13 2 23 1 24 9 9 2 25 3 25 1 26 9 8 2 13 3 23 1 24 9 9 3 27 9 28 10 29 2 30 3 31 2 32 9 33 1 34 2 31 3 32 9 33 1 34 2 27 9 28 8 29 3 30 3 10 10 35 9 18 2 36 3 37 9 38 10 21 2 39 9 10 2 40 3 40 10 41 2 37 9 38 8 21 3 39 2 10 8 35 9 18 3 36 2 10 8 35 9 18 3 36 10 42 3 43 9 11 11 36 9 16 10 44 3 45 2 36 9 46 3 47 10 29 2 30 9 46 2 47 8 29 3 30 9 16 8 44 2 45 3 36 9 16 8 44 2 45 3 36 8 42 2 43 9 11 7 36 10 3 9 4 3 5 20 6 9 7 10 7 3 8 20 9 9 13 10 14 20 15 3 9 9 20 8 21 10 21 20 22 9 13 8 14 19 15 2 9 9 13 8 14 19 15 2 9 8 7 9 7 19 8 2 9 8 3 9 4 19 5 2 6 8 3 19 4 18 5 9 6 8 3 18 4 19 5 7 6 8 7 19 7 18 8 9 9 8 10 19 11 18 11 7 12 8 7 18 7 19 8 7 9 8 7 19 7 18 8 9 9 19 13 8 14 18 15 9 9 19 16 8 17 18 18 9 19 8 10 19 11 18 11 7 12 18 16 8 17 19 18 7 19 8 7 18 7 19 8 7 9 18 13 8 14 19 15 7 9 19 13 8 14 18 15 9 9 19 20 29 21 8 21 18 22 19 13 18 23 8 24 28 9 19 16 8 17 18 18 9 19 19 25 18 25 8 26 28 8 18 16 8 17 19 18 7 19 18 13 19 23 8 24 28 9 18 13 8 14 19 15 7 9 18 13 8 14 19 15 7 9 18 13 19 23 8 24 28 9 18 20 27 21 8 21 19 22 19 13 29 14 28 15 20 9 19 27 28 28 29 29 18 30 19 31 18 32 28 33 8 34 18 31 19 32 28 33 8 34 18 27 28 28 27 29 19 30 18 27 28 28 27 29 19 30 18 13 27 14 28 15 17 9 19 13 29 14 28 15 20 9 19 7 29 7 28 8 20 9 19 10 29 35 28 18 18 36 19 27 28 28 29 29 18 30 19 37 28 38 29 21 18 39 19 31 18 32 28 33 8 34 28 10 18 40 19 40 29 41 18 31 19 32 28 33 8 34 18 37 28 38 27 21 19 39 18 27 28 28 27 29 19 30 18 10 27 35 28 18 19 36 18 13 27 14 28 15 17 9 18 7 27 7 28 8 17 9 29 3 19 4 28 5 20 6 29 42 19 43 28 11 20 36 28 16 29 44 19 45 18 36 28 46 19 47 29 29 18 30 28 46 18 47 27 29 19 30 28 16 27 44 18 45 19 36 27 42 18 43 28 11 17 36 27 3 18 4 28 5 17 6 29 0 19 1 28 1 39 2 29 3 28 4 19 5 39 6 28 7 29 7 19 8 39 9 28 13 29 14 19 15 39 9 28 20 27 21 29 21 18 22 28 13 27 14 18 15 40 9 27 7 28 7 18 8 40 9 27 3 28 4 18 5 40 6 27 0 18 1 28 1 40 2 16 3 17 4 26 5 7 6 16 3 26 4 15 5 17 6 16 7 17 7 7 8 26 9 16 10 17 11 26 11 15 12 16 7 26 7 15 8 17 9 17 13 16 14 7 15 26 9 17 16 16 17 26 18 7 19 26 16 16 17 17 18 15 19 26 13 16 14 15 15 17 9 17 13 16 14 7 15 26 9 17 20 16 21 27 21 18 22 17 13 26 23 16 24 36 9 17 16 16 17 26 18 7 19 17 25 26 25 16 26 36 8 26 16 16 17 17 18 15 19 26 13 17 23 16 24 36 9 26 13 16 14 15 15 17 9 26 20 16 21 35 21 15 22 17 13 27 14 18 15 36 9 17 27 36 28 27 29 26 30 17 31 26 32 36 33 16 34 26 31 17 32 36 33 16 34 26 27 36 28 35 29 17 30 26 13 35 14 36 15 25 9 17 13 27 14 18 15 36 9 17 7 27 7 18 8 36 9 17 10 27 35 36 18 26 36 17 27 36 28 27 29 26 30 17 37 36 38 27 21 26 39 17 31 26 32 36 33 16 34 36 10 17 40 26 40 27 41 26 31 17 32 36 33 16 34 26 37 36 38 35 21 17 39 26 27 36 28 35 29 17 30 26 10 35 35 36 18 17 36 26 13 35 14 36 15 25 9 26 7 35 7 36 8 25 9 27 3 17 4 18 5 36 6 27 42 17 43 36 11 18 36 36 16 27 44 17 45 26 36 36 46 17 47 27 29 26 30 36 46 26 47 35 29 17 30 36 16 35 44 26 45 17 36 35 42 26 43 36 11 25 36 35 3 26 4 36 5 25 6 27 3 36 4 17 5 40 6 27 7 36 7 17 8 40 9 36 13 27 14 17 15 40 9 36 20 27 21 35 21 41 22 36 13 35 14 41 15 26 9 35 7 36 7 41 8 26 9 35 3 36 4 41 5 26 6 35 0 41 1 34 1 36 2 14 3 25 4 24 5 15 6 14 3 24 4 25 5 13 6 14 7 25 7 24 8 15 9 14 10 24 11 25 11 15 12 14 7 24 7 25 8 13 9 25 13 14 14 24 15 15 9 25 16 14 17 24 18 15 19 24 16 14 17 25 18 13 19 24 13 14 14 25 15 13 9 25 13 14 14 24 15 15 9 25 20 14 21 35 21 24 22 25 13 24 23 14 24 34 9 25 16 14 17 24 18 15 19 24 25 25 25 14 26 34 8 24 16 14 17 25 18 13 19 24 13 25 23 14 24 34 9 24 13 14 14 25 15 13 9 24 20 14 21 33 21 13 22 25 13 35 14 34 15 26 9 25 27 34 28 35 29 24 30 25 31 24 32 34 33 14 34 24 31 25 32 34 33 14 34 24 27 34 28 33 29 25 30 24 13 33 14 34 15 23 9 25 13 35 14 34 15 26 9 25 7 35 7 34 8 26 9 25 10 35 35 34 18 24 36 25 27 34 28 35 29 24 30 25 37 34 38 35 21 24 39 25 31 24 32 34 33 14 34 34 10 25 40 24 40 35 41 24 31 25 32 34 33 14 34 24 37 34 38 33 21 25 39 24 27 34 28 33 29 25 30 24 10 33 35 34 18 25 36 24 13 33 14 34 15 23 9 24 7 33 7 34 8 23 9 35 3 25 4 26 5 34 6 35 42 25 43 34 11 26 36 34 16 35 44 25 45 24 36 34 48 25 24 35 6 24 49 34 48 24 24 33 6 25 49 34 16 33 44 24 45 25 36 33 50 24 51 34 18 23 52 33 53 24 54 34 9 23 55 35 3 34 4 41 5 25 6 34 7 35 7 41 8 25 9 34 56 35 51 41 57 25 22 34 20 35 21 33 21 24 22 34 56 33 51 24 57 37 22 33 7 34 7 24 8 37 9 33 53 34 54 24 9 37 55 33 53 24 54 34 9 23 55 33 53 34 54 24 9 37 55 33 58 24 59 32 59 34 60 12 3 23 4 22 5 13 6 12 3 22 4 23 5 11 6 12 7 23 7 22 8 13 9 12 10 22 11 23 11 13 12 12 7 22 7 23 8 11 9 23 13 12 14 22 15 13 9 23 16 12 17 22 18 13 19 22 16 12 17 23 18 11 19 22 13 12 14 23 15 11 9 23 13 12 14 22 15 13 9 23 20 12 21 33 21 22 22 23 13 22 23 12 24 32 9 23 16 12 17 22 18 13 19 22 25 23 25 12 26 32 8 22 16 12 17 23 18 11 19 22 13 23 23 12 24 32 9 22 13 12 14 23 15 11 9 22 20 31 21 12 21 32 22 23 13 33 14 32 15 24 9 23 27 32 28 33 29 22 30 23 31 22 32 32 33 12 34 22 31 23 32 32 33 12 34 22 27 32 28 31 29 23 30 22 13 31 14 32 15 21 9 23 13 33 14 32 15 24 9 23 7 33 7 32 8 24 9 23 10 33 35 32 18 22 36 23 27 32 28 33 29 22 30 23 37 32 38 33 21 22 39 23 31 22 32 32 33 12 34 32 10 22 40 23 40 31 41 22 31 23 32 32 33 12 34 22 37 32 38 31 21 23 39 22 27 32 28 31 29 23 30 22 10 31 35 32 18 23 36 22 13 31 14 32 15 21 9 22 7 31 7 32 8 21 9 33 53 23 54 24 9 32 55 33 42 23 43 32 11 24 36 32 16 33 44 23 45 22 36 32 61 23 6 33 49 22 62 32 61 22 6 31 49 23 62 32 63 31 64 22 65 23 66 31 42 22 43 32 11 21 36 31 3 22 4 32 5 21 6 33 53 32 54 23 9 37 55 32 7 33 7 23 8 37 9 32 67 33 68 23 41 37 69 32 70 31 65 33 65 22 49 32 67 31 68 22 41 38 69 31 7 32 7 22 8 38 9 31 3 32 4 22 5 38 6 31 71 32 8 22 8 38 15 10 3 21 4 11 5 20 6 10 3 20 4 9 5 21 6 10 7 21 7 11 8 20 9 10 10 20 11 21 11 11 12 10 7 20 7 9 8 21 9 21 13 10 14 11 15 20 9 21 16 10 17 20 18 11 19 20 16 10 17 21 18 9 19 20 13 10 14 9 15 21 9 21 13 10 14 11 15 20 9 21 20 31 21 10 21 11 22 21 13 20 23 10 24 30 9 21 16 10 17 20 18 11 19 20 25 21 25 10 26 30 8 20 16 10 17 21 18 9 19 20 13 21 23 10 24 30 9 20 13 10 14 9 15 21 9 20 20 29 21 10 21 9 22 21 13 31 14 22 15 30 9 21 27 30 28 31 29 20 30 21 31 20 32 30 33 10 34 20 31 21 32 30 33 10 34 20 27 30 28 29 29 21 30 20 13 29 14 19 15 30 9 21 13 31 14 22 15 30 9 21 7 31 7 22 8 30 9 21 10 31 35 30 18 20 36 21 27 30 28 31 29 20 30 21 37 30 38 31 21 20 39 21 31 20 32 30 33 10 34 30 10 21 40 20 40 31 41 20 31 21 32 30 33 10 34 20 37 30 38 29 21 21 39 20 27 30 28 29 29 21 30 20 10 29 35 30 18 21 36 20 13 29 14 19 15 30 9 20 7 29 7 19 8 30 9 31 56 21 47 22 15 30 9 31 42 21 43 30 11 22 36 30 72 31 18 21 73 20 66 30 74 21 1 31 15 20 69 30 74 20 1 29 15 21 69 30 16 29 44 20 45 21 36 29 42 20 43 30 11 19 36 29 3 20 4 19 5 30 6 31 75 30 64 21 15 38 55 30 7 31 7 38 8 21 9 30 74 31 76 38 41 21 69 30 61 29 30 31 30 38 69 30 74 29 76 39 41 20 69 29 7 30 7 39 8 20 9 29 3 30 4 39 5 20 6 27 10 18 11 17 11 28 12 17 16 27 17 18 18 36 19 18 16 27 17 17 18 28 19 17 13 18 23 27 24 7 9 17 16 27 17 18 18 36 19 18 25 17 25 27 26 7 8 18 16 27 17 17 18 28 19 18 13 17 23 27 24 7 9 17 27 7 28 16 29 18 30 17 31 18 32 7 33 27 34 18 31 17 32 7 33 27 34 18 27 7 28 8 29 17 30 17 10 16 35 7 18 18 36 17 27 7 28 16 29 18 30 17 37 7 38 16 21 18 39 17 31 18 32 7 33 27 34 7 10 18 40 17 40 8 41 18 31 17 32 7 33 27 34 18 37 7 38 8 21 17 39 18 27 7 28 8 29 17 30 18 10 8 35 7 18 17 36 16 42 17 43 7 11 26 36 7 16 16 44 17 45 18 36 7 46 17 47 16 29 18 30 7 46 18 47 8 29 17 30 7 16 8 44 18 45 17 36 18 10 8 35 7 18 17 36 7 16 8 44 18 45 17 36 8 42 18 43 7 11 19 36 35 10 25 11 26 11 36 12 25 16 35 17 26 18 34 19 26 16 35 17 25 18 36 19 25 13 26 23 35 24 15 9 25 16 35 17 26 18 34 19 26 25 25 25 35 26 15 8 26 16 35 17 25 18 36 19 26 13 25 23 35 24 15 9 25 27 15 28 14 29 26 30 25 31 26 32 15 33 35 34 26 31 25 32 15 33 35 34 26 27 15 28 16 29 25 30 25 10 14 35 15 18 26 36 25 27 15 28 14 29 26 30 25 37 15 38 14 21 26 39 25 31 26 32 15 33 35 34 15 10 25 40 26 40 14 41 26 31 25 32 15 33 35 34 26 37 15 38 16 21 25 39 26 27 15 28 16 29 25 30 26 10 16 35 15 18 25 36 14 42 25 43 15 11 24 36 15 16 14 44 25 45 26 36 15 46 25 47 14 29 26 30 15 46 26 47 16 29 25 30 15 16 16 44 26 45 25 36 16 42 26 43 15 11 17 36 33 10 24 11 23 11 32 12 24 7 33 7 34 8 23 9 23 16 33 17 24 18 32 19 24 16 33 17 23 18 34 19 24 16 33 17 23 18 34 19 23 13 24 23 33 24 13 9 23 16 33 17 24 18 32 19 24 25 23 25 33 26 13 8 24 16 33 17 23 18 34 19 24 13 23 23 33 24 13 9 24 13 33 14 34 15 23 9 24 13 23 23 33 24 13 9 23 27 13 28 12 29 24 30 23 31 24 32 13 33 33 34 24 31 23 32 13 33 33 34 24 27 13 28 14 29 23 30 24 27 13 28 14 29 23 30 23 10 12 35 13 18 24 36 23 27 13 28 12 29 24 30 23 37 13 38 12 21 24 39 23 31 24 32 13 33 33 34 13 10 23 40 24 40 14 41 24 31 23 32 13 33 33 34 24 37 13 38 14 21 23 39 24 31 23 32 13 33 33 34 24 37 13 38 14 21 23 39 24 27 13 28 14 29 23 30 24 10 14 35 13 18 23 36 12 42 23 43 13 11 22 36 23 10 12 35 13 18 24 36 12 42 23 43 13 11 22 36 13 16 12 44 23 45 24 36 23 37 13 38 12 21 24 39 13 46 23 47 12 29 24 30 13 10 23 40 24 40 14 41 13 46 24 47 14 29 23 30 24 37 13 38 14 21 23 39 13 16 14 44 24 45 23 36 13 16 14 44 24 45 23 36 14 42 24 43 13 11 25 36 31 10 22 11 21 11 32 12 21 16 31 17 22 18 30 19 22 16 31 17 21 18 32 19 21 13 22 23 31 24 11 9 21 16 31 17 22 18 30 19 22 25 21 25 31 26 11 8 22 16 31 17 21 18 32 19 22 13 21 23 31 24 11 9 21 27 11 28 10 29 22 30 21 46 22 77 11 40 22 46 21 77 11 40 22 27 11 28 12 29 21 30 21 10 10 35 11 18 22 36 21 27 11 28 10 29 22 30 21 37 11 38 10 21 22 39 21 46 22 77 11 40 11 10 21 40 22 40 12 41 22 46 21 77 11 40 22 37 11 38 12 21 21 39 22 27 11 28 12 29 21 30 22 10 12 35 11 18 21 36 10 42 21 43 11 11 20 36 11 16 10 44 21 45 22 36 11 46 21 47 10 29 22 30 11 46 22 47 12 29 21 30 11 16 12 44 22 45 21 36 12 42 22 43 11 11 23 36 29 10 19 11 20 11 28 12 19 16 29 17 20 18 28 19 20 16 29 17 19 18 30 19 19 13 20 23 29 24 9 9 19 16 29 17 20 18 28 19 20 25 19 25 29 26 9 8 20 16 29 17 19 18 30 19 20 13 19 23 29 24 9 9 19 27 9 28 8 29 20 30 19 46 20 77 9 40 20 46 19 77 9 40 20 27 9 28 10 29 19 30 19 10 8 35 9 18 20 36 19 27 9 28 8 29 20 30 19 37 9 38 8 21 20 39 19 46 20 77 9 40 9 10 19 40 20 40 8 41 20 46 19 77 9 40 20 37 9 38 10 21 19 39 20 27 9 28 10 29 19 30 20 10 10 35 9 18 19 36 8 42 19 43 9 11 18 36 19 10 8 35 9 18 20 36 9 16 8 44 19 45 20 36 9 16 8 44 19 45 20 36 9 46 19 47 8 29 20 30 9 46 20 47 10 29 19 30 9 16 10 44 20 45 19 36 10 42 20 43 9 11 21 36 42 0 38 1 39 1 37 2 42 3 41 4 37 5 40 6 42 3 40 4 39 5 41 6 41 7 42 7 37 8 40 9 42 10 40 11 41 11 39 12 40 7 42 7 39 8 41 9 41 13 42 14 37 15 40 9 41 16 42 17 40 18 37 19 40 16 42 17 41 18 39 19 40 13 42 14 39 15 41 9 41 20 42 21 35 21 36 22 41 13 40 23 42 24 36 9 40 25 41 25 42 26 36 8 40 13 41 23 42 24 36 9 40 20 42 21 27 21 39 22 41 13 35 14 34 15 36 9 41 27 36 28 35 29 40 30 41 31 40 32 36 33 42 34 40 31 41 32 36 33 42 34 40 27 36 28 27 29 41 30 40 13 27 14 28 15 36 9 35 7 41 7 34 8 36 9 41 10 35 35 36 18 40 36 41 37 36 38 35 21 40 39 36 10 41 40 40 40 27 41 40 37 36 38 27 21 41 39 40 10 27 35 36 18 41 36 27 7 40 7 28 8 36 9 35 3 41 4 34 5 36 6 35 42 41 43 36 11 34 36 36 16 35 44 41 45 40 36 36 46 41 47 35 29 40 30 36 46 40 47 27 29 41 30 36 16 27 44 40 45 41 36 27 42 40 43 36 11 28 36 27 3 40 4 28 5 36 6 42 0 38 1 39 1 37 2 42 3 37 4 38 5 41 6 42 3 41 4 37 5 40 6 37 7 42 7 38 8 41 9 42 10 37 11 41 11 38 12 42 10 37 11 41 11 38 12 37 13 42 14 38 15 41 9 37 16 42 17 41 18 38 19 37 16 42 17 41 18 38 19 41 16 42 17 37 18 40 19 37 20 42 21 33 21 38 22 37 13 41 23 42 24 34 9 37 13 41 23 42 24 34 9 37 25 41 25 42 26 34 8 41 13 37 23 42 24 34 9 37 13 33 14 34 15 32 9 37 27 34 28 33 29 41 30 37 27 34 28 33 29 41 30 37 31 41 32 34 33 42 34 41 31 37 32 34 33 42 34 41 27 34 28 35 29 37 30 33 7 37 7 32 8 34 9 37 10 33 35 34 18 41 36 37 10 33 35 34 18 41 36 37 37 34 38 33 21 41 39 34 10 37 40 41 40 35 41 41 37 34 38 35 21 37 39 41 10 35 35 34 18 37 36 33 53 37 54 32 9 34 55 33 50 37 51 34 18 32 52 33 50 37 51 34 18 32 52 34 16 33 44 37 45 41 36 34 48 37 24 33 6 41 49 34 48 41 24 35 6 37 49 34 16 35 44 41 45 37 36 35 42 41 43 34 11 36 36 42 0 38 1 39 1 37 2 42 3 38 4 37 5 39 6 38 7 42 7 37 8 39 9 42 10 38 11 37 11 39 12 38 13 42 14 37 15 39 9 38 16 42 17 37 18 39 19 37 16 42 17 38 18 41 19 38 20 42 21 31 21 37 22 38 13 37 23 42 24 32 9 37 25 38 25 42 26 32 8 37 13 38 23 42 24 32 9 38 13 31 14 32 15 30 9 38 27 32 28 31 29 37 30 38 31 37 32 32 33 42 34 37 31 38 32 32 33 42 34 37 27 32 28 33 29 38 30 31 7 38 7 32 8 30 9 38 10 31 35 32 18 37 36 38 37 32 38 31 21 37 39 32 10 37 40 38 40 31 41 37 37 32 38 33 21 38 39 37 10 33 35 32 18 38 36 31 3 38 4 32 5 30 6 31 42 38 43 32 11 30 36 32 16 31 44 38 45 37 36 32 61 38 6 31 49 37 62 32 61 37 6 33 49 38 62 32 16 33 44 37 45 38 36 33 42 37 43 32 11 34 36 42 0 38 1 39 1 37 2 42 3 39 4 40 5 38 6 39 7 42 7 40 8 38 9 42 10 39 11 38 11 40 12 39 13 42 14 40 15 38 9 39 16 42 17 38 18 40 19 38 16 42 17 39 18 37 19 39 20 42 21 29 21 40 22 39 13 38 23 42 24 30 9 39 25 38 25 42 26 30 8 38 13 39 23 42 24 30 9 39 13 29 14 30 15 28 9 39 27 30 28 29 29 38 30 39 31 38 32 30 33 42 34 38 31 39 32 30 33 42 34 38 27 30 28 31 29 39 30 29 7 39 7 28 8 30 9 39 10 29 35 30 18 38 36 39 37 30 38 29 21 38 39 30 10 39 40 38 40 29 41 38 37 30 38 31 21 39 39 38 10 31 35 30 18 39 36 29 3 39 4 28 5 30 6 29 42 39 43 30 11 28 36 30 72 29 18 39 73 38 66 30 74 39 1 29 15 38 69 30 74 38 1 31 15 39 69 30 16 31 44 38 45 39 36 31 42 38 43 30 11 32 36 42 0 38 1 39 1 37 2 42 10 39 11 40 11 38 12 40 16 42 17 39 18 41 19 39 16 42 17 40 18 38 19 40 13 39 23 42 24 28 9 40 25 39 25 42 26 28 8 39 13 40 23 42 24 28 9 40 27 28 28 27 29 39 30 40 31 39 32 28 33 42 34 39 31 40 32 28 33 42 34 39 27 28 28 29 29 40 30 40 10 27 35 28 18 39 36 40 37 28 38 27 21 39 39 28 10 40 40 39 40 27 41 39 37 28 38 29 21 40 39 39 10 29 35 28 18 40 36 27 42 40 43 28 11 36 36 28 16 27 44 40 45 39 36 28 46 40 47 27 29 39 30 28 46 39 47 29 29 40 30 28 16 29 44 39 45 40 36 29 42 39 43 28 11 30 36 1 78 1 78 1 78 1 78 1 78 1 78 1 78 1 78 1 78 1 78 1 78 1 78 1 78 1 78 1 78 1 78 1 78 1 78 1 78 1 78 1 78 1 78 1 78 1 78 1 78 1 78 1 78 1 78 1 78 1 78 1 78 1 78 1 78 1 78 1 78 1 78 1 78 1 78 1 78 1 78 1 78 1 78 1 78 1 78 1 78 1 78 1 78 1 78 1 78 1 78 1 78 1 78 1 78 1 78 1 78 1 78 1 78 1 78 1 78 1 78 1 78 1 78 1 78 1 78 1 78 1 78 1 78 1 78 1 78 1 78 1 78 1 78 1 78 1 78 1 78 1 78 1 78 1 78 1 78 1 78 1 78 1 78 1 78 1 78 1 78 1 78 1 78 1 78 1 78 1 78 1 78 1 78 1 78 1 78 1 78 1 78 1 78 1 78 1 78 1 78 1 78 1 78 1 78 1 78 1 78 1 78 1 78 1 78 1 78 1 78 1 78 1 78 1 78 1 78 1 78 1 78 1 78 1 78 1 78 1 78 1 78 1 78 1 78 1 78 1 78 1 78 1 78 1 78 1 78 1 78 1 78 1 78 1 78 1 78 1 78 1 78 1 78 1 78 1 78 1 78 1 78 1 78 1 78 1 78 1 78 1 78 1 78 1 78 1 78 1 78 1 78 1 78 1 78 1 78 1 78 1 78 1 78 1 78 1 78 1 78 1 78 1 78 1 78 1 78 1 78 1 78 1 78 1 78 1 78 1 78 1 78 1 78 1 78 1 78 1 78 1 78 1 78 1 78 1 78 1 78 1 78 1 78 1 78 1 78 1 78 1 78 1 78 1 78 1 78 1 78 1 78 1 78 1 78 1 78 1 78 1 78 1 78 1 78 1 78 1 78 1 78 1 78 1 78 1 78 1 78 1 78 1 78 1 78 1 78 1 78 1 78 1 78 1 78 1 78 1 78 1 78 1 78 1 78 1 78 1 78 1 78 1 78 1 78 1 78 1 78 1 78 1 78 1 78 1 78 1 78 1 78 1 78 1 78 1 78 1 78 1 78 1 78 1 78 1 78 1 78 1 78 1 78 1 78 1 78 1 78 1 78 1 78 1 78 1 78 1 78 1 78 1 78 1 78 1 78 1 78 1 78 1 78 1 78 1 78 1 78 1 78 1 78 1 78 1 78 1 78 1 78 1 78 1 78 1 78 1 78 1 78 1 78 1 78 1 78 1 78 1 78 1 78 1 78 1 78 1 78 1 78 1 78 1 78 1 78 1 78 1 78 1 78 1 78 1 78 1 78 1 78 1 78 1 78 1 78 1 78 1 78 1 78 1 78 1 78 1 78 1 78 1 78 1 78 1 78 1 78 1 78 1 78 1 78 1 78 1 78 1 78 1 78 1 78 1 78 1 78 1 78 1 78 1 78 1 78 1 78 1 78 1 78 1 78 1 78 1 78 1 78 1 78 1 78 1 78 1 78 1 78 1 78 1 78 1 78 1 78 1 78 1 78 1 78 1 78 1 78 1 78 1 78 1 78 1 78 1 78 1 78 1 78 1 78 1 78 1 78 1 78 1 78 1 78 1 78 1 78 1 78 1 78 1 78 1 78 1 78 1 78 1 78 1 78 1 78 1 78 1 78 1 78 1 78 1 78 1 78 1 78 1 78 1 78 1 78 1 78 1 78 1 78 1 78 1 78 1 78 1 78 1 78 1 78 1 78 1 78 1 78 1 78 1 78 1 78 1 78 1 78 1 78 1 78 1 78 1 78 1 78 1 78 1 78 1 78 1 78 1 78 1 78 1 78 1 78 1 78 1 78 1 78 1 78 1 78 1 78 1 78 1 78 1 78 1 78 1 78 1 78 1 78 1 78 1 78 1 78 1 78 1 78 1 78 1 78 1 78 1 78 1 78 1 78 1 78 1 78 1 78 1 78 1 78 1 78 1 78 1 78 1 78 1 78 1 78 1 78 1 78 1 78 1 78 1 78 1 78 1 78 1 78 1 78 1 78 1 78 1 78 1 78 1 78 1 78 1 78 1 78 1 78 1 78 1 78 1 78 1 78 1 78 1 78 1 78 1 78 1 78 1 78 1 78 1 78 1 78 1 78 1 78 1 78 1 78 1 78 1 78 1 78 1 78 1 78 1 78 1 78 1 78 1 78 1 78 1 78 1 78 1 78 1 78 1 78 1 78 1 78 1 78 1 78 1 78 1 78 1 78 1 78 1 78 1 78 1 78 1 78 1 78 1 78 1 78 1 78 1 78 1 78 1 78 1 78 1 78 1 78 1 78 1 78 1 78 1 78 1 78 1 78 1 78 1 78 1 78 1 78 1 78 1 78 1 78 1 78 1 78 1 78 1 78 1 78 1 78 1 78 1 78 1 78 1 78 1 78 1 78 1 78 1 78 1 78 1 78 1 78 1 78 1 78 1 78 1 78 1 78 1 78 1 78 1 78 1 78 1 78 1 78 1 78 1 78 1 78 1 78 1 78 1 78 1 78 1 78 1 78 1 78 1 78 1 78 1 78 1 78 1 78 1 78 1 78 1 78 1 78 1 78 1 78 1 78 1 78 1 78 1 78 1 78 1 78 1 78 1 78 1 78 1 78 1 78 1 78 1 78 1 78 1 78 1 78 1 78 1 78 1 78 1 78 1 78 1 78 1 78 1 78 1 78 1 78 1 78 1 78 1 78 1 78 1 78 1 78 1 78 1 78 1 78 1 78 1 78 1 78 1 78 1 78 1 78 1 78 1 78 1 78 1 78 1 78 1 78 1 78 1 78 1 78 1 78 1 78 1 78 1 78 1 78 1 78 1 78 1 78 1 78 1 78 1 78 1 78 1 78 1 78 1 78 1 78 1 78 1 78 1 78 1 78 1 78 1 78 1 78 1 78 1 78 1 78 1 78 1 78 1 78 1 78 1 78 1 78 1 78 1 78 1 78 1 78 1 78 1 78 1 78 1 78 1 78 1 78 1 78 1 78 1 78 1 78 1 78 1 78 1 78 1 78 1 78 1 78 1 78 1 78 1 78 2 78 2 78 2 78 2 78 2 78 2 78 2 78 2 78 2 78 2 78 2 78 2 78 2 78 2 78 2 78 2 78 2 78 2 78 2 78 2 78 2 78 2 78 2 78 2 78 2 78 2 78 2 78 2 78 2 78 2 78 2 78 2 78 2 78 2 78 2 78 2 78 2 78 2 78 2 78 2 78 2 78 2 78 2 78 2 78 2 78 2 78 2 78 2 78 2 78 2 78 2 78 2 78 2 78 2 78 2 78 2 78 2 78 2 78 2 78 2 78 2 78 2 78 2 78 2 78 2 78 2 78 2 78 2 78 2 78 2 78 2 78 2 78 2 78 2 78 2 78 2 78 2 78 2 78 2 78 2 78 2 78 2 78 2 78 2 78 2 78 2 78 2 78 2 78 2 78 2 78 2 78 2 78 2 78 2 78 2 78 2 78 2 78 2 78 2 78 2 78 2 78 2 78 2 78 2 78 2 78 2 78 2 78 2 78 2 78 2 78 2 78 2 78 2 78 2 78 2 78 2 78 2 78 2 78 2 78 2 78 2 78 2 78 2 78 2 78 2 78 2 78 2 78 2 78 2 78 2 78 2 78 2 78 2 78 2 78 2 78 2 78 2 78 2 78 2 78 2 78 2 78 2 78 2 78 2 78 2 78 2 78 2 78 2 78 2 78 2 78 2 78 2 78 2 78 2 78 2 78 2 78 2 78 2 78 13 78 13 78 13 78 13 78 13 78 13 78 13 78 13 78 13 78 13 78 13 78 13 78 13 78 13 78 13 78 13 78 13 78 13 78 13 78 13 78 13 78 13 78 13 78 13 78 13 78 13 78 13 78 13 78 13 78 13 78 13 78 13 78 13 78 13 78 13 78 13 78 13 78 13 78 13 78 13 78 13 78 13 78 13 78 13 78 13 78 13 78 13 78 13 78 13 78 13 78 13 78 13 78 13 78 13 78 13 78 13 78 13 78 13 78 13 78 13 78 13 78 13 78 13 78 13 78 13 78 13 78 13 78 13 78 13 78 13 78 13 78 13 78 13 78 13 78 13 78 13 78 13 78 13 78 13 78 13 78 13 78 13 78 13 78 13 78 13 78 13 78 13 78 13 78 13 78 13 78 13 78 13 78 13 78 13 78 13 78 13 78 13 78 13 78 13 78 13 78 13 78 13 78 13 78 13 78 13 78 13 78 13 78 13 78 13 78 13 78 13 78 13 78 13 78 13 78 13 78 13 78 13 78 13 78 13 78 13 78 13 78 13 78 13 78 13 78 13 78 13 78 13 78 13 78 13 78 13 78 13 78 13 78 13 78 13 78 13 78 13 78 13 78 13 78 13 78 13 78 13 78 13 78 13 78 13 78 13 78 13 78 13 78 13 78 13 78 37 78 37 78 37 78 37 78 37 78 37 78 37 78 37 78 37 78 37 78 37 78 37 78 37 78 37 78 37 78 37 78 37 78 37 78 37 78 37 78 37 78 37 78 37 78 37 78 37 78 37 78 37 78 37 78 37 78 37 78 37 78 37 78 37 78 37 78 37 78 37 78 37 78 37 78 37 78 37 78 37 78 37 78 37 78 37 78 37 78 37 78 37 78 37 78 37 78 37 78 37 78 37 78 37 78 37 78 37 78 37 78 37 78 37 78 37 78 37 78 37 78 37 78 37 78 37 78 37 78 37 78 37 78 37 78 37 78 37 78 37 78 37 78 37 78 37 78 37 78 37 78 37 78 37 78 37 78 40 78 40 78 40 78 40 78 40 78 40 78 40 78 40 78 40 78 40 78 40 78 40 78 40 78 40 78 40 78 40 78 40 78 40 78 40 78 40 78 40 78 40 78 40 78 40 78 40 78 40 78 40 78 40 78 40 78 40 78 40 78 40 78 40 78 40 78 40 78 40 78 40 78 40 78 40 78 40 78 40 78 40 78 40 78 40 78 40 78 40 78 40 78 40 78 40 78 40 78 40 78 40 78 40 78 40 78 40 78 40 78 40 78 40 78 40 78 40 78 40 78 40 78 40 78 40 78 40 78 40 78 40 78 40 78 40 78 40 78 40 78 40 78 40 78 40 78 40 78 40 78 40 78 40 78 40 78 40 78 40 78 40 78 40 78 40 78 40 78 40 78 40 78 40 78 40 78 40 78 40 78 40 78 40 78 40 78 40 78 40 78 40 78 40 78 40 78 40 78</v></vertex_weights>
  </skin></controller>
 </library_controllers>
 <library_visual_scenes><visual_scene id="scene" name="scene">
  <node id="armature" name="armature" type="NODE">
      <node id="BoneRoot" sid="BoneRoot" name="BoneRoot" type="JOINT">
        <matrix sid="transform">1.000000 0.000000 0.000000 0.000000 0.000000 1.000000 0.000000 0.000000 0.000000 0.000000 1.000000 0.000000 0.000000 0.000000 0.000000 1.000000</matrix>
        <node id="Bone01" sid="Bone01" name="Bone01" type="JOINT">
          <matrix sid="transform">0.000000 -1.000000 0.000000 -0.000000 -1.000000 0.000000 0.000000 0.800000 -0.000000 -0.000000 -1.000000 -0.000000 0.000000 0.000000 0.000000 1.000000</matrix>
        </node>
        <node id="Bone02" sid="Bone02" name="Bone02" type="JOINT">
          <matrix sid="transform">-0.525731 -0.850651 0.000000 0.420585 -0.850651 0.525731 -0.000000 0.680521 -0.000000 -0.000000 -1.000000 0.000000 0.000000 0.000000 0.000000 1.000000</matrix>
        </node>
        <node id="Bone03" sid="Bone03" name="Bone03" type="JOINT">
          <matrix sid="transform">-0.162460 -0.986715 0.000000 0.129968 -0.850651 0.140057 0.506732 0.680521 -0.500000 0.082324 -0.862104 0.400000 0.000000 0.000000 0.000000 1.000000</matrix>
        </node>
        <node id="Bone04" sid="Bone04" name="Bone04" type="JOINT">
          <matrix sid="transform">0.425325 -0.905041 -0.000000 -0.340260 -0.850651 -0.399765 0.341440 0.680521 -0.309017 -0.145223 -0.939904 0.247214 0.000000 0.000000 0.000000 1.000000</matrix>
        </node>
        <node id="Bone05" sid="Bone05" name="Bone05" type="JOINT">
          <matrix sid="transform">0.425325 -0.905040 -0.000000 -0.340260 -0.850651 -0.399765 -0.341440 0.680521 0.309017 0.145223 -0.939904 -0.247214 0.000000 0.000000 0.000000 1.000000</matrix>
        </node>
        <node id="Bone06" sid="Bone06" name="Bone06" type="JOINT">
          <matrix sid="transform">-0.162460 -0.986715 0.000000 0.129968 -0.850651 0.140057 -0.506732 0.680521 0.500000 -0.082324 -0.862104 -0.400000 0.000000 0.000000 0.000000 1.000000</matrix>
        </node>
        <node id="Bone07" sid="Bone07" name="Bone07" type="JOINT">
          <matrix sid="transform">-0.688191 -0.725530 -0.000000 0.550553 -0.525731 0.498675 -0.689152 0.420585 0.500000 -0.474268 -0.724617 -0.400000 0.000000 0.000000 0.000000 1.000000</matrix>
        </node>
        <node id="Bone08" sid="Bone08" name="Bone08" type="JOINT">
          <matrix sid="transform">-0.894427 -0.447214 0.000000 0.715542 -0.447214 0.894427 -0.000000 0.357771 -0.000000 -0.000000 -1.000000 0.000000 0.000000 0.000000 0.000000 1.000000</matrix>
        </node>
        <node id="Bone09" sid="Bone09" name="Bone09" type="JOINT">
          <matrix sid="transform">-0.688191 -0.725530 0.000000 0.550553 -0.525731 0.498675 0.689152 0.420585 -0.500000 0.474268 -0.724617 0.400000 0.000000 0.000000 0.000000 1.000000</matrix>
        </node>
        <node id="Bone10" sid="Bone10" name="Bone10" type="JOINT">
          <matrix sid="transform">-0.276393 -0.961045 -0.000000 0.221115 -0.447213 0.128617 0.885132 0.357771 -0.850651 0.244644 -0.465341 0.680521 0.000000 0.000000 0.000000 1.000000</matrix>
        </node>
        <node id="Bone11" sid="Bone11" name="Bone11" type="JOINT">
          <matrix sid="transform">0.262866 -0.964832 0.000000 -0.210292 -0.525731 -0.143234 0.838505 0.420585 -0.809017 -0.220414 -0.544894 0.647214 0.000000 0.000000 0.000000 1.000000</matrix>
        </node>
        <node id="Bone12" sid="Bone12" name="Bone12" type="JOINT">
          <matrix sid="transform">0.723607 -0.690212 -0.000000 -0.578885 -0.447214 -0.468851 0.761694 0.357771 -0.525731 -0.551167 -0.647936 0.420585 0.000000 0.000000 0.000000 1.000000</matrix>
        </node>
        <node id="Bone13" sid="Bone13" name="Bone13" type="JOINT">
          <matrix sid="transform">0.850651 -0.525731 -0.000000 -0.680521 -0.525731 -0.850651 0.000000 0.420585 -0.000000 -0.000000 -1.000000 0.000000 0.000000 0.000000 0.000000 1.000000</matrix>
        </node>
        <node id="Bone14" sid="Bone14" name="Bone14" type="JOINT">
          <matrix sid="transform">0.723607 -0.690212 -0.000000 -0.578885 -0.447214 -0.468851 -0.761695 0.357771 0.525731 0.551168 -0.647936 -0.420585 0.000000 0.000000 0.000000 1.000000</matrix>
        </node>
        <node id="Bone15" sid="Bone15" name="Bone15" type="JOINT">
          <matrix sid="transform">0.262865 -0.964832 0.000000 -0.210292 -0.525731 -0.143234 -0.838505 0.420585 0.809017 0.220414 -0.544894 -0.647214 0.000000 0.000000 0.000000 1.000000</matrix>
        </node>
        <node id="Bone16" sid="Bone16" name="Bone16" type="JOINT">
          <matrix sid="transform">-0.276393 -0.961045 -0.000000 0.221115 -0.447214 0.128617 -0.885131 0.357771 0.850651 -0.244644 -0.465341 -0.680521 0.000000 0.000000 0.000000 1.000000</matrix>
        </node>
        <node id="Bone17" sid="Bone17" name="Bone17" type="JOINT">
          <matrix sid="transform">-0.587785 -0.809017 0.000000 0.470228 -0.000000 -0.000000 -1.000000 0.000000 0.809017 -0.587785 0.000000 -0.647214 0.000000 0.000000 0.000000 1.000000</matrix>
        </node>
        <node id="Bone18" sid="Bone18" name="Bone18" type="JOINT">
          <matrix sid="transform">-0.951057 -0.309017 -0.000000 0.760845 -0.000000 0.000000 -1.000000 0.000000 0.309017 -0.951057 -0.000000 -0.247214 0.000000 0.000000 0.000000 1.000000</matrix>
        </node>
        <node id="Bone19" sid="Bone19" name="Bone19" type="JOINT">
          <matrix sid="transform">-0.951057 -0.309017 -0.000000 0.760845 -0.000000 -0.000000 1.000000 0.000000 -0.309017 0.951057 0.000000 0.247213 0.000000 0.000000 0.000000 1.000000</matrix>
        </node>
        <node id="Bone20" sid="Bone20" name="Bone20" type="JOINT">
          <matrix sid="transform">-0.587785 -0.809017 -0.000000 0.470228 0.000000 -0.000000 1.000000 0.000000 -0.809017 0.587785 0.000000 0.647214 0.000000 0.000000 0.000000 1.000000</matrix>
        </node>
        <node id="Bone21" sid="Bone21" name="Bone21" type="JOINT">
          <matrix sid="transform">-0.000000 -1.000000 -0.000000 0.000000 0.000000 -0.000000 1.000000 0.000000 -1.000000 0.000000 0.000000 0.800000 0.000000 0.000000 0.000000 1.000000</matrix>
        </node>
        <node id="Bone22" sid="Bone22" name="Bone22" type="JOINT">
          <matrix sid="transform">0.587785 -0.809017 -0.000000 -0.470228 -0.000000 -0.000000 1.000000 0.000000 -0.809017 -0.587785 -0.000000 0.647214 0.000000 0.000000 0.000000 1.000000</matrix>
        </node>
        <node id="Bone23" sid="Bone23" name="Bone23" type="JOINT">
          <matrix sid="transform">0.951056 -0.309017 0.000000 -0.760845 -0.000000 0.000000 1.000000 0.000000 -0.309017 -0.951056 0.000000 0.247214 0.000000 0.000000 0.000000 1.000000</matrix>
        </node>
        <node id="Bone24" sid="Bone24" name="Bone24" type="JOINT">
          <matrix sid="transform">0.951057 -0.309017 -0.000000 -0.760845 -0.000000 -0.000000 -1.000000 0.000000 0.309017 0.951057 -0.000000 -0.247214 0.000000 0.000000 0.000000 1.000000</matrix>
        </node>
        <node id="Bone25" sid="Bone25" name="Bone25" type="JOINT">
          <matrix sid="transform">0.587785 -0.809017 0.000000 -0.470228 0.000000 0.000000 -1.000000 0.000000 0.809017 0.587785 0.000000 -0.647213 0.000000 0.000000 0.000000 1.000000</matrix>
        </node>
        <node id="Bone26" sid="Bone26" name="Bone26" type="JOINT">
          <matrix sid="transform">-0.000000 -1.000000 0.000000 0.000000 0.000000 -0.000000 -1.000000 0.000000 1.000000 -0.000000 0.000000 -0.800000 0.000000 0.000000 0.000000 1.000000</matrix>
        </node>
        <node id="Bone27" sid="Bone27" name="Bone27" type="JOINT">
          <matrix sid="transform">-0.723607 -0.690212 0.000000 0.578885 0.447213 -0.468851 -0.761695 -0.357771 0.525731 -0.551168 0.647936 -0.420585 0.000000 0.000000 0.000000 1.000000</matrix>
        </node>
        <node id="Bone28" sid="Bone28" name="Bone28" type="JOINT">
          <matrix sid="transform">-0.850651 -0.525730 -0.000000 0.680521 0.525730 -0.850651 -0.000000 -0.420585 0.000000 -0.000000 1.000000 -0.000000 0.000000 0.000000 0.000000 1.000000</matrix>
        </node>
        <node id="Bone29" sid="Bone29" name="Bone29" type="JOINT">
          <matrix sid="transform">-0.723607 -0.690212 -0.000000 0.578886 0.447213 -0.468851 0.761695 -0.357771 -0.525731 0.551167 0.647936 0.420585 0.000000 0.000000 0.000000 1.000000</matrix>
        </node>
        <node id="Bone30" sid="Bone30" name="Bone30" type="JOINT">
          <matrix sid="transform">-0.262866 -0.964832 -0.000000 0.210293 0.525731 -0.143234 0.838505 -0.420585 -0.809017 0.220414 0.544894 0.647214 0.000000 0.000000 0.000000 1.000000</matrix>
        </node>
        <node id="Bone31" sid="Bone31" name="Bone31" type="JOINT">
          <matrix sid="transform">0.276393 -0.961045 -0.000000 -0.221115 0.447213 0.128617 0.885132 -0.357771 -0.850651 -0.244645 0.465341 0.680521 0.000000 0.000000 0.000000 1.000000</matrix>
        </node>
        <node id="Bone32" sid="Bone32" name="Bone32" type="JOINT">
          <matrix sid="transform">0.688191 -0.725530 0.000000 -0.550553 0.525731 0.498675 0.689152 -0.420585 -0.500000 -0.474268 0.724617 0.400000 0.000000 0.000000 0.000000 1.000000</matrix>
        </node>
        <node id="Bone33" sid="Bone33" name="Bone33" type="JOINT">
          <matrix sid="transform">0.894427 -0.447213 0.000000 -0.715542 0.447213 0.894427 0.000000 -0.357771 -0.000000 0.000000 1.000000 0.000000 0.000000 0.000000 0.000000 1.000000</matrix>
        </node>
        <node id="Bone34" sid="Bone34" name="Bone34" type="JOINT">
          <matrix sid="transform">0.688191 -0.725529 0.000000 -0.550553 0.525731 0.498675 -0.689152 -0.420585 0.500000 0.474268 0.724617 -0.400000 0.000000 0.000000 0.000000 1.000000</matrix>
        </node>
        <node id="Bone35" sid="Bone35" name="Bone35" type="JOINT">
          <matrix sid="transform">0.276393 -0.961045 -0.000000 -0.221115 0.447213 0.128617 -0.885132 -0.357771 0.850651 0.244644 0.465341 -0.680521 0.000000 0.000000 0.000000 1.000000</matrix>
        </node>
        <node id="Bone36" sid="Bone36" name="Bone36" type="JOINT">
          <matrix sid="transform">-0.262865 -0.964833 0.000000 0.210292 0.525731 -0.143234 -0.838505 -0.420585 0.809017 -0.220414 0.544894 -0.647213 0.000000 0.000000 0.000000 1.000000</matrix>
        </node>
        <node id="Bone37" sid="Bone37" name="Bone37" type="JOINT">
          <matrix sid="transform">0.525731 -0.850651 0.000000 -0.420585 0.850651 0.525731 -0.000000 -0.680521 -0.000000 0.000000 1.000000 0.000000 0.000000 0.000000 0.000000 1.000000</matrix>
        </node>
        <node id="Bone38" sid="Bone38" name="Bone38" type="JOINT">
          <matrix sid="transform">0.162460 -0.986715 -0.000000 -0.129968 0.850651 0.140057 0.506732 -0.680521 -0.500000 -0.082324 0.862104 0.400000 0.000000 0.000000 0.000000 1.000000</matrix>
        </node>
        <node id="Bone39" sid="Bone39" name="Bone39" type="JOINT">
          <matrix sid="transform">-0.425326 -0.905040 -0.000000 0.340260 0.850651 -0.399765 0.341440 -0.680521 -0.309017 0.145223 0.939904 0.247213 0.000000 0.000000 0.000000 1.000000</matrix>
        </node>
        <node id="Bone40" sid="Bone40" name="Bone40" type="JOINT">
          <matrix sid="transform">-0.425326 -0.905040 0.000000 0.340260 0.850650 -0.399765 -0.341441 -0.680521 0.309018 -0.145223 0.939903 -0.247214 0.000000 0.000000 0.000000 1.000000</matrix>
        </node>
        <node id="Bone41" sid="Bone41" name="Bone41" type="JOINT">
          <matrix sid="transform">0.162460 -0.986715 -0.000000 -0.129968 0.850651 0.140057 -0.506732 -0.680520 0.500000 0.082323 0.862104 -0.400000 0.000000 0.000000 0.000000 1.000000</matrix>
        </node>
        <node id="Bone42" sid="Bone42" name="Bone42" type="JOINT">
          <matrix sid="transform">0.000000 -1.000000 0.000000 0.000000 1.000000 0.000000 0.000000 -0.800000 0.000000 0.000000 1.000000 0.000000 0.000000 0.000000 0.000000 1.000000</matrix>
        </node>
      </node>
  </node>
  <node id="homerball_node" name="homerball" type="NODE">
   <instance_controller url="#ctrl"><skeleton>#BoneRoot</skeleton>
    <bind_material><technique_common>
     <instance_material symbol="sym0" target="#mat0">
      <bind_vertex_input semantic="UVSET0" input_semantic="TEXCOORD" input_set="0"/>
     </instance_material>
     <instance_material symbol="sym1" target="#mat1">
      <bind_vertex_input semantic="UVSET0" input_semantic="TEXCOORD" input_set="0"/>
     </instance_material>
     <instance_material symbol="sym2" target="#mat2">
      <bind_vertex_input semantic="UVSET0" input_semantic="TEXCOORD" input_set="0"/>
     </instance_material>
     <instance_material symbol="sym3" target="#mat3">
      <bind_vertex_input semantic="UVSET0" input_semantic="TEXCOORD" input_set="0"/>
     </instance_material>
     <instance_material symbol="sym4" target="#mat4">
      <bind_vertex_input semantic="UVSET0" input_semantic="TEXCOORD" input_set="0"/>
     </instance_material>
     <instance_material symbol="sym5" target="#mat5">
      <bind_vertex_input semantic="UVSET0" input_semantic="TEXCOORD" input_set="0"/>
     </instance_material>
    </technique_common></bind_material>
   </instance_controller>
  </node>
 </visual_scene></library_visual_scenes>
 <scene><instance_visual_scene url="#scene"/></scene>
</COLLADA>
